Workbook
Name temp: Sheet1!$A$2:$C$521
Name temp: Sheet3!$A$2:$D$1166

Sheet Sheet1
A1: Bank | B1: Asof | C1: 1Point Rate
A2: Bank of America | B2: 42249 | C2: 4.2981541
A3: Bank of America | B3: 42248 | C3: 4.2484109 | H3: Average of 1Point Rate | I3: Column Labels
A4: Bank of America | B4: 42247 | C4: 4.207333 | H4: Row Labels | I4: Bank of America | J4: Chase | K4: Quicken | L4: Wells Fargo | M4: Grand Total
A5: Bank of America | B5: 42244 | C5: 4.2132075 | H5: 42066 | I5: 4.2554973 | J5: 4.1543681 | K5: 4.2722197 | L5: 4.161804 | M5: 4.2109723
A6: Bank of America | B6: 42243 | C6: 4.2659845 | H6: 42067 | I6: 4.2780642 | J6: 4.1248698 | K6: 4.2722153 | L6: 4.161804 | M6: 4.2092383
A7: Bank of America | B7: 42242 | C7: 4.3605911 | H7: 42068 | I7: 4.27514 | J7: 4.0301219 | K7: 4.2722153 | L7: 4.161804 | M7: 4.1848203
A8: Bank of America | B8: 42241 | C8: 4.2935256 | H8: 42069 | I8: 4.36641 | J8: 4.0301219 | K8: 4.356766 | L8: 4.3642404 | M8: 4.2793845
A9: Bank of America | B9: 42240 | C9: 4.2341459 | H9: 42072 | I9: 4.3139659 | J9: 3.9987193 | K9: 4.3975094 | L9: 4.3002726 | M9: 4.2526168
A10: Bank of America | B10: 42237 | C10: 4.2964472 | H10: 42073 | I10: 4.280988 | J10: 3.9689483 | K10: 4.3364393 | L10: 4.193054 | M10: 4.1948574
A11: Bank of America | B11: 42236 | C11: 4.3402089 | H11: 42074 | I11: 4.26929 | J11: 3.9689483 | K11: 4.3043588 | L11: 4.193054 | M11: 4.1839128
A12: Bank of America | B12: 42235 | C12: 4.3739421 | H12: 42075 | I12: 4.1871698 | J12: 3.8725334 | K12: 4.2722197 | L12: 4.300192 | M12: 4.1580287
A13: Bank of America | B13: 42234 | C13: 4.3623052 | H13: 42076 | I13: 4.2517274 | J13: 3.9353424 | K13: 4.3043588 | L13: 4.193054 | M13: 4.1711207
A14: Bank of America | B14: 42233 | C14: 4.318593 | H14: 42079 | I14: 4.1695191 | J14: 3.9361388 | K14: 4.2722153 | L14: 4.161804 | M14: 4.1349193
A15: Bank of America | B15: 42230 | C15: 4.4320032 | H15: 42080 | I15: 4.1400592 | J15: 3.9353424 | K15: 4.2722197 | L15: 4.130554 | M15: 4.1195438
A16: Bank of America | B16: 42229 | C16: 4.3623052 | H16: 42081 | I16: 4.1164532 | J16: 3.8425412 | K16: 4.1164931 | L16: 4.1748311 | M16: 4.0625797
... A134: Chase | B134: 42247 | C134: 3.9659683 | H134: 42249 | I134: 4.2981541 | J134: 3.9987193 | K134: 4.4929921 | L134: 4.2875745 | M134: 4.26936
A135: Chase | B135: 42244 | C135: 3.9659683 | H135: Grand Total | I135: 4.3384561 | J135: 4.0016693 | K135: 4.3746821 | L135: 4.3268288 | M135: 4.2604091
A136: Chase | B136: 42243 | C136: 4.0284372
A137: Chase | B137: 42242 | C137: 3.9987193
A138: Chase | B138: 42241 | C138: 3.9659683
A139: Chase | B139: 42240 | C139: 3.812495
A140: Chase | B140: 42237 | C140: 3.9353424
A141: Chase | B141: 42236 | C141: 3.9361388
A142: Chase | B142: 42235 | C142: 3.9361388
A143: Chase | B143: 42234 | C143: 4.0610656
A144: Chase | B144: 42233 | C144: 4.0284372
A145: Chase | B145: 42230 | C145: 4.0284372
A146: Chase | B146: 42229 | C146: 3.9987193
A147: Chase | B147: 42228 | C147: 3.9361388
... A521: Wells Fargo | B521: 42066 | C521: 4.161804

Sheet Sheet2
B1: Rate | G1: One Month Change
A2: Row Labels | B2: Bank of America | C2: Chase | D2: Quicken | E2: Wells Fargo | F2: Grand Total | G2: Bank of America | H2: Chase | I2: Quicken | J2: Wells Fargo | K2: Grand Total | L2: PMMS + 0.5 | M2: PMMS
A3: 42249 | B3: 4.2981541 | C3: 3.9987193 | D3: 4.4929921 | E3: 4.2875745 | F3: 4.26936 | G3: =B3-B25 -> -0.087416718 | H3: =C3-C25 -> 0.029770991 | I3: =D3-D25 -> 0.037565744 | J3: =E3-E25 -> 0 | K3: =F3-F25 -> -0.0050199958
A4: 42248 | B4: 4.2484109 | C4: 3.9659683 | D4: 4.4641031 | E4: 4.4251782 | F4: 4.2759151 | G4: =B4-B26 -> -0.12553121 | H4: =C4-C26 -> -0.0029800255 | I4: =D4-D26 -> -0.034660667 | J4: =E4-E26 -> 0.10635378 | K4: =F4-F26 -> -0.014204532
A5: 42247 | B5: 4.207333 | C5: 3.9659683 | D5: 4.4987637 | E5: 4.4251782 | F5: 4.2743108 | G5: =B5-B27 -> -0.28252576 | H5: =C5-C27 -> -0.12766171 | I5: =D5-D27 -> -0.063130887 | J5: =E5-E27 -> -0.064269673 | K5: =F5-F27 -> -0.13439701
A6: 42244 | B6: 4.2132075 | C6: 3.9659683 | D6: 4.4525666 | E6: 4.3642404 | F6: 4.2489957 | G6: =B6-B28 -> -0.24774908 | H6: =C6-C28 -> -0.12766171 | I6: =D6-D28 -> -0.080557936 | J6: =E6-E28 -> -0.12520754 | K6: =F6-F28 -> -0.14529407
A7: 42243 | B7: 4.2659845 | C7: 4.0284372 | D7: 4.5074173 | E7: 4.3188245 | F7: 4.2801659 | G7: =B7-B29 -> -0.18339691 | H7: =C7-C29 -> -0.065192836 | I7: =D7-D29 -> -0.02858646 | J7: =E7-E29 -> -0.1098487 | K7: =F7-F29 -> -0.096756227
A8: 42242 | B8: 4.3605911 | C8: 3.9987193 | D8: 4.4814426 | E8: 4.2875745 | F8: 4.2820819 | G8: =B8-B30 -> -0.080103441 | H8: =C8-C30 -> -0.062346281 | I8: =D8-D30 -> -0.057665253 | J8: =E8-E30 -> -0.1410987 | K8: =F8-F30 -> -0.085303419 | L8: =VLOOKUP(A8,Sheet3!A:D,4,0)+0.5 -> 4.24 | M8: =L8-L30 -> -0.14
A9: 42241 | B9: 4.2935256 | C9: 3.9659683 | D9: 4.4525331 | E9: 4.4251782 | F9: 4.2843013 | G9: =B9-B31 -> -0.12688188 | H9: =C9-C31 -> -0.12766171 | I9: =D9-D31 -> -0.086349542 | J9: =E9-E31 -> -0.0034949264 | K9: =F9-F31 -> -0.086097015 | L9: =VLOOKUP(A9,Sheet3!A:D,4,0)+0.5 -> 4.24 | M9: =L9-L31 -> -0.14
A10: 42240 | B10: 4.2341459 | C10: 3.812495 | D10: 4.3364393 | E10: 4.161804 | F10: 4.1362211 | G10: =B10-B32 -> -0.21813004 | H10: =C10-C32 -> -0.3106836 | I10: =D10-D32 -> -0.30574076 | J10: =E10-E32 -> -0.39131073 | K10: =F10-F32 -> -0.30646628 | L10: =VLOOKUP(A10,Sheet3!A:D,4,0)+0.5 -> 4.24 | M10: =L10-L32 -> -0.14
A11: 42237 | B11: 4.2964472 | C11: 3.9353424 | D11: 4.4380959 | E11: 4.3642404 | F11: 4.2585315 | G11: =B11-B33 -> -0.18474631 | H11: =C11-C33 -> -0.1878362 | I11: =D11-D33 -> -0.17545653 | J11: =E11-E33 -> -0.12520754 | K11: =F11-F33 -> -0.16831164 | L11: =VLOOKUP(A11,Sheet3!A:D,4,0)+0.5 -> 4.24 | M11: =L11-L33 -> -0.2
A12: 42236 | B12: 4.3402089 | C12: 3.9361388 | D12: 4.4728038 | E12: 4.3642404 | F12: 4.278348 | G12: =B12-B34 -> -0.12942368 | H12: =C12-C34 -> -0.1562223 | I12: =D12-D34 -> -0.15793793 | J12: =E12-E34 -> -0.18887433 | K12: =F12-F34 -> -0.15811456 | L12: =VLOOKUP(A12,Sheet3!A:D,4,0)+0.5 -> 4.24 | M12: =L12-L34 -> -0.2
A13: 42235 | B13: 4.3739421 | C13: 3.9361388 | D13: 4.4987637 | E13: 4.2875745 | F13: 4.2741048 | G13: =B13-B35 -> -0.072231749 | H13: =C13-C35 -> -0.1562223 | I13: =D13-D35 -> -0.10332555 | J13: =E13-E35 -> -0.20310063 | K13: =F13-F35 -> -0.13372006 | L13: =VLOOKUP(A13,Sheet3!A:D,4,0)+0.5 -> 4.33 | M13: =L13-L35 -> -0.11
A14: 42234 | B14: 4.3623052 | C14: 4.0610656 | D14: 4.5649905 | E14: 4.3648854 | F14: 4.3383117 | G14: =B14-B36 -> -0.083868698 | H14: =C14-C36 -> -0.0016867465 | I14: =D14-D36 -> 0.040516701 | J14: =E14-E36 -> -0.12578971 | K14: =F14-F36 -> -0.042707114 | L14: =VLOOKUP(A14,Sheet3!A:D,4,0)+0.5 -> 4.33 | M14: =L14-L36 -> -0.11
A15: 42233 | B15: 4.318593 | C15: 4.0284372 | D15: 4.5362295 | E15: 4.2875745 | F15: 4.2927085 | G15: =B15-B37 -> -0.15940627 | H15: =C15-C37 -> -0.096432622 | I15: =D15-D37 -> -0.02278588 | J15: =E15-E37 -> -0.26665121 | K15: =F15-F37 -> -0.136319 | L15: =VLOOKUP(A15,Sheet3!A:D,4,0)+0.5 -> 4.33 | M15: =L15-L37 -> -0.11
A16: 42230 | B16: 4.4320032 | C16: 4.0284372 | D16: 4.4583191 | E16: 4.3188245 | F16: 4.309396 | G16: =B16-B38 -> -0.11521895 | H16: =C16-C38 -> -0.12593089 | I16: =D16-D38 -> -0.15523335 | J16: =E16-E38 -> -0.17185063 | K16: =F16-F38 -> -0.14205846 | L16: =VLOOKUP(A16,Sheet3!A:D,4,0)+0.5 -> 4.33 | M16: =L16-L38 -> -0.16
A17: 42229 | B17: 4.3623052 | C17: 3.9987193 | D17: 4.3974631 | E17: 4.2875745 | F17: 4.2615155 | G17: =B17-B39 -> -0.18491696 | H17: =C17-C39 -> -0.18803632 | I17: =D17-D39 -> -0.16730206 | J17: =E17-E39 -> -0.26665121 | K17: =F17-F39 -> -0.20172664 | L17: =VLOOKUP(A17,Sheet3!A:D,4,0)+0.5 -> 4.33 | M17: =L17-L39 -> -0.16
A18: 42228 | B18: 4.4070839 | C18: 3.9361388 | D18: 4.4120162 | E18: 4.3642404 | F18: 4.2798698 | G18: =B18-B40 -> -0.23543476 | H18: =C18-C40 -> -0.25024821 | I18: =D18-D40 -> -0.21128727 | J18: =E18-E40 -> -0.14375696 | K18: =F18-F40 -> -0.2101818 | L18: =VLOOKUP(A18,Sheet3!A:D,4,0)+0.5 -> 4.34 | M18: =L18-L40 -> -0.15
A19: 42227 | B19: 4.3652152 | C19: 3.9689483 | D19: 4.4032687 | E19: 4.2875745 | F19: 4.2562517 | G19: =B19-B41 -> -0.23086263 | H19: =C19-C41 -> -0.21780731 | I19: =D19-D41 -> -0.23605893 | J19: =E19-E41 -> -0.32721094 | K19: =F19-F41 -> -0.25298495 | L19: =VLOOKUP(A19,Sheet3!A:D,4,0)+0.5 -> 4.34 | M19: =L19-L41 -> -0.15
... A110: 42096 | B110: 4.1930492 | C110: 3.779485 | D110: 4.0543796 | E110: 4.1720767 | F110: 4.0497476 | G110: =B110-B132 -> -0.062448106 | H110: =C110-C132 -> -0.37488312 | I110: =D110-D132 -> -0.21784004 | J110: =E110-E132 -> 0.010272757 | K110: =F110-F132 -> -0.16122463 | L110: =VLOOKUP(A110,Sheet3!A:D,4,0)+0.5 -> 4.06 | M110: =L110-L132 -> -0.09
A111: 42095 | B111: 4.1871698 | C111: 3.7493301 | D111: 4.0543796 | E111: 4.1720767 | F111: 4.0407391 | L111: =VLOOKUP(A111,Sheet3!A:D,4,0)+0.5 -> 4.1
A112: 42094 | B112: 4.2106746 | C112: 3.8125927 | D112: 4.1489355 | E112: 4.1135643 | F112: 4.0714418 | L112: =VLOOKUP(A112,Sheet3!A:D,4,0)+0.5 -> 4.1
A113: 42093 | B113: 4.0987266 | C113: 3.8425412 | D113: 4.1783731 | E113: 4.1748311 | F113: 4.073618 | L113: =VLOOKUP(A113,Sheet3!A:D,4,0)+0.5 -> 4.1
A114: 42090 | B114: 4.1223579 | C114: 3.8725334 | D114: 4.1783731 | E114: 4.2360443 | F114: 4.1023272 | L114: =VLOOKUP(A114,Sheet3!A:D,4,0)+0.5 -> 4.1
A115: 42089 | B115: 4.1489027 | C115: 3.9054629 | D115: 4.2429504 | E115: 4.2360443 | F115: 4.1333401 | L115: =VLOOKUP(A115,Sheet3!A:D,4,0)+0.5 -> 4.1
A116: 42088 | B116: 3.9920316 | C116: 3.8125927 | D116: 4.1164931 | E116: 4.1135643 | F116: 4.0086704 | L116: =VLOOKUP(A116,Sheet3!A:D,4,0)+0.5 -> 4.09
A117: 42087 | B117: 3.9771522 | C117: 3.812495 | D117: 4.0839867 | E117: 4.0672857 | F117: 3.9852299 | L117: =VLOOKUP(A117,Sheet3!A:D,4,0)+0.5 -> 4.09
A118: 42086 | B118: 4.0009529 | C118: 3.8425412 | D118: 4.1164931 | E118: 4.1135643 | F118: 4.0183879 | L118: =VLOOKUP(A118,Sheet3!A:D,4,0)+0.5 -> 4.09
A119: 42083 | B119: 4.0425219 | C119: 3.8425412 | D119: 4.1489355 | E119: 4.1748311 | F119: 4.0522074 | L119: =VLOOKUP(A119,Sheet3!A:D,4,0)+0.5 -> 4.09
A120: 42082 | B120: 4.0662288 | C120: 3.8125927 | D120: 4.1164931 | E120: 4.1135643 | F120: 4.0272197 | L120: =VLOOKUP(A120,Sheet3!A:D,4,0)+0.5 -> 4.09
A121: 42081 | B121: 4.1164532 | C121: 3.8425412 | D121: 4.1164931 | E121: 4.1748311 | F121: 4.0625797 | L121: =VLOOKUP(A121,Sheet3!A:D,4,0)+0.5 -> 4.18
A122: 42080 | B122: 4.1400592 | C122: 3.9353424 | D122: 4.2722197 | E122: 4.130554 | F122: 4.1195438 | L122: =VLOOKUP(A122,Sheet3!A:D,4,0)+0.5 -> 4.18
... A132: 42066 | B132: 4.2554973 | C132: 4.1543681 | D132: 4.2722197 | E132: 4.161804 | F132: 4.2109723 | L132: =VLOOKUP(A132,Sheet3!A:D,4,0)+0.5 -> 4.15

Sheet Sheet3
A2: 42242 | B2: 3.84 | C2: 0.6 | D2: 3.74
A3: 42241 | B3: 3.84 | C3: 0.6 | D3: 3.74
A4: 42240 | B4: 3.84 | C4: 0.6 | D4: 3.74
A5: 42237 | B5: 3.84 | C5: 0.6 | D5: 3.74
A6: 42236 | B6: 3.84 | C6: 0.6 | D6: 3.74
A7: 42235 | B7: 3.93 | C7: 0.6 | D7: 3.83
A8: 42234 | B8: 3.93 | C8: 0.6 | D8: 3.83
A9: 42233 | B9: 3.93 | C9: 0.6 | D9: 3.83
A10: 42230 | B10: 3.93 | C10: 0.6 | D10: 3.83
A11: 42229 | B11: 3.93 | C11: 0.6 | D11: 3.83
A12: 42228 | B12: 3.94 | C12: 0.6 | D12: 3.84
A13: 42227 | B13: 3.94 | C13: 0.6 | D13: 3.84
... A1166: 40546 | B1166: 4.77 | C1166: 0.8 | D1166: 4.72
