Workbook

Sheet STD
B1: Value | E1: STD
A2: asofdate | B2: OLTV | C2: DTI | D2: FICO | E2: OLTV | F2: DTI | G2: FICO
A3: 2015-08-01 | B3: =VLOOKUP($A3,Raw!A:B,2,0) -> 82.657512 | C3: =VLOOKUP($A3,Raw!E:F,2,0) -> 34.378241 | D3: =VLOOKUP($A3,Raw!I:J,2,0) -> 752.14631 | E3: =STDEVA(B3:B26) -> 0.40052943 | F3: =STDEVA(C3:C26) -> 0.25668262 | G3: =STDEVA(D3:D26) -> 1.8453976
A4: 2015-07-01 | B4: =VLOOKUP($A4,Raw!A:B,2,0) -> 82.98644 | C4: =VLOOKUP($A4,Raw!E:F,2,0) -> 34.199039 | D4: =VLOOKUP($A4,Raw!I:J,2,0) -> 752.41784
A5: 2015-06-01 | B5: =VLOOKUP($A5,Raw!A:B,2,0) -> 82.978351 | C5: =VLOOKUP($A5,Raw!E:F,2,0) -> 34.483952 | D5: =VLOOKUP($A5,Raw!I:J,2,0) -> 751.74102
A6: 2015-05-01 | B6: =VLOOKUP($A6,Raw!A:B,2,0) -> 82.914293 | C6: =VLOOKUP($A6,Raw!E:F,2,0) -> 34.609149 | D6: =VLOOKUP($A6,Raw!I:J,2,0) -> 751.41697
A7: 2015-04-01 | B7: =VLOOKUP($A7,Raw!A:B,2,0) -> 82.944376 | C7: =VLOOKUP($A7,Raw!E:F,2,0) -> 34.591775 | D7: =VLOOKUP($A7,Raw!I:J,2,0) -> 750.54985
A8: 2015-03-01 | B8: =VLOOKUP($A8,Raw!A:B,2,0) -> 82.670609 | C8: =VLOOKUP($A8,Raw!E:F,2,0) -> 35.029949 | D8: =VLOOKUP($A8,Raw!I:J,2,0) -> 749.12908
A9: 2015-02-01 | B9: =VLOOKUP($A9,Raw!A:B,2,0) -> 82.797024 | C9: =VLOOKUP($A9,Raw!E:F,2,0) -> 34.977069 | D9: =VLOOKUP($A9,Raw!I:J,2,0) -> 749.19579
A10: 2015-01-01 | B10: =VLOOKUP($A10,Raw!A:B,2,0) -> 82.726955 | C10: =VLOOKUP($A10,Raw!E:F,2,0) -> 34.824663 | D10: =VLOOKUP($A10,Raw!I:J,2,0) -> 749.71003
A11: 2014-12-01 | B11: =VLOOKUP($A11,Raw!A:B,2,0) -> 82.648312 | C11: =VLOOKUP($A11,Raw!E:F,2,0) -> 34.846254 | D11: =VLOOKUP($A11,Raw!I:J,2,0) -> 749.85479
A12: 2014-11-01 | B12: =VLOOKUP($A12,Raw!A:B,2,0) -> 82.803801 | C12: =VLOOKUP($A12,Raw!E:F,2,0) -> 34.798038 | D12: =VLOOKUP($A12,Raw!I:J,2,0) -> 749.74192
A13: 2014-10-01 | B13: =VLOOKUP($A13,Raw!A:B,2,0) -> 82.721875 | C13: =VLOOKUP($A13,Raw!E:F,2,0) -> 34.60924 | D13: =VLOOKUP($A13,Raw!I:J,2,0) -> 750.89222
A14: 2014-09-01 | B14: =VLOOKUP($A14,Raw!A:B,2,0) -> 82.692209 | C14: =VLOOKUP($A14,Raw!E:F,2,0) -> 34.444157 | D14: =VLOOKUP($A14,Raw!I:J,2,0) -> 750.91165
A15: 2014-08-01 | B15: =VLOOKUP($A15,Raw!A:B,2,0) -> 82.756708 | C15: =VLOOKUP($A15,Raw!E:F,2,0) -> 34.322739 | D15: =VLOOKUP($A15,Raw!I:J,2,0) -> 751.49897
... A150: 2003-05-01 | B150: =VLOOKUP($A150,Raw!A:B,2,0) -> 81.538853 | C150: =VLOOKUP($A150,Raw!E:F,2,0) -> 33.491005 | D150: =VLOOKUP($A150,Raw!I:J,2,0) -> 721.81851

Sheet Raw
A3: OLTVMean | E3: DTIMean | I3: FICOMean
A4: asofdate | B4: SeriesNumValue | E4: asofdate | F4: SeriesNumValue | I4: asofdate | J4: SeriesNumValue
A5: 2003-05-01 | B5: 81.538853 | E5: 2003-05-01 | F5: 33.491005 | I5: 2003-05-01 | J5: 721.81851
A6: 2003-06-01 | B6: 81.618502 | E6: 2003-06-01 | F6: 33.725544 | I6: 2003-06-01 | J6: 722.76733
A7: 2003-07-01 | B7: 81.557651 | E7: 2003-07-01 | F7: 34.144864 | I7: 2003-07-01 | J7: 722.25913
A8: 2003-08-01 | B8: 81.296421 | E8: 2003-08-01 | F8: 33.514039 | I8: 2003-08-01 | J8: 724.12769
A9: 2003-09-01 | B9: 81.227018 | E9: 2003-09-01 | F9: 33.486119 | I9: 2003-09-01 | J9: 724.69368
A10: 2003-10-01 | B10: 81.32076 | E10: 2003-10-01 | F10: 34.340701 | I10: 2003-10-01 | J10: 722.36622
A11: 2003-11-01 | B11: 81.964229 | E11: 2003-11-01 | F11: 35.411302 | I11: 2003-11-01 | J11: 719.09071
A12: 2003-12-01 | B12: 81.864228 | E12: 2003-12-01 | F12: 36.519375 | I12: 2003-12-01 | J12: 720.40995
A13: 2004-01-01 | B13: 81.5663 | E13: 2004-01-01 | F13: 36.105753 | I13: 2004-01-01 | J13: 720.53281
A14: 2004-02-01 | B14: 81.113652 | E14: 2004-02-01 | F14: 34.270438 | I14: 2004-02-01 | J14: 721.12736
A15: 2004-03-01 | B15: 80.826463 | E15: 2004-03-01 | F15: 33.128992 | I15: 2004-03-01 | J15: 722.92045
A16: 2004-04-01 | B16: 81.281713 | E16: 2004-04-01 | F16: 35.641148 | I16: 2004-04-01 | J16: 721.56682
... A152: 2015-08-01 | B152: 82.657512 | E152: 2015-08-01 | F152: 34.378241 | I152: 2015-08-01 | J152: 752.14631
