Workbook
Name CurrentCloseDate: [1]Report!$T$2
Name PDFReportDir: [1]Report!$T$3
Name temp: '10y swap Vol'!$B$2:$E$3809
Name temp: '5y10y Swaption Vol'!$B$1:$D$3696
Name temp_1: '5y10y Swaption Vol'!#REF!
Name temp_2: '5y10y Swaption Vol'!$B$1:$D$3726

Sheet Result
C2: asOfDate | D2: Realized Current Coupon Vol | E2: 10 yr Swap Vol | F2: 5y10y Swaption Vol
C3: 40053 | D3: 147.88647 | E3: =VLOOKUP(C3,'10y swap Vol'!$C$2:$G$3809,5,0) -> 160.88058 | F3: =VLOOKUP(C3,'5y10y Swaption Vol'!temp,3,0) -> 123.45852 | H3: 40081 | I3: 10yr Swap Rate | J3: 3.492462 | K3: -0.068614 | L3: 141.56303 | M3: =C3-H3 -> -28
C4: 40056 | D4: 142.82017 | E4: =VLOOKUP(C4,'10y swap Vol'!$C$2:$G$3809,5,0) -> 156.6192 | F4: =VLOOKUP(C4,'5y10y Swaption Vol'!temp,3,0) -> 123.52626 | H4: 40084 | I4: 10yr Swap Rate | J4: 3.443852 | K4: -0.04861 | L4: 141.28348 | M4: =C4-H4 -> -28
C5: 40057 | D5: 140.79497 | E5: =VLOOKUP(C5,'10y swap Vol'!$C$2:$G$3809,5,0) -> 154.9307 | F5: =VLOOKUP(C5,'5y10y Swaption Vol'!temp,3,0) -> 123.1632 | H5: 40085 | I5: 10yr Swap Rate | J5: 3.434796 | K5: -0.009056 | L5: 141.28603 | M5: =C5-H5 -> -28
C6: 40058 | D6: 141.40473 | E6: =VLOOKUP(C6,'10y swap Vol'!$C$2:$G$3809,5,0) -> 154.75239 | F6: =VLOOKUP(C6,'5y10y Swaption Vol'!temp,3,0) -> 122.89061 | H6: 40086 | I6: 10yr Swap Rate | J6: 3.449143 | K6: 0.014347 | L6: 140.89769 | M6: =C6-H6 -> -28
C7: 40059 | D7: 140.3801 | E7: =VLOOKUP(C7,'10y swap Vol'!$C$2:$G$3809,5,0) -> 152.89576 | F7: =VLOOKUP(C7,'5y10y Swaption Vol'!temp,3,0) -> 122.88557 | H7: 40087 | I7: 10yr Swap Rate | J7: 3.336074 | K7: -0.113069 | L7: 137.20063 | M7: =C7-H7 -> -28
C8: 40060 | D8: 140.33251 | E8: =VLOOKUP(C8,'10y swap Vol'!$C$2:$G$3809,5,0) -> 153.75713 | F8: =VLOOKUP(C8,'5y10y Swaption Vol'!temp,3,0) -> 122.50104 | H8: 40088 | I8: 10yr Swap Rate | J8: 3.378161 | K8: 0.042087 | L8: 135.03487 | M8: =C8-H8 -> -28
C9: 40064 | D9: 138.06318 | E9: =VLOOKUP(C9,'10y swap Vol'!$C$2:$G$3809,5,0) -> 151.3755 | F9: =VLOOKUP(C9,'5y10y Swaption Vol'!temp,3,0) -> 122.99891 | H9: 40091 | I9: 10yr Swap Rate | J9: 3.392103 | K9: 0.013942 | L9: 133.24763 | M9: =C9-H9 -> -27
C10: 40065 | D10: 135.80655 | E10: =VLOOKUP(C10,'10y swap Vol'!$C$2:$G$3809,5,0) -> 149.65054 | F10: =VLOOKUP(C10,'5y10y Swaption Vol'!temp,3,0) -> 122.08467 | H10: 40092 | I10: 10yr Swap Rate | J10: 3.416824 | K10: 0.024721 | L10: 132.50793 | M10: =C10-H10 -> -27
C11: 40066 | D11: 137.1225 | E11: =VLOOKUP(C11,'10y swap Vol'!$C$2:$G$3809,5,0) -> 151.81412 | F11: =VLOOKUP(C11,'5y10y Swaption Vol'!temp,3,0) -> 122.45342 | H11: 40093 | I11: 10yr Swap Rate | J11: 3.342414 | K11: -0.07441 | L11: 130.78839 | M11: =C11-H11 -> -27
C12: 40067 | D12: 135.79976 | E12: =VLOOKUP(C12,'10y swap Vol'!$C$2:$G$3809,5,0) -> 151.49823 | F12: =VLOOKUP(C12,'5y10y Swaption Vol'!temp,3,0) -> 123.01717 | H12: 40094 | I12: 10yr Swap Rate | J12: 3.404377 | K12: 0.061963 | L12: 125.9817 | M12: =C12-H12 -> -27
C13: 40070 | D13: 119.42268 | E13: =VLOOKUP(C13,'10y swap Vol'!$C$2:$G$3809,5,0) -> 143.93194 | F13: =VLOOKUP(C13,'5y10y Swaption Vol'!temp,3,0) -> 123.95362 | H13: 40095 | I13: 10yr Swap Rate | J13: 3.552494 | K13: 0.148117 | L13: 129.32575 | M13: =C13-H13 -> -25
C14: 40071 | D14: 119.07089 | E14: =VLOOKUP(C14,'10y swap Vol'!$C$2:$G$3809,5,0) -> 144.64404 | F14: =VLOOKUP(C14,'5y10y Swaption Vol'!temp,3,0) -> 125.2375 | H14: 40099 | I14: 10yr Swap Rate | J14: 3.481237 | K14: -0.071257 | L14: 127.97644 | M14: =C14-H14 -> -28
... C1363: 42052 | D1363: 75.538326 | E1363: =VLOOKUP(C1363,'10y swap Vol'!$C$2:$G$3809,5,0) -> 80.674946 | F1363: =VLOOKUP(C1363,'5y10y Swaption Vol'!temp,3,0) -> 88.657097 | H1363: 42087 | I1363: 10yr Swap Rate | J1363: 1.971772 | K1363: -0.036359 | L1363: 88.370703 | M1363: =C1363-H1363 -> -35
C1364: 42053 | D1364: 76.232716 | E1364: =VLOOKUP(C1364,'10y swap Vol'!$C$2:$G$3809,5,0) -> 81.845211 | F1364: =VLOOKUP(C1364,'5y10y Swaption Vol'!temp,3,0) -> 89.114105
C1365: 42054 | D1365: 76.344433 | E1365: =VLOOKUP(C1365,'10y swap Vol'!$C$2:$G$3809,5,0) -> 82.52889 | F1365: =VLOOKUP(C1365,'5y10y Swaption Vol'!temp,3,0) -> 90.157666
C1366: 42055 | D1366: 76.398943 | E1366: =VLOOKUP(C1366,'10y swap Vol'!$C$2:$G$3809,5,0) -> 82.489071 | F1366: =VLOOKUP(C1366,'5y10y Swaption Vol'!temp,3,0) -> 89.937808
C1367: 42058 | D1367: 76.865804 | E1367: =VLOOKUP(C1367,'10y swap Vol'!$C$2:$G$3809,5,0) -> 83.435074 | F1367: =VLOOKUP(C1367,'5y10y Swaption Vol'!temp,3,0) -> 90.13849
C1368: 42059 | D1368: 77.011029 | E1368: =VLOOKUP(C1368,'10y swap Vol'!$C$2:$G$3809,5,0) -> 84.405677 | F1368: =VLOOKUP(C1368,'5y10y Swaption Vol'!temp,3,0) -> 90.018676
C1369: 42060 | D1369: 77.049322 | E1369: =VLOOKUP(C1369,'10y swap Vol'!$C$2:$G$3809,5,0) -> 84.44643 | F1369: =VLOOKUP(C1369,'5y10y Swaption Vol'!temp,3,0) -> 90.099287
C1370: 42061 | D1370: 77.123533 | E1370: =VLOOKUP(C1370,'10y swap Vol'!$C$2:$G$3809,5,0) -> 84.948576 | F1370: =VLOOKUP(C1370,'5y10y Swaption Vol'!temp,3,0) -> 90.518138
C1371: 42062 | D1371: 77.215103 | E1371: =VLOOKUP(C1371,'10y swap Vol'!$C$2:$G$3809,5,0) -> 84.979643 | F1371: =VLOOKUP(C1371,'5y10y Swaption Vol'!temp,3,0) -> 90.775167
C1372: 42065 | D1372: 76.955837 | E1372: =VLOOKUP(C1372,'10y swap Vol'!$C$2:$G$3809,5,0) -> 86.369332 | F1372: =VLOOKUP(C1372,'5y10y Swaption Vol'!temp,3,0) -> 91.030669
C1373: 42066 | D1373: 77.475795 | E1373: =VLOOKUP(C1373,'10y swap Vol'!$C$2:$G$3809,5,0) -> 86.698091 | F1373: =VLOOKUP(C1373,'5y10y Swaption Vol'!temp,3,0) -> 90.581423
C1374: 42067 | D1374: 77.275945 | E1374: =VLOOKUP(C1374,'10y swap Vol'!$C$2:$G$3809,5,0) -> 86.372921 | F1374: =VLOOKUP(C1374,'5y10y Swaption Vol'!temp,3,0) -> 90.153402
C1375: 42068 | D1375: 76.487039 | E1375: =VLOOKUP(C1375,'10y swap Vol'!$C$2:$G$3809,5,0) -> 86.239778 | F1375: =VLOOKUP(C1375,'5y10y Swaption Vol'!temp,3,0) -> 89.856817
... C1393: 42094 | D1393: 82.702346 | E1393: =VLOOKUP(C1393,'10y swap Vol'!$C$2:$G$3809,5,0) -> 89.529751 | F1393: =VLOOKUP(C1393,'5y10y Swaption Vol'!temp,3,0) -> 93.615529

Sheet 5y10y Swaption Vol
B1: 42094 | C1: 5y10y_ATM | D1: 93.615529
B2: 42093 | C2: 5y10y_ATM | D2: 94.213959
B3: 42090 | C3: 5y10y_ATM | D3: 93.85992
B4: 42089 | C4: 5y10y_ATM | D4: 93.845604
B5: 42088 | C5: 5y10y_ATM | D5: 94.203001
B6: 42087 | C6: 5y10y_ATM | D6: 93.387207
B7: 42086 | C7: 5y10y_ATM | D7: 93.508603
B8: 42083 | C8: 5y10y_ATM | D8: 93.131768
B9: 42082 | C9: 5y10y_ATM | D9: 92.726434
B10: 42081 | C10: 5y10y_ATM | D10: 91.413794
B11: 42080 | C11: 5y10y_ATM | D11: 91.053523
B12: 42079 | C12: 5y10y_ATM | D12: 90.740054
... B3726: 36557 | C3726: 5y10y_ATM | D3726: 98.00388

Sheet Realized Vol
B1: asOfDate | C1: Realized Current Coupon Vol
B2: 40053 | C2: 147.88647
B3: 40056 | C3: 142.82017
B4: 40057 | C4: 140.79497
B5: 40058 | C5: 141.40473
B6: 40059 | C6: 140.3801
B7: 40060 | C7: 140.33251
B8: 40064 | C8: 138.06318
B9: 40065 | C9: 135.80655
B10: 40066 | C10: 137.1225
B11: 40067 | C11: 135.79976
B12: 40070 | C12: 119.42268
B13: 40071 | C13: 119.07089
... B1392: 42094 | C1392: 82.702346

Sheet 10y swap Vol
B1: Ticker | C1: Asofdate | E1: Rate | F1: Return | G1: Vol
B2: 10yr Swap Rate | C2: 42094 | D2: Rate | E2: 2.030586 | F2: =E2-E3 -> -0.024366 | G2: =STDEV(F2:F61)*SQRT(250)*100 -> 89.529751
B3: 10yr Swap Rate | C3: 42093 | D3: Rate | E3: 2.054952 | F3: =E3-E4 -> 0.01817 | G3: =STDEV(F3:F62)*SQRT(250)*100 -> 89.507529
B4: 10yr Swap Rate | C4: 42090 | D4: Rate | E4: 2.036782 | F4: =E4-E5 -> -0.064121 | G4: =STDEV(F4:F63)*SQRT(250)*100 -> 89.383008
B5: 10yr Swap Rate | C5: 42089 | D5: Rate | E5: 2.100903 | F5: =E5-E6 -> 0.08935 | G5: =STDEV(F5:F64)*SQRT(250)*100 -> 90.813535
B6: 10yr Swap Rate | C6: 42088 | D6: Rate | E6: 2.011553 | F6: =E6-E7 -> 0.039781 | G6: =STDEV(F6:F65)*SQRT(250)*100 -> 88.794651
B7: 10yr Swap Rate | C7: 42087 | D7: Rate | E7: 1.971772 | F7: =E7-E8 -> -0.036359 | G7: =STDEV(F7:F66)*SQRT(250)*100 -> 88.370703
B8: 10yr Swap Rate | C8: 42086 | D8: Rate | E8: 2.008131 | F8: =E8-E9 -> -0.018629 | G8: =STDEV(F8:F67)*SQRT(250)*100 -> 89.080122
B9: 10yr Swap Rate | C9: 42083 | D9: Rate | E9: 2.02676 | F9: =E9-E10 -> -0.029501 | G9: =STDEV(F9:F68)*SQRT(250)*100 -> 90.517264
B10: 10yr Swap Rate | C10: 42082 | D10: Rate | E10: 2.056261 | F10: =E10-E11 -> 0.016073 | G10: =STDEV(F10:F69)*SQRT(250)*100 -> 90.821536
B11: 10yr Swap Rate | C11: 42081 | D11: Rate | E11: 2.040188 | F11: =E11-E12 -> -0.119735 | G11: =STDEV(F11:F70)*SQRT(250)*100 -> 90.826703
B12: 10yr Swap Rate | C12: 42080 | D12: Rate | E12: 2.159923 | F12: =E12-E13 -> -0.047185 | G12: =STDEV(F12:F71)*SQRT(250)*100 -> 88.742485
B13: 10yr Swap Rate | C13: 42079 | D13: Rate | E13: 2.207108 | F13: =E13-E14 -> -0.018579 | G13: =STDEV(F13:F72)*SQRT(250)*100 -> 88.316878
... B3809: 10yr Swap Rate | C3809: 36528 | D3809: Rate | E3809: 7.335923 | F3809: =E3809-E3810 -> 7.335923 | G3809: =STDEV(F3809:F3868)*SQRT(250)*100 -> #DIV/0!
