Workbook
Name temp_1: Sheet1!$A$1:$C$384
Name temp_2: Sheet1!$U$1:$W$367
Name temp_3: Sheet1!#REF!

Sheet Sheet1
A1: poolIssueDate | B1: count() | C1: HARPStatus | J1: Sum of count() | K1: Column Labels | U1: poolIssueDate | V1: count() | W1: MHAStatus | AA1: Sum of count() | AB1: Column Labels | AI1: pmtdate | AJ1: count() | AK1: CombinedHARPStatus | AN1: Sum of count() | AO1: Column Labels | AW1: pmtdate | AX1: count() | AY1: CombinedHARPStatus | BB1: Sum of count() | BC1: Column Labels
A2: 38687 | B2: 19057 | C2: < 2009-06 | J2: Row Labels | K2: < 2009-06 | L2: HARP | M2: N/A | N2: NON-HARP | O2: Unknown | P2: (blank) | Q2: Grand Total | U2: 38687 | V2: 1771 | W2: MHA-ELIGIBLE | AA2: Row Labels | AB2: MHA-ELIGIBLE | AC2: NOMHA-PURCHASE | AD2: NOMHA-REFI | AE2: (blank) | AF2: Grand Total | AI2: 38353 | AJ2: 1751 | AK2: N/A | AN2: Row Labels | AO2: < 2009-06 | AP2: HARPed | AQ2: N/A | AR2: NON-HARPed | AS2: Grand Total | AW2: 38353 | AX2: 19296 | AY2: < 2009-06 | BB2: Row Labels | BC2: < 2009-06 | BD2: HARPed | BE2: N/A | BF2: NON-HARPed | BG2: (blank) | BH2: Grand Total
A3: 38687 | B3: 116679 | C3: N/A | J3: 38687 | K3: 19057 | M3: 116679 | Q3: 135736 | U3: 38687 | V3: 64164 | W3: NOMHA-REFI | AA3: 38687 | AB3: 1771 | AC3: 69801 | AD3: 64164 | AF3: 135736 | AI3: 38353 | AJ3: 226 | AK3: < 2009-06 | AN3: 38353 | AO3: 226 | AQ3: 1751 | AS3: 1977 | AW3: 38353 | AX3: 18274 | AY3: N/A | BB3: 38353 | BC3: 19296 | BE3: 18274 | BH3: 37570
A4: 38718 | B4: 15165 | C4: < 2009-06 | J4: 38718 | K4: 15165 | M4: 101038 | Q4: 116203 | U4: 38687 | V4: 69801 | W4: NOMHA-PURCHASE | AA4: 38718 | AB4: 1707 | AC4: 56048 | AD4: 58448 | AF4: 116203 | AI4: 38384 | AJ4: 237 | AK4: < 2009-06 | AN4: 38384 | AO4: 237 | AQ4: 1713 | AS4: 1950 | AW4: 38384 | AX4: 17818 | AY4: N/A | BB4: 38384 | BC4: 19367 | BE4: 17818 | BH4: 37185
A5: 38718 | B5: 101038 | C5: N/A | J5: 38749 | K5: 13726 | M5: 85924 | Q5: 99650 | U5: 38718 | V5: 58448 | W5: NOMHA-REFI | AA5: 38749 | AB5: 1596 | AC5: 48505 | AD5: 49549 | AF5: 99650 | AI5: 38384 | AJ5: 1713 | AK5: N/A | AN5: 38412 | AO5: 165 | AQ5: 1379 | AS5: 1544 | AW5: 38384 | AX5: 19367 | AY5: < 2009-06 | BB5: 38412 | BC5: 16217 | BE5: 14430 | BH5: 30647
A6: 38749 | B6: 13726 | C6: < 2009-06 | J6: 38777 | K6: 13317 | M6: 85045 | Q6: 98362 | U6: 38718 | V6: 56048 | W6: NOMHA-PURCHASE | AA6: 38777 | AB6: 1821 | AC6: 45628 | AD6: 50913 | AF6: 98362 | AI6: 38412 | AJ6: 1379 | AK6: N/A | AN6: 38443 | AO6: 248 | AQ6: 1406 | AS6: 1654 | AW6: 38412 | AX6: 16217 | AY6: < 2009-06 | BB6: 38443 | BC6: 18282 | BE6: 16447 | BH6: 34729
A7: 38749 | B7: 85924 | C7: N/A | J7: 38808 | K7: 13740 | M7: 91876 | Q7: 105616 | U7: 38718 | V7: 1707 | W7: MHA-ELIGIBLE | AA7: 38808 | AB7: 1451 | AC7: 50072 | AD7: 54093 | AF7: 105616 | AI7: 38412 | AJ7: 165 | AK7: < 2009-06 | AN7: 38473 | AO7: 357 | AQ7: 1954 | AS7: 2311 | AW7: 38412 | AX7: 14430 | AY7: N/A | BB7: 38473 | BC7: 22945 | BE7: 21208 | BH7: 44153
A8: 38777 | B8: 13317 | C8: < 2009-06 | J8: 38838 | K8: 11485 | M8: 83181 | Q8: 94666 | U8: 38749 | V8: 49549 | W8: NOMHA-REFI | AA8: 38838 | AB8: 1286 | AC8: 50281 | AD8: 43099 | AF8: 94666 | AI8: 38443 | AJ8: 248 | AK8: < 2009-06 | AN8: 38504 | AO8: 256 | AQ8: 2080 | AS8: 2336 | AW8: 38443 | AX8: 16447 | AY8: N/A | BB8: 38504 | BC8: 17249 | BE8: 20814 | BH8: 38063
A9: 38777 | B9: 85045 | C9: N/A | J9: 38869 | K9: 11763 | M9: 96000 | Q9: 107763 | U9: 38749 | V9: 48505 | W9: NOMHA-PURCHASE | AA9: 38869 | AB9: 1464 | AC9: 60815 | AD9: 45484 | AF9: 107763 | AI9: 38443 | AJ9: 1406 | AK9: N/A | AN9: 38534 | AO9: 314 | AQ9: 2676 | AS9: 2990 | AW9: 38443 | AX9: 18282 | AY9: < 2009-06 | BB9: 38534 | BC9: 20889 | BE9: 25422 | BH9: 46311
A10: 38808 | B10: 13740 | C10: < 2009-06 | J10: 38899 | K10: 10532 | M10: 94899 | Q10: 105431 | U10: 38749 | V10: 1596 | W10: MHA-ELIGIBLE | AA10: 38899 | AB10: 1287 | AC10: 62896 | AD10: 41248 | AF10: 105431 | AI10: 38473 | AJ10: 357 | AK10: < 2009-06 | AN10: 38565 | AO10: 372 | AQ10: 3211 | AS10: 3583 | AW10: 38473 | AX10: 22945 | AY10: < 2009-06 | BB10: 38565 | BC10: 27493 | BE10: 32384 | BH10: 59877
A11: 38808 | B11: 91876 | C11: N/A | J11: 38930 | K11: 11293 | M11: 106784 | Q11: 118077 | U11: 38777 | V11: 50913 | W11: NOMHA-REFI | AA11: 38930 | AB11: 1273 | AC11: 74272 | AD11: 42532 | AF11: 118077 | AI11: 38473 | AJ11: 1954 | AK11: N/A | AN11: 38596 | AO11: 617 | AQ11: 4048 | AS11: 4665 | AW11: 38473 | AX11: 21208 | AY11: N/A | BB11: 38596 | BC11: 31231 | BE11: 29845 | BH11: 61076
A12: 38838 | B12: 11485 | C12: < 2009-06 | J12: 38961 | K12: 11420 | M12: 107277 | Q12: 118697 | U12: 38777 | V12: 45628 | W12: NOMHA-PURCHASE | AA12: 38961 | AB12: 1279 | AC12: 74289 | AD12: 43129 | AF12: 118697 | AI12: 38504 | AJ12: 256 | AK12: < 2009-06 | AN12: 38626 | AO12: 996 | AQ12: 7481 | AS12: 8477 | AW12: 38504 | AX12: 20814 | AY12: N/A | BB12: 38626 | BC12: 30344 | BE12: 29919 | BH12: 60263
A13: 38838 | B13: 83181 | C13: N/A | J13: 38991 | K13: 11613 | M13: 92041 | Q13: 103654 | U13: 38777 | V13: 1821 | W13: MHA-ELIGIBLE | AA13: 38991 | AB13: 1152 | AC13: 59427 | AD13: 43075 | AF13: 103654 | AI13: 38504 | AJ13: 2080 | AK13: N/A | AN13: 38657 | AO13: 2199 | AQ13: 15991 | AS13: 18190 | AW13: 38504 | AX13: 17249 | AY13: < 2009-06 | BB13: 38657 | BC13: 27266 | BE13: 25968 | BH13: 53234
A14: 38869 | B14: 11763 | C14: < 2009-06 | J14: 39022 | K14: 13547 | M14: 83109 | Q14: 96656 | U14: 38808 | V14: 54093 | W14: NOMHA-REFI | AA14: 39022 | AB14: 1107 | AC14: 48845 | AD14: 46704 | AF14: 96656 | AI14: 38534 | AJ14: 314 | AK14: < 2009-06 | AN14: 38687 | AO14: 9660 | AQ14: 58394 | AS14: 68054 | AW14: 38534 | AX14: 25422 | AY14: N/A | BB14: 38687 | BC14: 26896 | BE14: 23032 | BH14: 49928
... A42: 39295 | B42: 17169 | C42: < 2009-06 | J42: 39873 | K42: 126468 | M42: 90938 | Q42: 217406 | U42: 39083 | V42: 52477 | W42: NOMHA-PURCHASE | AA42: 39873 | AB42: 2318 | AC42: 27687 | AD42: 187401 | AF42: 217406 | AI42: 38961 | AJ42: 101464 | AK42: N/A | AN42: 39539 | AO42: 60058 | AQ42: 99187 | AS42: 159245 | AW42: 38961 | AX42: 18244 | AY42: N/A | BB42: 39539 | BC42: 42764 | BE42: 22787 | BH42: 65551
A43: 39295 | B43: 117065 | C43: N/A | J43: 39904 | K43: 91317 | L43: 286 | M43: 70127 | N43: 4758 | Q43: 166488 | U43: 39083 | V43: 1046 | W43: MHA-ELIGIBLE | AA43: 39904 | AB43: 1785 | AC43: 24673 | AD43: 140030 | AF43: 166488 | AI43: 38961 | AJ43: 10662 | AK43: < 2009-06 | AN43: 39569 | AO43: 41596 | AQ43: 102401 | AS43: 143997 | AW43: 38961 | AX43: 12747 | AY43: < 2009-06 | BB43: 39569 | BC43: 31567 | BE43: 21383 | BH43: 52950
A44: 39326 | B44: 17527 | C44: < 2009-06 | J44: 39934 | K44: 25662 | L44: 5842 | M44: 67567 | N44: 51705 | Q44: 150776 | U44: 39114 | V44: 71070 | W44: NOMHA-REFI | AA44: 39934 | AB44: 2588 | AC44: 24641 | AD44: 123547 | AF44: 150776 | AI44: 38991 | AJ44: 102383 | AK44: N/A | AN44: 39600 | AO44: 38213 | AQ44: 98365 | AS44: 136578 | AW44: 38991 | AX44: 15647 | AY44: < 2009-06 | BB44: 39600 | BC44: 29505 | BE44: 22525 | BH44: 52030
A45: 39326 | B45: 136772 | C45: N/A | J45: 39965 | K45: 7053 | L45: 16517 | M45: 104095 | N45: 106391 | Q45: 234056 | U45: 39114 | V45: 56557 | W45: NOMHA-PURCHASE | AA45: 39965 | AB45: 9453 | AC45: 41335 | AD45: 183268 | AF45: 234056 | AI45: 38991 | AJ45: 11537 | AK45: < 2009-06 | AN45: 39630 | AO45: 23471 | AQ45: 81925 | AS45: 105396 | AW45: 38991 | AX45: 21523 | AY45: N/A | BB45: 39630 | BC45: 22067 | BE45: 23075 | BH45: 45142
A46: 39356 | B46: 17939 | C46: < 2009-06 | J46: 39995 | K46: 781 | L46: 22075 | M46: 71014 | N46: 60337 | Q46: 154207 | U46: 39114 | V46: 1203 | W46: MHA-ELIGIBLE | AA46: 39995 | AB46: 14498 | AC46: 32476 | AD46: 107233 | AF46: 154207 | AI46: 39022 | AJ46: 12948 | AK46: < 2009-06 | AN46: 39661 | AO46: 17448 | AQ46: 80739 | AS46: 98187 | AW46: 39022 | AX46: 20834 | AY46: N/A | BB46: 39661 | BC46: 15491 | BE46: 19612 | BH46: 35103
A47: 39356 | B47: 108346 | C47: N/A | J47: 40026 | K47: 173 | L47: 25210 | M47: 82357 | N47: 55906 | Q47: 163646 | U47: 39142 | V47: 67164 | W47: NOMHA-REFI | AA47: 40026 | AB47: 16086 | AC47: 42643 | AD47: 104917 | AF47: 163646 | AI47: 39022 | AJ47: 96093 | AK47: N/A | AN47: 39692 | AO47: 11582 | AQ47: 67217 | AS47: 78799 | AW47: 39022 | AX47: 16622 | AY47: < 2009-06 | BB47: 39692 | BC47: 10494 | BE47: 15980 | BH47: 26474
A48: 39387 | B48: 22061 | C48: < 2009-06 | J48: 40057 | K48: 258 | L48: 15667 | M48: 70570 | N48: 31910 | Q48: 118405 | U48: 39142 | V48: 60614 | W48: NOMHA-PURCHASE | AA48: 40057 | AB48: 8996 | AC48: 41473 | AD48: 67936 | AF48: 118405 | AI48: 39052 | AJ48: 107332 | AK48: N/A | AN48: 39722 | AO48: 7202 | AQ48: 45117 | AS48: 52319 | AW48: 39052 | AX48: 20654 | AY48: < 2009-06 | BB48: 39722 | BC48: 8915 | BE48: 14635 | BH48: 23550
A49: 39387 | B49: 118469 | C49: N/A | J49: 40087 | K49: 1059 | L49: 12098 | M49: 61209 | N49: 23119 | Q49: 97485 | U49: 39142 | V49: 1354 | W49: MHA-ELIGIBLE | AA49: 40087 | AB49: 6341 | AC49: 37039 | AD49: 54105 | AF49: 97485 | AI49: 39052 | AJ49: 17880 | AK49: < 2009-06 | AN49: 39753 | AO49: 10585 | AQ49: 50694 | AS49: 61279 | AW49: 39052 | AX49: 21144 | AY49: N/A | BB49: 39753 | BC49: 9826 | BE49: 14115 | BH49: 23941
A50: 39417 | B50: 23242 | C50: < 2009-06 | J50: 40118 | K50: 77 | L50: 16580 | M50: 54618 | N50: 22548 | Q50: 93823 | U50: 39173 | V50: 64185 | W50: NOMHA-REFI | AA50: 40118 | AB50: 8103 | AC50: 32297 | AD50: 53423 | AF50: 93823 | AI50: 39083 | AJ50: 17232 | AK50: < 2009-06 | AN50: 39783 | AO50: 15821 | AQ50: 52103 | AS50: 67924 | AW50: 39083 | AX50: 20779 | AY50: N/A | BB50: 39783 | BC50: 12743 | BE50: 15394 | BH50: 28137
A51: 39417 | B51: 108670 | C51: N/A | J51: 40148 | K51: 336 | L51: 25493 | M51: 70439 | N51: 30548 | Q51: 126816 | U51: 39173 | V51: 55862 | W51: NOMHA-PURCHASE | AA51: 40148 | AB51: 12795 | AC51: 42345 | AD51: 71676 | AF51: 126816 | AI51: 39083 | AJ51: 98456 | AK51: N/A | AN51: 39814 | AO51: 7542 | AQ51: 32448 | AS51: 39990 | AW51: 39083 | AX51: 19393 | AY51: < 2009-06 | BB51: 39814 | BC51: 9484 | BE51: 11771 | BH51: 21255
A52: 39448 | B52: 25971 | C52: < 2009-06 | J52: 40179 | K52: 360 | L52: 24649 | M52: 51271 | N52: 24350 | Q52: 100630 | U52: 39173 | V52: 1198 | W52: MHA-ELIGIBLE | AA52: 40179 | AB52: 12696 | AC52: 29955 | AD52: 57979 | AF52: 100630 | AI52: 39114 | AJ52: 21209 | AK52: < 2009-06 | AN52: 39845 | AO52: 32323 | AQ52: 52470 | AS52: 84793 | AW52: 39114 | AX52: 21525 | AY52: N/A | BB52: 39845 | BC52: 20177 | BE52: 15596 | BH52: 35773
A53: 39448 | B53: 90455 | C53: N/A | J53: 40210 | K53: 77 | L53: 26299 | M53: 51586 | N53: 28003 | Q53: 105965 | U53: 39203 | V53: 69464 | W53: NOMHA-REFI | AA53: 40210 | AB53: 13514 | AC53: 27636 | AD53: 64815 | AF53: 105965 | AI53: 39114 | AJ53: 99305 | AK53: N/A | AN53: 39873 | AO53: 81505 | AQ53: 58125 | AS53: 139630 | AW53: 39114 | AX53: 22776 | AY53: < 2009-06 | BB53: 39873 | BC53: 66165 | BE53: 17183 | BH53: 83348
A54: 39479 | B54: 41508 | C54: < 2009-06 | J54: 40238 | K54: 679 | L54: 21183 | M54: 56751 | N54: 25937 | Q54: 104550 | U54: 39203 | V54: 63827 | W54: NOMHA-PURCHASE | AA54: 40238 | AB54: 11773 | AC54: 30875 | AD54: 61902 | AF54: 104550 | AI54: 39142 | AJ54: 86895 | AK54: N/A | AN54: 39904 | AO54: 104826 | AQ54: 72314 | AS54: 177140 | AW54: 39142 | AX54: 22740 | AY54: < 2009-06 | BB54: 39904 | BC54: 81476 | BE54: 19205 | BH54: 100681
A55: 39479 | B55: 124215 | C55: N/A | J55: 40269 | K55: 113 | L55: 19513 | M55: 37231 | N55: 14416 | Q55: 71273 | U55: 39203 | V55: 1274 | W55: MHA-ELIGIBLE | AA55: 40269 | AB55: 10346 | AC55: 23058 | AD55: 37869 | AF55: 71273 | AI55: 39142 | AJ55: 20923 | AK55: < 2009-06 | AN55: 39934 | AO55: 108692 | AQ55: 87478 | AS55: 196170 | AW55: 39142 | AX55: 18020 | AY55: N/A | BB55: 39934 | BC55: 84588 | BE55: 22244 | BH55: 106832
A56: 39508 | B56: 49873 | C56: < 2009-06 | J56: 40299 | K56: 25 | L56: 17575 | M56: 46855 | N56: 15988 | Q56: 80443 | U56: 39234 | V56: 61490 | W56: NOMHA-REFI | AA56: 40299 | AB56: 9171 | AC56: 30710 | AD56: 40562 | AF56: 80443 | AI56: 39173 | AJ56: 18017 | AK56: < 2009-06 | AN56: 39965 | AP56: 10383 | AQ56: 80976 | AR56: 94312 | AS56: 185671 | AW56: 39173 | AX56: 20586 | AY56: < 2009-06 | BB56: 39965 | BD56: 22119 | BE56: 27796 | BF56: 81756 | BH56: 131671
A57: 39508 | B57: 88535 | C57: N/A | J57: 40330 | K57: 4 | L57: 19523 | M57: 55813 | N57: 14269 | Q57: 89609 | U57: 39234 | V57: 69687 | W57: NOMHA-PURCHASE | AA57: 40330 | AB57: 10433 | AC57: 38377 | AD57: 40799 | AF57: 89609 | AI57: 39173 | AJ57: 93294 | AK57: N/A | AN57: 39995 | AP57: 16311 | AQ57: 82570 | AR57: 90531 | AS57: 189412 | AW57: 39173 | AX57: 18869 | AY57: N/A | BB57: 39995 | BD57: 39349 | BE57: 35162 | BF57: 98694 | BH57: 173205
A58: 39539 | B58: 98952 | C58: N/A | J58: 40360 | K58: 1 | L58: 19158 | M58: 50706 | N58: 13900 | Q58: 83765 | U58: 39234 | V58: 1295 | W58: MHA-ELIGIBLE | AA58: 40360 | AB58: 9017 | AC58: 36953 | AD58: 37795 | AF58: 83765 | AI58: 39203 | AJ58: 118081 | AK58: N/A | AN58: 40026 | AP58: 25480 | AQ58: 89410 | AR58: 71783 | AS58: 186673 | AW58: 39203 | AX58: 25028 | AY58: < 2009-06 | BB58: 40026 | BD58: 41471 | BE58: 33907 | BF58: 79985 | BH58: 155363
A59: 39539 | B59: 44733 | C59: < 2009-06 | J59: 40391 | K59: 1120 | L59: 20121 | M59: 48810 | N59: 16488 | Q59: 86539 | U59: 39264 | V59: 53816 | W59: NOMHA-REFI | AA59: 40391 | AB59: 9218 | AC59: 32778 | AD59: 44543 | AF59: 86539 | AI59: 39203 | AJ59: 22875 | AK59: < 2009-06 | AN59: 40057 | AP59: 22620 | AQ59: 83867 | AR59: 45076 | AS59: 151563 | AW59: 39203 | AX59: 25321 | AY59: N/A | BB59: 40057 | BD59: 30038 | BE59: 25673 | BF59: 49944 | BH59: 105655
A60: 39569 | B60: 110414 | C60: N/A | J60: 40422 | K60: 326 | L60: 38354 | M60: 42017 | N60: 24337 | Q60: 105034 | U60: 39264 | V60: 63220 | W60: NOMHA-PURCHASE | AA60: 40422 | AB60: 16012 | AC60: 25077 | AD60: 63945 | AF60: 105034 | AI60: 39234 | AJ60: 122699 | AK60: N/A | AN60: 40087 | AP60: 16406 | AQ60: 62931 | AR60: 24616 | AS60: 103953 | AW60: 39234 | AX60: 26551 | AY60: < 2009-06 | BB60: 40087 | BD60: 21784 | BE60: 25546 | BF60: 32936 | BH60: 80266
A61: 39569 | B61: 41194 | C61: < 2009-06 | J61: 40452 | K61: 3 | L61: 36203 | M61: 39705 | N61: 29103 | Q61: 105014 | U61: 39264 | V61: 1176 | W61: MHA-ELIGIBLE | AA61: 40452 | AB61: 13956 | AC61: 21824 | AD61: 69234 | AF61: 105014 | AI61: 39234 | AJ61: 24801 | AK61: < 2009-06 | AN61: 40118 | AP61: 13051 | AQ61: 58846 | AR61: 20958 | AS61: 92855 | AW61: 39234 | AX61: 27815 | AY61: N/A | BB61: 40118 | BD61: 18281 | BE61: 24426 | BF61: 25969 | BH61: 68676
A62: 39600 | B62: 30865 | C62: < 2009-06 | J62: 40483 | K62: 24 | L62: 39308 | M62: 35585 | N62: 28907 | Q62: 103824 | U62: 39295 | V62: 55366 | W62: NOMHA-REFI | AA62: 40483 | AB62: 16014 | AC62: 19204 | AD62: 68606 | AF62: 103824 | AI62: 39264 | AJ62: 21810 | AK62: < 2009-06 | AN62: 40148 | AP62: 18179 | AQ62: 62802 | AR62: 26484 | AS62: 107465 | AW62: 39264 | AX62: 32290 | AY62: N/A | BB62: 40148 | BD62: 20048 | BE62: 26861 | BF62: 26137 | BH62: 73046
A63: 39600 | B63: 108177 | C63: N/A | J63: 40513 | K63: 3 | L63: 45723 | M63: 33399 | N63: 29330 | Q63: 108455 | U63: 39295 | V63: 77551 | W63: NOMHA-PURCHASE | AA63: 40513 | AB63: 17737 | AC63: 17561 | AD63: 73157 | AF63: 108455 | AI63: 39264 | AJ63: 125488 | AK63: N/A | AN63: 40179 | AP63: 23590 | AQ63: 60390 | AR63: 27562 | AS63: 111542 | AW63: 39264 | AX63: 26375 | AY63: < 2009-06 | BB63: 40179 | BD63: 22598 | BE63: 27023 | BF63: 27335 | BH63: 76956
A64: 39630 | B64: 62302 | C64: N/A | J64: 40544 | L64: 31180 | M64: 40868 | N64: 36053 | Q64: 108101 | U64: 39295 | V64: 1317 | W64: MHA-ELIGIBLE | AA64: 40544 | AB64: 14937 | AC64: 21831 | AD64: 71333 | AF64: 108101 | AI64: 39295 | AJ64: 118350 | AK64: N/A | AN64: 40210 | AP64: 26564 | AQ64: 54738 | AR64: 29806 | AS64: 111108 | AW64: 39295 | AX64: 21015 | AY64: < 2009-06 | BB64: 40210 | BD64: 26006 | BE64: 24131 | BF64: 31066 | BH64: 81203
A65: 39630 | B65: 15169 | C65: < 2009-06 | J65: 40575 | K65: 150 | L65: 36604 | M65: 38825 | N65: 24920 | Q65: 100499 | U65: 39326 | V65: 55888 | W65: NOMHA-REFI | AA65: 40575 | AB65: 17490 | AC65: 22007 | AD65: 61002 | AF65: 100499 | AI65: 39295 | AJ65: 17435 | AK65: < 2009-06 | AN65: 40238 | AP65: 24648 | AQ65: 43730 | AR65: 25134 | AS65: 93512 | AW65: 39295 | AX65: 29663 | AY65: N/A | BB65: 40238 | BD65: 24778 | BE65: 15542 | BF65: 24996 | BH65: 65316
A66: 39661 | B66: 68339 | C66: N/A | J66: 40603 | K66: 2646 | L66: 19980 | M66: 29596 | N66: 11405 | Q66: 63627 | U66: 39326 | V66: 97102 | W66: NOMHA-PURCHASE | AA66: 40603 | AB66: 10517 | AC66: 16260 | AD66: 36850 | AF66: 63627 | AI66: 39326 | AJ66: 113663 | AK66: N/A | AN66: 40269 | AP66: 17440 | AQ66: 42612 | AR66: 17800 | AS66: 77852 | AW66: 39326 | AX66: 24698 | AY66: N/A | BB66: 40269 | BD66: 19537 | BE66: 15025 | BF66: 16955 | BH66: 51517
A67: 39661 | B67: 12928 | C67: < 2009-06 | J67: 40634 | K67: 10 | L67: 18800 | M67: 24320 | N67: 9549 | Q67: 52679 | U67: 39326 | V67: 1309 | W67: MHA-ELIGIBLE | AA67: 40634 | AB67: 9118 | AC67: 15307 | AD67: 28254 | AF67: 52679 | AI67: 39326 | AJ67: 15467 | AK67: < 2009-06 | AN67: 40299 | AP67: 21045 | AQ67: 46375 | AR67: 16829 | AS67: 84249 | AW67: 39326 | AX67: 16987 | AY67: < 2009-06 | BB67: 40299 | BD67: 23581 | BE67: 24751 | BF67: 23261 | BH67: 71593
A68: 39692 | B68: 66445 | C68: N/A | J68: 40664 | L68: 12820 | M68: 26412 | N68: 7249 | Q68: 46481 | U68: 39356 | V68: 51812 | W68: NOMHA-REFI | AA68: 40664 | AB68: 5828 | AC68: 18349 | AD68: 22304 | AF68: 46481 | AI68: 39356 | AJ68: 110255 | AK68: N/A | AN68: 40330 | AP68: 19445 | AQ68: 49599 | AR68: 14699 | AS68: 83743 | AW68: 39356 | AX68: 24976 | AY68: N/A | BB68: 40330 | BD68: 21651 | BE68: 26297 | BF68: 19774 | BH68: 67722
A69: 39692 | B69: 11279 | C69: < 2009-06 | J69: 40695 | L69: 12588 | M69: 32058 | N69: 7079 | Q69: 51725 | U69: 39356 | V69: 72966 | W69: NOMHA-PURCHASE | AA69: 40695 | AB69: 5870 | AC69: 23616 | AD69: 22239 | AF69: 51725 | AI69: 39356 | AJ69: 15255 | AK69: < 2009-06 | AN69: 40360 | AP69: 15205 | AQ69: 51493 | AR69: 11907 | AS69: 78605 | AW69: 39356 | AX69: 18729 | AY69: < 2009-06 | BB69: 40360 | BD69: 17093 | BE69: 29344 | BF69: 16373 | BH69: 62810
A70: 39722 | B70: 9037 | C70: < 2009-06 | J70: 40725 | L70: 11579 | M70: 25325 | N70: 5161 | Q70: 42065 | U70: 39356 | V70: 1507 | W70: MHA-ELIGIBLE | AA70: 40725 | AB70: 6101 | AC70: 19009 | AD70: 16955 | AF70: 42065 | AI70: 39387 | AJ70: 99633 | AK70: N/A | AN70: 40391 | AP70: 21345 | AQ70: 55048 | AR70: 16456 | AS70: 92849 | AW70: 39387 | AX70: 20447 | AY70: < 2009-06 | BB70: 40391 | BD70: 19377 | BE70: 36104 | BF70: 22123 | BH70: 77604
A71: 39722 | B71: 45734 | C71: N/A | J71: 40756 | L71: 13279 | M71: 34306 | N71: 8995 | Q71: 56580 | U71: 39387 | V71: 61078 | W71: NOMHA-REFI | AA71: 40756 | AB71: 6179 | AC71: 25639 | AD71: 24762 | AF71: 56580 | AI71: 39387 | AJ71: 18097 | AK71: < 2009-06 | AN71: 40422 | AP71: 28168 | AQ71: 40328 | AR71: 22322 | AS71: 90818 | AW71: 39387 | AX71: 22959 | AY71: N/A | BB71: 40422 | BD71: 25614 | BE71: 28611 | BF71: 34966 | BH71: 89191
A72: 39753 | B72: 13338 | C72: < 2009-06 | J72: 40787 | L72: 15550 | M72: 35181 | N72: 9559 | Q72: 60290 | U72: 39387 | V72: 77897 | W72: NOMHA-PURCHASE | AA72: 40787 | AB72: 7308 | AC72: 27102 | AD72: 25880 | AF72: 60290 | AI72: 39417 | AJ72: 101090 | AK72: N/A | AN72: 40452 | AP72: 33340 | AQ72: 41549 | AR72: 30002 | AS72: 104891 | AW72: 39417 | AX72: 25043 | AY72: N/A | BB72: 40452 | BD72: 35899 | BE72: 34726 | BF72: 54825 | BH72: 125450
A73: 39753 | B73: 43655 | C73: N/A | J73: 40817 | L73: 16474 | M73: 28354 | N73: 15321 | Q73: 60149 | U73: 39387 | V73: 1555 | W73: MHA-ELIGIBLE | AA73: 40817 | AB73: 7216 | AC73: 20424 | AD73: 32509 | AF73: 60149 | AI73: 39417 | AJ73: 21973 | AK73: < 2009-06 | AN73: 40483 | AP73: 38106 | AQ73: 37450 | AR73: 30869 | AS73: 106425 | AW73: 39417 | AX73: 25996 | AY73: < 2009-06 | BB73: 40483 | BD73: 39955 | BE73: 34796 | BF73: 65313 | BH73: 140064
A74: 39783 | B74: 12980 | C74: < 2009-06 | J74: 40848 | K74: 16 | L74: 15358 | M74: 22321 | N74: 16181 | Q74: 53876 | U74: 39417 | V74: 60449 | W74: NOMHA-REFI | AA74: 40848 | AB74: 6751 | AC74: 15277 | AD74: 31848 | AF74: 53876 | AI74: 39448 | AJ74: 88196 | AK74: N/A | AN74: 40513 | AP74: 43237 | AQ74: 38964 | AR74: 34888 | AS74: 117089 | AW74: 39448 | AX74: 25319 | AY74: < 2009-06 | BB74: 40513 | BD74: 43745 | BE74: 32088 | BF74: 68437 | BH74: 144270
A75: 39783 | B75: 50259 | C75: N/A | J75: 40878 | L75: 17850 | M75: 12661 | N75: 13058 | Q75: 43569 | U75: 39417 | V75: 69883 | W75: NOMHA-PURCHASE | AA75: 40878 | AB75: 5539 | AC75: 7570 | AD75: 30460 | AF75: 43569 | AI75: 39448 | AJ75: 20897 | AK75: < 2009-06 | AN75: 40544 | AP75: 44477 | AQ75: 36931 | AR75: 33215 | AS75: 114623 | AW75: 39448 | AX75: 24510 | AY75: N/A | BB75: 40544 | BD75: 44688 | BE75: 31798 | BF75: 71391 | BH75: 147877
A76: 39814 | B76: 20693 | C76: < 2009-06 | J76: 40909 | L76: 21469 | M76: 26095 | N76: 21613 | Q76: 69177 | U76: 39417 | V76: 1580 | W76: MHA-ELIGIBLE | AA76: 40909 | AB76: 12378 | AC76: 16546 | AD76: 40253 | AF76: 69177 | AI76: 39479 | AJ76: 30555 | AK76: < 2009-06 | AN76: 40575 | AP76: 37322 | AQ76: 41383 | AR76: 30768 | AS76: 109473 | AW76: 39479 | AX76: 27711 | AY76: < 2009-06 | BB76: 40575 | BD76: 43163 | BE76: 32165 | BF76: 61672 | BH76: 137000
A77: 39814 | B77: 45008 | C77: N/A | J77: 40940 | L77: 19436 | M77: 35310 | N77: 35057 | Q77: 89803 | U77: 39448 | V77: 60598 | W77: NOMHA-REFI | AA77: 40940 | AB77: 9871 | AC77: 20135 | AD77: 59797 | AF77: 89803 | AI77: 39479 | AJ77: 95942 | AK77: N/A | AN77: 40603 | AP77: 32289 | AQ77: 32412 | AR77: 20081 | AS77: 84782 | AW77: 39479 | AX77: 23884 | AY77: N/A | BB77: 40603 | BD77: 37615 | BE77: 20587 | BF77: 39380 | BH77: 97582
A78: 39845 | B78: 60330 | C78: < 2009-06 | J78: 40969 | L78: 29010 | M78: 26813 | N78: 28239 | Q78: 84062 | U78: 39448 | V78: 54557 | W78: NOMHA-PURCHASE | AA78: 40969 | AB78: 16508 | AC78: 14854 | AD78: 52700 | AF78: 84062 | AI78: 39508 | AJ78: 78249 | AK78: N/A | AN78: 40634 | AP78: 21224 | AQ78: 22609 | AR78: 10793 | AS78: 54626 | AW78: 39508 | AX78: 20975 | AY78: N/A | BB78: 40634 | BD78: 30023 | BE78: 22676 | BF78: 28893 | BH78: 81592
A79: 39845 | B79: 54314 | C79: N/A | J79: 41000 | L79: 18814 | M79: 37089 | N79: 30739 | Q79: 86642 | U79: 39448 | V79: 1271 | W79: MHA-ELIGIBLE | AA79: 41000 | AB79: 12108 | AC79: 22249 | AD79: 52285 | AF79: 86642 | AI79: 39508 | AJ79: 34268 | AK79: < 2009-06 | AN79: 40664 | AP79: 14491 | AQ79: 29809 | AR79: 9553 | AS79: 53853 | AW79: 39508 | AX79: 31314 | AY79: < 2009-06 | BB79: 40664 | BD79: 30663 | BE79: 27054 | BF79: 23356 | BH79: 81073
A80: 39873 | B80: 126468 | C80: < 2009-06 | J80: 41030 | K80: 28 | L80: 22353 | M80: 26357 | N80: 17578 | Q80: 66316 | U80: 39479 | V80: 91402 | W80: NOMHA-REFI | AA80: 41030 | AB80: 12394 | AC80: 16856 | AD80: 37066 | AF80: 66316 | AI80: 39539 | AJ80: 60058 | AK80: < 2009-06 | AN80: 40695 | AP80: 13261 | AQ80: 30453 | AR80: 7592 | AS80: 51306 | AW80: 39539 | AX80: 22787 | AY80: N/A | BB80: 40695 | BD80: 26665 | BE80: 26124 | BF80: 16989 | BH80: 69778
A81: 39873 | B81: 90938 | C81: N/A | J81: 41061 | L81: 23679 | M81: 49421 | N81: 25831 | Q81: 98931 | U81: 39479 | V81: 72837 | W81: NOMHA-PURCHASE | AA81: 41061 | AB81: 15626 | AC81: 37261 | AD81: 46044 | AF81: 98931 | AI81: 39539 | AJ81: 99187 | AK81: N/A | AN81: 40725 | AP81: 11117 | AQ81: 31433 | AR81: 6380 | AS81: 48930 | AW81: 39539 | AX81: 42764 | AY81: < 2009-06 | BB81: 40725 | BD81: 24085 | BE81: 30974 | BF81: 15387 | BH81: 70446
A82: 39904 | B82: 91317 | C82: < 2009-06 | J82: 41091 | L82: 21930 | M82: 37815 | N82: 18827 | Q82: 78572 | U82: 39479 | V82: 1484 | W82: MHA-ELIGIBLE | AA82: 41091 | AB82: 14877 | AC82: 26911 | AD82: 36784 | AF82: 78572 | AI82: 39569 | AJ82: 102401 | AK82: N/A | AN82: 40756 | AP82: 12492 | AQ82: 41640 | AR82: 8952 | AS82: 63084 | AW82: 39569 | AX82: 21383 | AY82: N/A | BB82: 40756 | BD82: 26981 | BE82: 35877 | BF82: 16908 | BH82: 79766
A83: 39904 | B83: 4758 | C83: NON-HARP | J83: 41122 | L83: 25715 | M83: 51040 | N83: 26774 | Q83: 103529 | U83: 39508 | V83: 93377 | W83: NOMHA-REFI | AA83: 41122 | AB83: 13702 | AC83: 37843 | AD83: 51984 | AF83: 103529 | AI83: 39569 | AJ83: 41596 | AK83: < 2009-06 | AN83: 40787 | AP83: 14123 | AQ83: 37088 | AR83: 9875 | AS83: 61086 | AW83: 39569 | AX83: 31567 | AY83: < 2009-06 | BB83: 40787 | BD83: 26476 | BE83: 34579 | BF83: 18583 | BH83: 79638
A84: 39904 | B84: 286 | C84: HARP | J84: 41153 | L84: 20098 | M84: 34014 | N84: 25041 | Q84: 79153 | U84: 39508 | V84: 43659 | W84: NOMHA-PURCHASE | AA84: 41153 | AB84: 11344 | AC84: 23418 | AD84: 44391 | AF84: 79153 | AI84: 39600 | AJ84: 38213 | AK84: < 2009-06 | AN84: 40817 | AP84: 14084 | AQ84: 36313 | AR84: 11433 | AS84: 61830 | AW84: 39600 | AX84: 29505 | AY84: < 2009-06 | BB84: 40817 | BD84: 26683 | BE84: 40512 | BF84: 25002 | BH84: 92197
A85: 39904 | B85: 70127 | C85: N/A | J85: 41183 | L85: 23340 | M85: 50866 | N85: 38833 | Q85: 113039 | U85: 39508 | V85: 1372 | W85: MHA-ELIGIBLE | AA85: 41183 | AB85: 12699 | AC85: 34325 | AD85: 66015 | AF85: 113039 | AI85: 39600 | AJ85: 98365 | AK85: N/A | AN85: 40848 | AP85: 17551 | AQ85: 32247 | AR85: 22206 | AS85: 72004 | AW85: 39600 | AX85: 22525 | AY85: N/A | BB85: 40848 | BD85: 28920 | BE85: 39519 | BF85: 40035 | BH85: 108474
A86: 39934 | B86: 25662 | C86: < 2009-06 | J86: 41214 | K86: 1190 | L86: 40576 | M86: 70841 | N86: 49783 | Q86: 162390 | U86: 39539 | V86: 91357 | W86: NOMHA-REFI | AA86: 41214 | AB86: 21038 | AC86: 46278 | AD86: 95074 | AF86: 162390 | AI86: 39630 | AJ86: 81925 | AK86: N/A | AN86: 40878 | AP86: 20154 | AQ86: 24462 | AR86: 21822 | AS86: 66438 | AW86: 39630 | AX86: 23075 | AY86: N/A | BB86: 40878 | BD86: 35167 | BE86: 45073 | BF86: 62449 | BH86: 142689
A87: 39934 | B87: 51705 | C87: NON-HARP | J87: 41244 | K87: 7 | L87: 16073 | M87: 26902 | N87: 23978 | Q87: 66960 | U87: 39539 | V87: 50960 | W87: NOMHA-PURCHASE | AA87: 41244 | AB87: 8801 | AC87: 16571 | AD87: 41588 | AF87: 66960 | AI87: 39630 | AJ87: 23471 | AK87: < 2009-06 | AN87: 40909 | AP87: 21857 | AQ87: 25527 | AR87: 22762 | AS87: 70146 | AW87: 39630 | AX87: 22067 | AY87: < 2009-06 | BB87: 40909 | BD87: 36302 | BE87: 43789 | BF87: 69339 | BH87: 149430
A88: 39934 | B88: 5842 | C88: HARP | J88: 41275 | L88: 31891 | M88: 42899 | N88: 39760 | Q88: 114550 | U88: 39539 | V88: 1368 | W88: MHA-ELIGIBLE | AA88: 41275 | AB88: 15956 | AC88: 25177 | AD88: 73417 | AF88: 114550 | AI88: 39661 | AJ88: 80739 | AK88: N/A | AN88: 40940 | AP88: 18923 | AQ88: 30765 | AR88: 25465 | AS88: 75153 | AW88: 39661 | AX88: 15491 | AY88: < 2009-06 | BB88: 40940 | BD88: 37421 | BE88: 45234 | BF88: 68368 | BH88: 151023
A89: 39934 | B89: 67567 | C89: N/A | J89: 41306 | L89: 28858 | M89: 41255 | N89: 38300 | Q89: 108413 | U89: 39569 | V89: 91752 | W89: NOMHA-REFI | AA89: 41306 | AB89: 14922 | AC89: 25580 | AD89: 67911 | AF89: 108413 | AI89: 39661 | AJ89: 17448 | AK89: < 2009-06 | AN89: 40969 | AP89: 20650 | AQ89: 21029 | AR89: 22392 | AS89: 64071 | AW89: 39661 | AX89: 19612 | AY89: N/A | BB89: 40969 | BD89: 41993 | BE89: 37294 | BF89: 74896 | BH89: 154183
A90: 39965 | B90: 7053 | C90: < 2009-06 | J90: 41334 | K90: 8 | L90: 30621 | M90: 48881 | N90: 48117 | Q90: 127627 | U90: 39569 | V90: 58452 | W90: NOMHA-PURCHASE | AA90: 41334 | AB90: 16099 | AC90: 28914 | AD90: 82614 | AF90: 127627 | AI90: 39692 | AJ90: 11582 | AK90: < 2009-06 | AN90: 41000 | AP90: 23750 | AQ90: 20238 | AR90: 22169 | AS90: 66157 | AW90: 39692 | AX90: 10494 | AY90: < 2009-06 | BB90: 41000 | BD90: 46599 | BE90: 43130 | BF90: 87727 | BH90: 177456
A91: 39965 | B91: 106391 | C91: NON-HARP | J91: 41365 | K91: 7 | L91: 33414 | M91: 53226 | N91: 40468 | Q91: 127115 | U91: 39569 | V91: 1404 | W91: MHA-ELIGIBLE | AA91: 41365 | AB91: 16803 | AC91: 35275 | AD91: 75037 | AF91: 127115 | AI91: 39692 | AJ91: 67217 | AK91: N/A | AN91: 41030 | AP91: 22147 | AQ91: 24408 | AR91: 21904 | AS91: 68459 | AW91: 39692 | AX91: 15980 | AY91: N/A | BB91: 41030 | BD91: 44701 | BE91: 56078 | BF91: 83635 | BH91: 184414
A92: 39965 | B92: 16517 | C92: HARP | J92: 41395 | K92: 88 | L92: 28554 | M92: 49248 | N92: 26944 | Q92: 104834 | U92: 39600 | V92: 70617 | W92: NOMHA-REFI | AA92: 41395 | AB92: 15227 | AC92: 34586 | AD92: 55021 | AF92: 104834 | AI92: 39722 | AJ92: 45117 | AK92: N/A | AN92: 41061 | AP92: 20132 | AQ92: 32500 | AR92: 18591 | AS92: 71223 | AW92: 39722 | AX92: 8915 | AY92: < 2009-06 | BB92: 41061 | BD92: 41557 | BE92: 54558 | BF92: 66120 | BH92: 162235
A93: 39965 | B93: 104095 | C93: N/A | J93: 41426 | K93: 19 | L93: 30201 | M93: 62348 | N93: 33375 | Q93: 125943 | U93: 39600 | V93: 67055 | W93: NOMHA-PURCHASE | AA93: 41426 | AB93: 14816 | AC93: 44700 | AD93: 66427 | AF93: 125943 | AI93: 39722 | AJ93: 7202 | AK93: < 2009-06 | AN93: 41091 | AP93: 20818 | AQ93: 40914 | AR93: 20169 | AS93: 81901 | AW93: 39722 | AX93: 14635 | AY93: N/A | BB93: 41091 | BD93: 42169 | BE93: 63132 | BF93: 58704 | BH93: 164005
A94: 39995 | B94: 781 | C94: < 2009-06 | J94: 41456 | L94: 22463 | M94: 52562 | N94: 26413 | Q94: 101438 | U94: 39600 | V94: 1370 | W94: MHA-ELIGIBLE | AA94: 41456 | AB94: 11331 | AC94: 39068 | AD94: 51039 | AF94: 101438 | AI94: 39753 | AJ94: 10585 | AK94: < 2009-06 | AN94: 41122 | AP94: 21157 | AQ94: 40188 | AR94: 20467 | AS94: 81812 | AW94: 39753 | AX94: 14115 | AY94: N/A | BB94: 41122 | BD94: 42658 | BE94: 71358 | BF94: 68002 | BH94: 182018
A95: 39995 | B95: 60337 | C95: NON-HARP | J95: 41487 | K95: 1 | L95: 18785 | M95: 62201 | N95: 23108 | Q95: 104095 | U95: 39630 | V95: 36040 | W95: NOMHA-REFI | AA95: 41487 | AB95: 9920 | AC95: 47444 | AD95: 46731 | AF95: 104095 | AI95: 39753 | AJ95: 50694 | AK95: N/A | AN95: 41153 | AP95: 23362 | AQ95: 43003 | AR95: 25359 | AS95: 91724 | AW95: 39753 | AX95: 9826 | AY95: < 2009-06 | BB95: 41153 | BD95: 60637 | BE95: 64773 | BF95: 62940 | BH95: 188350
A96: 39995 | B96: 22075 | C96: HARP | J96: 41518 | K96: 90 | L96: 16394 | M96: 44797 | N96: 12617 | Q96: 73898 | U96: 39630 | V96: 41004 | W96: NOMHA-PURCHASE | AA96: 41518 | AB96: 8504 | AC96: 35267 | AD96: 30127 | AF96: 73898 | AI96: 39783 | AJ96: 15821 | AK96: < 2009-06 | AN96: 41183 | AP96: 24936 | AQ96: 47014 | AR96: 33904 | AS96: 105854 | AW96: 39783 | AX96: 15394 | AY96: N/A | BB96: 41183 | BD96: 67250 | BE96: 66759 | BF96: 77943 | BH96: 211952
A97: 39995 | B97: 71014 | C97: N/A | J97: 41548 | L97: 13595 | M97: 41608 | N97: 8614 | Q97: 63817 | U97: 39630 | V97: 427 | W97: MHA-ELIGIBLE | AA97: 41548 | AB97: 7408 | AC97: 33777 | AD97: 22632 | AF97: 63817 | AI97: 39783 | AJ97: 52103 | AK97: N/A | AN97: 41214 | AP97: 26328 | AQ97: 49817 | AR97: 40037 | AS97: 116182 | AW97: 39783 | AX97: 12743 | AY97: < 2009-06 | BB97: 41214 | BD97: 63599 | BE97: 54797 | BF97: 67527 | BH97: 185923
A98: 40026 | B98: 173 | C98: < 2009-06 | J98: 41579 | K98: 969 | L98: 12144 | M98: 50491 | N98: 7821 | Q98: 71425 | U98: 39661 | V98: 33217 | W98: NOMHA-REFI | AA98: 41579 | AB98: 6199 | AC98: 40694 | AD98: 24532 | AF98: 71425 | AI98: 39814 | AJ98: 32448 | AK98: N/A | AN98: 41244 | AP98: 29752 | AQ98: 49997 | AR98: 40485 | AS98: 120234 | AW98: 39814 | AX98: 9484 | AY98: < 2009-06 | BB98: 41244 | BD98: 74296 | BE98: 58892 | BF98: 83263 | BH98: 216451
A99: 40026 | B99: 55906 | C99: NON-HARP | J99: 41609 | K99: 1125 | L99: 8436 | M99: 51152 | N99: 9232 | Q99: 69945 | U99: 39661 | V99: 47631 | W99: NOMHA-PURCHASE | AA99: 41609 | AB99: 3859 | AC99: 40788 | AD99: 25298 | AF99: 69945 | AI99: 39814 | AJ99: 7542 | AK99: < 2009-06 | AN99: 41275 | AP99: 26820 | AQ99: 39735 | AR99: 36497 | AS99: 103052 | AW99: 39814 | AX99: 11771 | AY99: N/A | BB99: 41275 | BD99: 70012 | BE99: 58734 | BF99: 84096 | BH99: 212842
A100: 40026 | B100: 25210 | C100: HARP | J100: 41640 | L100: 10673 | M100: 41585 | N100: 8940 | Q100: 61198 | U100: 39661 | V100: 419 | W100: MHA-ELIGIBLE | AA100: 41640 | AB100: 5345 | AC100: 32552 | AD100: 23301 | AF100: 61198 | AI100: 39845 | AJ100: 32323 | AK100: < 2009-06 | AN100: 41306 | AP100: 27439 | AQ100: 44263 | AR100: 41281 | AS100: 112983 | AW100: 39845 | AX100: 15596 | AY100: N/A | BB100: 41306 | BD100: 71858 | BE100: 56759 | BF100: 83542 | BH100: 212159
A101: 40026 | B101: 82357 | C101: N/A | J101: 41671 | L101: 9613 | M101: 40661 | N101: 7816 | O101: 433 | Q101: 58523 | U101: 39692 | V101: 29595 | W101: NOMHA-REFI | AA101: 41671 | AB101: 4712 | AC101: 32575 | AD101: 21236 | AF101: 58523 | AI101: 39845 | AJ101: 52470 | AK101: N/A | AN101: 41334 | AP101: 29625 | AQ101: 42586 | AR101: 45862 | AS101: 118073 | AW101: 39845 | AX101: 20177 | AY101: < 2009-06 | BB101: 41334 | BD101: 73084 | BE101: 42223 | BF101: 80177 | BH101: 195484
A102: 40057 | B102: 258 | C102: < 2009-06 | J102: 41699 | K102: 16 | L102: 2000 | M102: 31931 | N102: 2610 | O102: 7802 | Q102: 44359 | U102: 39692 | V102: 47720 | W102: NOMHA-PURCHASE | AA102: 41699 | AB102: 3157 | AC102: 25292 | AD102: 15910 | AF102: 44359 | AI102: 39873 | AJ102: 58125 | AK102: N/A | AN102: 41365 | AP102: 29886 | AQ102: 46377 | AR102: 40421 | AS102: 116684 | AW102: 39873 | AX102: 66165 | AY102: < 2009-06 | BB102: 41365 | BD102: 64077 | BE102: 39632 | BF102: 62542 | BH102: 166251
A103: 40057 | B103: 31910 | C103: NON-HARP | J103: 41730 | L103: 203 | M103: 41535 | N103: 488 | O103: 13317 | Q103: 55543 | U103: 39692 | V103: 409 | W103: MHA-ELIGIBLE | AA103: 41730 | AB103: 3338 | AC103: 33556 | AD103: 18649 | AF103: 55543 | AI103: 39873 | AJ103: 81505 | AK103: < 2009-06 | AN103: 41395 | AP103: 30220 | AQ103: 47960 | AR103: 30711 | AS103: 108891 | AW103: 39873 | AX103: 17183 | AY103: N/A | BB103: 41395 | BD103: 66704 | BE103: 60513 | BF103: 70534 | BH103: 197751
A104: 40057 | B104: 15667 | C104: HARP | J104: 41760 | L104: 50 | M104: 44793 | N104: 144 | O104: 13013 | Q104: 58000 | U104: 39722 | V104: 22753 | W104: NOMHA-REFI | AA104: 41760 | AB104: 2957 | AC104: 36971 | AD104: 18072 | AF104: 58000 | AI104: 39904 | AJ104: 72314 | AK104: N/A | AN104: 41426 | AP104: 28244 | AQ104: 48520 | AR104: 26806 | AS104: 103570 | AW104: 39904 | AX104: 81476 | AY104: < 2009-06 | BB104: 41426 | BD104: 64185 | BE104: 70508 | BF104: 65961 | BH104: 200654
A105: 40057 | B105: 70570 | C105: N/A | J105: 41791 | L105: 13 | M105: 52858 | N105: 15 | O105: 14294 | Q105: 67180 | U105: 39722 | V105: 31841 | W105: NOMHA-PURCHASE | AA105: 41791 | AB105: 3084 | AC105: 44546 | AD105: 19550 | AF105: 67180 | AI105: 39904 | AJ105: 104826 | AK105: < 2009-06 | AN105: 41456 | AP105: 26787 | AQ105: 62247 | AR105: 32722 | AS105: 121756 | AW105: 39904 | AX105: 19205 | AY105: N/A | BB105: 41456 | BD105: 62288 | BE105: 80327 | BF105: 61838 | BH105: 204453
A106: 40087 | B106: 1059 | C106: < 2009-06 | J106: 41821 | L106: 10 | M106: 55463 | N106: 20 | O106: 13253 | Q106: 68746 | U106: 39722 | V106: 177 | W106: MHA-ELIGIBLE | AA106: 41821 | AB106: 2342 | AC106: 47158 | AD106: 19246 | AF106: 68746 | AI106: 39934 | AJ106: 87478 | AK106: N/A | AN106: 41487 | AP106: 23013 | AQ106: 60521 | AR106: 27485 | AS106: 111019 | AW106: 39934 | AX106: 84588 | AY106: < 2009-06 | BB106: 41487 | BD106: 57439 | BE106: 86838 | BF106: 54706 | BH106: 198983
A107: 40087 | B107: 23119 | C107: NON-HARP | J107: 41852 | L107: 25 | M107: 74711 | N107: 4942 | O107: 15355 | Q107: 95033 | U107: 39753 | V107: 27885 | W107: NOMHA-REFI | AA107: 41852 | AB107: 2219 | AC107: 58661 | AD107: 34153 | AF107: 95033 | AI107: 39934 | AJ107: 108692 | AK107: < 2009-06 | AN107: 41518 | AP107: 20541 | AQ107: 56082 | AR107: 19112 | AS107: 95735 | AW107: 39934 | AX107: 22244 | AY107: N/A | BB107: 41518 | BD107: 49678 | BE107: 91301 | BF107: 43768 | BH107: 184747
A108: 40087 | B108: 12098 | C108: HARP | J108: 41883 | K108: 1 | L108: 11 | M108: 65252 | N108: 1198 | O108: 16781 | Q108: 83243 | U108: 39753 | V108: 28701 | W108: NOMHA-PURCHASE | AA108: 41883 | AB108: 2631 | AC108: 53474 | AD108: 27138 | AF108: 83243 | AI108: 39965 | AJ108: 10383 | AK108: HARPed | AN108: 41548 | AP108: 15993 | AQ108: 49157 | AR108: 11604 | AS108: 76754 | AW108: 39965 | AX108: 81756 | AY108: NON-HARPed | BB108: 41548 | BD108: 40554 | BE108: 91705 | BF108: 30822 | BH108: 163081
A109: 40087 | B109: 61209 | C109: N/A | J109: 41913 | L109: 33 | M109: 64996 | N109: 302 | O109: 18205 | Q109: 83536 | U109: 39753 | V109: 407 | W109: MHA-ELIGIBLE | AA109: 41913 | AB109: 2568 | AC109: 52441 | AD109: 28527 | AF109: 83536 | AI109: 39965 | AJ109: 94312 | AK109: NON-HARPed | AN109: 41579 | AP109: 12082 | AQ109: 41646 | AR109: 7900 | AS109: 61628 | AW109: 39965 | AX109: 27796 | AY109: N/A | BB109: 41579 | BD109: 33744 | BE109: 77750 | BF109: 21446 | BH109: 132940
A110: 40118 | B110: 77 | C110: < 2009-06 | J110: 41944 | K110: 3 | L110: 15 | M110: 60127 | N110: 67 | O110: 17771 | Q110: 77983 | U110: 39783 | V110: 28353 | W110: NOMHA-REFI | AA110: 41944 | AB110: 2198 | AC110: 48167 | AD110: 27618 | AF110: 77983 | AI110: 39965 | AJ110: 80976 | AK110: N/A | AN110: 41609 | AP110: 10922 | AQ110: 45669 | AR110: 8033 | AS110: 64624 | AW110: 39965 | AX110: 22119 | AY110: HARPed | BB110: 41609 | BD110: 32773 | BE110: 71683 | BF110: 19444 | BH110: 123900
A111: 40118 | B111: 22548 | C111: NON-HARP | J111: 41974 | K111: 1 | L111: 1 | M111: 48738 | N111: 18 | O111: 20639 | Q111: 69397 | U111: 39783 | V111: 34511 | W111: NOMHA-PURCHASE | AA111: 41974 | AB111: 2266 | AC111: 37180 | AD111: 29951 | AF111: 69397 | AI111: 39995 | AJ111: 82570 | AK111: N/A | AN111: 41640 | AP111: 9751 | AQ111: 45740 | AR111: 9674 | AS111: 65165 | AW111: 39995 | AX111: 98694 | AY111: NON-HARPed | BB111: 41640 | BD111: 28222 | BE111: 55718 | BF111: 18437 | BH111: 102377
A112: 40118 | B112: 16580 | C112: HARP | J112: 42005 | K112: 1 | L112: 17 | M112: 49656 | N112: 67 | O112: 20018 | Q112: 69759 | U112: 39783 | V112: 375 | W112: MHA-ELIGIBLE | AA112: 42005 | AB112: 1926 | AC112: 37274 | AD112: 30559 | AF112: 69759 | AI112: 39995 | AJ112: 90531 | AK112: NON-HARPed | AN112: 41671 | AP112: 9671 | AQ112: 48083 | AR112: 9770 | AS112: 67524 | AW112: 39995 | AX112: 35162 | AY112: N/A | BB112: 41671 | BD112: 26633 | BE112: 56034 | BF112: 17008 | BH112: 99675
A113: 40118 | B113: 54618 | C113: N/A | J113: 42036 | K113: 9 | L113: 26 | M113: 63470 | N113: 7528 | O113: 26307 | Q113: 97340 | U113: 39814 | V113: 36364 | W113: NOMHA-REFI | AA113: 42036 | AB113: 2211 | AC113: 41840 | AD113: 53289 | AF113: 97340 | AI113: 39995 | AJ113: 16311 | AK113: HARPed | AN113: 41699 | AP113: 8095 | AQ113: 32180 | AR113: 6588 | AS113: 46863 | AW113: 39995 | AX113: 39349 | AY113: HARPed | BB113: 41699 | BD113: 22506 | BE113: 39691 | BF113: 13934 | BH113: 76131
A114: 40148 | B114: 336 | C114: < 2009-06 | J114: 42064 | K114: 3319 | M114: 43920 | N114: 34 | O114: 27603 | Q114: 74876 | U114: 39814 | V114: 28940 | W114: NOMHA-PURCHASE | AA114: 42064 | AB114: 1947 | AC114: 29926 | AD114: 43003 | AF114: 74876 | AI114: 40026 | AJ114: 89410 | AK114: N/A | AN114: 41730 | AP114: 3315 | AQ114: 34462 | AR114: 9473 | AS114: 47250 | AW114: 40026 | AX114: 79985 | AY114: NON-HARPed | BB114: 41730 | BD114: 19121 | BE114: 40882 | BF114: 12746 | BH114: 72749
A115: 40148 | B115: 30548 | C115: NON-HARP | J115: 42095 | L115: 1 | M115: 57744 | N115: 1 | O115: 38841 | Q115: 96587 | U115: 39814 | V115: 397 | W115: MHA-ELIGIBLE | AA115: 42095 | AB115: 2099 | AC115: 40194 | AD115: 54294 | AF115: 96587 | AI115: 40026 | AJ115: 71783 | AK115: NON-HARPed | AN115: 41760 | AP115: 3393 | AQ115: 46337 | AR115: 11593 | AS115: 61323 | AW115: 40026 | AX115: 41471 | AY115: HARPed | BB115: 41760 | BD115: 20629 | BE115: 52579 | BF115: 14488 | BH115: 87696
A116: 40148 | B116: 25493 | C116: HARP | J116: 42125 | M116: 63761 | N116: 211 | O116: 32819 | Q116: 96791 | U116: 39845 | V116: 88963 | W116: NOMHA-REFI | AA116: 42125 | AB116: 2013 | AC116: 45666 | AD116: 49112 | AF116: 96791 | AI116: 40026 | AJ116: 25480 | AK116: HARPed | AN116: 41791 | AP116: 3248 | AQ116: 49505 | AR116: 11234 | AS116: 63987 | AW116: 40026 | AX116: 33907 | AY116: N/A | BB116: 41791 | BD116: 19641 | BE116: 60064 | BF116: 14305 | BH116: 94010
A117: 40148 | B117: 70439 | C117: N/A | J117: 42156 | L117: 2 | M117: 74200 | N117: 2804 | O117: 29652 | Q117: 106658 | U117: 39845 | V117: 24431 | W117: NOMHA-PURCHASE | AA117: 42156 | AB117: 1859 | AC117: 53369 | AD117: 51430 | AF117: 106658 | AI117: 40057 | AJ117: 22620 | AK117: HARPed | AN117: 41821 | AP117: 2784 | AQ117: 55296 | AR117: 10540 | AS117: 68620 | AW117: 40057 | AX117: 25673 | AY117: N/A | BB117: 41821 | BD117: 19650 | BE117: 71732 | BF117: 15182 | BH117: 106564
A118: 40179 | B118: 360 | C118: < 2009-06 | J118: 42186 | M118: 77621 | N118: 1279 | O118: 24711 | Q118: 103611 | U118: 39845 | V118: 1250 | W118: MHA-ELIGIBLE | AA118: 42186 | AB118: 1686 | AC118: 58490 | AD118: 43435 | AF118: 103611 | AI118: 40057 | AJ118: 45076 | AK118: NON-HARPed | AN118: 41852 | AP118: 2417 | AQ118: 65987 | AR118: 13459 | AS118: 81863 | AW118: 40057 | AX118: 49944 | AY118: NON-HARPed | BB118: 41852 | BD118: 21026 | BE118: 78272 | BF118: 17576 | BH118: 116874
A119: 40179 | B119: 24350 | C119: NON-HARP | J119: 42217 | M119: 68006 | O119: 17994 | Q119: 86000 | U119: 39873 | V119: 187401 | W119: NOMHA-REFI | AA119: 42217 | AB119: 1399 | AC119: 50580 | AD119: 34021 | AF119: 86000 | AI119: 40057 | AJ119: 83867 | AK119: N/A | AN119: 41883 | AP119: 2312 | AQ119: 67292 | AR119: 14181 | AS119: 83785 | AW119: 40057 | AX119: 30038 | AY119: HARPed | BB119: 41883 | BD119: 22613 | BE119: 76943 | BF119: 18183 | BH119: 117739
A120: 40179 | B120: 24649 | C120: HARP | J120: 42248 | M120: 75190 | N120: 11 | O120: 18141 | Q120: 93342 | U120: 39873 | V120: 27687 | W120: NOMHA-PURCHASE | AA120: 42248 | AB120: 1669 | AC120: 62040 | AD120: 29633 | AF120: 93342 | AI120: 40087 | AJ120: 16406 | AK120: HARPed | AN120: 41913 | AP120: 2380 | AQ120: 63700 | AR120: 14351 | AS120: 80431 | AW120: 40087 | AX120: 25546 | AY120: N/A | BB120: 41913 | BD120: 3822 | BE120: 72571 | BF120: 39009 | BH120: 115402
A121: 40179 | B121: 51271 | C121: N/A | J121: 42278 | M121: 72819 | N121: 531 | O121: 17495 | Q121: 90845 | U121: 39873 | V121: 2318 | W121: MHA-ELIGIBLE | AA121: 42278 | AB121: 1726 | AC121: 56968 | AD121: 32151 | AF121: 90845 | AI121: 40087 | AJ121: 24616 | AK121: NON-HARPed | AN121: 41944 | AP121: 2381 | AQ121: 59685 | AR121: 15344 | AS121: 77410 | AW121: 40087 | AX121: 21784 | AY121: HARPed | BB121: 41944 | BD121: 3734 | BE121: 67442 | BF121: 41903 | BH121: 113079
A122: 40210 | B122: 77 | C122: < 2009-06 | J122: 42309 | K122: 116 | L122: 63 | M122: 61380 | O122: 17242 | Q122: 78801 | U122: 39904 | V122: 140030 | W122: NOMHA-REFI | AA122: 42309 | AB122: 1395 | AC122: 45390 | AD122: 32016 | AF122: 78801 | AI122: 40087 | AJ122: 62931 | AK122: N/A | AN122: 41974 | AP122: 2277 | AQ122: 54341 | AR122: 15891 | AS122: 72509 | AW122: 40087 | AX122: 32936 | AY122: NON-HARPed | BB122: 41974 | BD122: 3478 | BE122: 70617 | BF122: 43011 | BH122: 117106
A123: 40210 | B123: 28003 | C123: NON-HARP | J123: 42339 | L123: 5 | M123: 56308 | O123: 17651 | Q123: 73964 | U123: 39904 | V123: 24673 | W123: NOMHA-PURCHASE | AA123: 42339 | AB123: 1188 | AC123: 41614 | AD123: 31162 | AF123: 73964 | AI123: 40118 | AJ123: 13051 | AK123: HARPed | AN123: 42005 | AP123: 1975 | AQ123: 47249 | AR123: 19500 | AS123: 68724 | AW123: 40118 | AX123: 24426 | AY123: N/A | BB123: 42005 | BD123: 2955 | BE123: 57379 | BF123: 46727 | BH123: 107061
A124: 40210 | B124: 26299 | C124: HARP | J124: 42370 | M124: 38576 | O124: 10736 | Q124: 49312 | U124: 39904 | V124: 1785 | W124: MHA-ELIGIBLE | AA124: 42370 | AB124: 722 | AC124: 28453 | AD124: 20137 | AF124: 49312 | AI124: 40118 | AJ124: 20958 | AK124: NON-HARPed | AN124: 42036 | AP124: 2128 | AQ124: 50077 | AR124: 18810 | AS124: 71015 | AW124: 40118 | AX124: 25969 | AY124: NON-HARPed | BB124: 42036 | BD124: 3183 | BE124: 65620 | BF124: 54114 | BH124: 122917
A125: 40210 | B125: 51586 | C125: N/A | J125: (blank) | U125: 39934 | V125: 123547 | W125: NOMHA-REFI | AA125: (blank) | AI125: 40118 | AJ125: 58846 | AK125: N/A | AN125: 42064 | AP125: 1852 | AQ125: 39430 | AR125: 22277 | AS125: 63559 | AW125: 40118 | AX125: 18281 | AY125: HARPed | BB125: 42064 | BD125: 2758 | BE125: 45536 | BF125: 50538 | BH125: 98832
A126: 40238 | B126: 679 | C126: < 2009-06 | J126: Grand Total | K126: 1071585 | L126: 1270049 | M126: 7768848 | N126: 1512868 | O126: 450073 | Q126: 12073423 | U126: 39934 | V126: 24641 | W126: NOMHA-PURCHASE | AA126: Grand Total | AB126: 743312 | AC126: 4968531 | AD126: 6361580 | AF126: 12073423 | AI126: 40148 | AJ126: 62802 | AK126: N/A | AN126: 42095 | AP126: 1910 | AQ126: 45765 | AR126: 33106 | AS126: 80781 | AW126: 40148 | AX126: 20048 | AY126: HARPed | BB126: 42095 | BD126: 2890 | BE126: 47059 | BF126: 70674 | BH126: 120623
A127: 40238 | B127: 25937 | C127: NON-HARP | U127: 39934 | V127: 2588 | W127: MHA-ELIGIBLE | AI127: 40148 | AJ127: 26484 | AK127: NON-HARPed | AN127: 42125 | AP127: 2169 | AQ127: 63287 | AR127: 37447 | AS127: 102903 | AW127: 40148 | AX127: 26861 | AY127: N/A | BB127: 42125 | BD127: 3285 | BE127: 64171 | BF127: 78177 | BH127: 145633
...

Sheet Sheet2
B1: N/A | C1: < 2009-06 | D1: NON-HARP | E1: HARP | F1: Unknown | X1: NOMHA-PURCHASE | Y1: NOMHA-REFI | Z1: MHA-ELIGIBLE | AE1: N/A | AF1: < 2009-06 | AG1: NON-HARPed | AH1: HARPed | AK1: FNMA | AM1: N/A | AN1: < 2009-06 | AO1: NON-HARPed | AP1: HARPed | AQ1: (blank)
A2: 38687 | B2: 116679 | C2: 19057 | W2: 38687 | X2: 69801 | Y2: 64164 | Z2: 1771 | AD2: 38353 | AE2: 1751 | AF2: 226 | AL2: 38353 | AM2: 18274 | AN2: 19296
A3: 38718 | B3: 101038 | C3: 15165 | W3: 38718 | X3: 56048 | Y3: 58448 | Z3: 1707 | AD3: 38384 | AE3: 1713 | AF3: 237 | AL3: 38384 | AM3: 17818 | AN3: 19367
A4: 38749 | B4: 85924 | C4: 13726 | W4: 38749 | X4: 48505 | Y4: 49549 | Z4: 1596 | AD4: 38412 | AE4: 1379 | AF4: 165 | AL4: 38412 | AM4: 14430 | AN4: 16217
A5: 38777 | B5: 85045 | C5: 13317 | W5: 38777 | X5: 45628 | Y5: 50913 | Z5: 1821 | AD5: 38443 | AE5: 1406 | AF5: 248 | AL5: 38443 | AM5: 16447 | AN5: 18282
A6: 38808 | B6: 91876 | C6: 13740 | W6: 38808 | X6: 50072 | Y6: 54093 | Z6: 1451 | AD6: 38473 | AE6: 1954 | AF6: 357 | AL6: 38473 | AM6: 21208 | AN6: 22945
A7: 38838 | B7: 83181 | C7: 11485 | W7: 38838 | X7: 50281 | Y7: 43099 | Z7: 1286 | AD7: 38504 | AE7: 2080 | AF7: 256 | AL7: 38504 | AM7: 20814 | AN7: 17249
A8: 38869 | B8: 96000 | C8: 11763 | W8: 38869 | X8: 60815 | Y8: 45484 | Z8: 1464 | AD8: 38534 | AE8: 2676 | AF8: 314 | AL8: 38534 | AM8: 25422 | AN8: 20889
A9: 38899 | B9: 94899 | C9: 10532 | W9: 38899 | X9: 62896 | Y9: 41248 | Z9: 1287 | AD9: 38565 | AE9: 3211 | AF9: 372 | AL9: 38565 | AM9: 32384 | AN9: 27493
A10: 38930 | B10: 106784 | C10: 11293 | W10: 38930 | X10: 74272 | Y10: 42532 | Z10: 1273 | AD10: 38596 | AE10: 4048 | AF10: 617 | AL10: 38596 | AM10: 29845 | AN10: 31231
A11: 38961 | B11: 107277 | C11: 11420 | W11: 38961 | X11: 74289 | Y11: 43129 | Z11: 1279 | AD11: 38626 | AE11: 7481 | AF11: 996 | AL11: 38626 | AM11: 29919 | AN11: 30344
A12: 38991 | B12: 92041 | C12: 11613 | W12: 38991 | X12: 59427 | Y12: 43075 | Z12: 1152 | AD12: 38657 | AE12: 15991 | AF12: 2199 | AL12: 38657 | AM12: 25968 | AN12: 27266
A13: 39022 | B13: 83109 | C13: 13547 | W13: 39022 | X13: 48845 | Y13: 46704 | Z13: 1107 | AD13: 38687 | AE13: 58394 | AF13: 9660 | AL13: 38687 | AM13: 23032 | AN13: 26896
... A41: 39873 | B41: 90938 | C41: 126468 | W41: 39873 | X41: 27687 | Y41: 187401 | Z41: 2318 | AD41: 39539 | AE41: 99187 | AF41: 60058 | AL41: 39539 | AM41: 22787 | AN41: 42764
A42: 39904 | B42: 70127 | C42: 91317 | D42: 4758 | E42: 286 | W42: 39904 | X42: 24673 | Y42: 140030 | Z42: 1785 | AD42: 39569 | AE42: 102401 | AF42: 41596 | AL42: 39569 | AM42: 21383 | AN42: 31567
A43: 39934 | B43: 67567 | C43: 25662 | D43: 51705 | E43: 5842 | W43: 39934 | X43: 24641 | Y43: 123547 | Z43: 2588 | AD43: 39600 | AE43: 98365 | AF43: 38213 | AL43: 39600 | AM43: 22525 | AN43: 29505
A44: 39965 | B44: 104095 | C44: 7053 | D44: 106391 | E44: 16517 | W44: 39965 | X44: 41335 | Y44: 183268 | Z44: 9453 | AD44: 39630 | AE44: 81925 | AF44: 23471 | AL44: 39630 | AM44: 23075 | AN44: 22067
A45: 39995 | B45: 71014 | C45: 781 | D45: 60337 | E45: 22075 | W45: 39995 | X45: 32476 | Y45: 107233 | Z45: 14498 | AD45: 39661 | AE45: 80739 | AF45: 17448 | AL45: 39661 | AM45: 19612 | AN45: 15491
A46: 40026 | B46: 82357 | C46: 173 | D46: 55906 | E46: 25210 | W46: 40026 | X46: 42643 | Y46: 104917 | Z46: 16086 | AD46: 39692 | AE46: 67217 | AF46: 11582 | AL46: 39692 | AM46: 15980 | AN46: 10494
A47: 40057 | B47: 70570 | C47: 258 | D47: 31910 | E47: 15667 | W47: 40057 | X47: 41473 | Y47: 67936 | Z47: 8996 | AD47: 39722 | AE47: 45117 | AF47: 7202 | AL47: 39722 | AM47: 14635 | AN47: 8915
A48: 40087 | B48: 61209 | C48: 1059 | D48: 23119 | E48: 12098 | W48: 40087 | X48: 37039 | Y48: 54105 | Z48: 6341 | AD48: 39753 | AE48: 50694 | AF48: 10585 | AL48: 39753 | AM48: 14115 | AN48: 9826
A49: 40118 | B49: 54618 | C49: 77 | D49: 22548 | E49: 16580 | W49: 40118 | X49: 32297 | Y49: 53423 | Z49: 8103 | AD49: 39783 | AE49: 52103 | AF49: 15821 | AL49: 39783 | AM49: 15394 | AN49: 12743
A50: 40148 | B50: 70439 | C50: 336 | D50: 30548 | E50: 25493 | W50: 40148 | X50: 42345 | Y50: 71676 | Z50: 12795 | AD50: 39814 | AE50: 32448 | AF50: 7542 | AL50: 39814 | AM50: 11771 | AN50: 9484
A51: 40179 | B51: 51271 | C51: 360 | D51: 24350 | E51: 24649 | W51: 40179 | X51: 29955 | Y51: 57979 | Z51: 12696 | AD51: 39845 | AE51: 52470 | AF51: 32323 | AL51: 39845 | AM51: 15596 | AN51: 20177
A52: 40210 | B52: 51586 | C52: 77 | D52: 28003 | E52: 26299 | W52: 40210 | X52: 27636 | Y52: 64815 | Z52: 13514 | AD52: 39873 | AE52: 58125 | AF52: 81505 | AL52: 39873 | AM52: 17183 | AN52: 66165
A53: 40238 | B53: 56751 | C53: 679 | D53: 25937 | E53: 21183 | W53: 40238 | X53: 30875 | Y53: 61902 | Z53: 11773 | AD53: 39904 | AE53: 72314 | AF53: 104826 | AL53: 39904 | AM53: 19205 | AN53: 81476
A54: 40269 | B54: 37231 | C54: 113 | D54: 14416 | E54: 19513 | W54: 40269 | X54: 23058 | Y54: 37869 | Z54: 10346 | AD54: 39934 | AE54: 87478 | AF54: 108692 | AL54: 39934 | AM54: 22244 | AN54: 84588
A55: 40299 | B55: 46855 | C55: 25 | D55: 15988 | E55: 17575 | W55: 40299 | X55: 30710 | Y55: 40562 | Z55: 9171 | AD55: 39965 | AE55: 80976 | AG55: 94312 | AH55: 10383 | AL55: 39965 | AM55: 27796 | AO55: 81756 | AP55: 22119
A56: 40330 | B56: 55813 | C56: 4 | D56: 14269 | E56: 19523 | W56: 40330 | X56: 38377 | Y56: 40799 | Z56: 10433 | AD56: 39995 | AE56: 82570 | AG56: 90531 | AH56: 16311 | AL56: 39995 | AM56: 35162 | AO56: 98694 | AP56: 39349
A57: 40360 | B57: 50706 | C57: 1 | D57: 13900 | E57: 19158 | W57: 40360 | X57: 36953 | Y57: 37795 | Z57: 9017 | AD57: 40026 | AE57: 89410 | AG57: 71783 | AH57: 25480 | AL57: 40026 | AM57: 33907 | AO57: 79985 | AP57: 41471
A58: 40391 | B58: 48810 | C58: 1120 | D58: 16488 | E58: 20121 | W58: 40391 | X58: 32778 | Y58: 44543 | Z58: 9218 | AD58: 40057 | AE58: 83867 | AG58: 45076 | AH58: 22620 | AL58: 40057 | AM58: 25673 | AO58: 49944 | AP58: 30038
A59: 40422 | B59: 42017 | C59: 326 | D59: 24337 | E59: 38354 | W59: 40422 | X59: 25077 | Y59: 63945 | Z59: 16012 | AD59: 40087 | AE59: 62931 | AG59: 24616 | AH59: 16406 | AL59: 40087 | AM59: 25546 | AO59: 32936 | AP59: 21784
A60: 40452 | B60: 39705 | C60: 3 | D60: 29103 | E60: 36203 | W60: 40452 | X60: 21824 | Y60: 69234 | Z60: 13956 | AD60: 40118 | AE60: 58846 | AG60: 20958 | AH60: 13051 | AL60: 40118 | AM60: 24426 | AO60: 25969 | AP60: 18281
A61: 40483 | B61: 35585 | C61: 24 | D61: 28907 | E61: 39308 | W61: 40483 | X61: 19204 | Y61: 68606 | Z61: 16014 | AD61: 40148 | AE61: 62802 | AG61: 26484 | AH61: 18179 | AL61: 40148 | AM61: 26861 | AO61: 26137 | AP61: 20048
A62: 40513 | B62: 33399 | C62: 3 | D62: 29330 | E62: 45723 | W62: 40513 | X62: 17561 | Y62: 73157 | Z62: 17737 | AD62: 40179 | AE62: 60390 | AG62: 27562 | AH62: 23590 | AL62: 40179 | AM62: 27023 | AO62: 27335 | AP62: 22598
A63: 40544 | B63: 40868 | D63: 36053 | E63: 31180 | W63: 40544 | X63: 21831 | Y63: 71333 | Z63: 14937 | AD63: 40210 | AE63: 54738 | AG63: 29806 | AH63: 26564 | AL63: 40210 | AM63: 24131 | AO63: 31066 | AP63: 26006
A64: 40575 | B64: 38825 | C64: 150 | D64: 24920 | E64: 36604 | W64: 40575 | X64: 22007 | Y64: 61002 | Z64: 17490 | AD64: 40238 | AE64: 43730 | AG64: 25134 | AH64: 24648 | AL64: 40238 | AM64: 15542 | AO64: 24996 | AP64: 24778
A65: 40603 | B65: 29596 | C65: 2646 | D65: 11405 | E65: 19980 | W65: 40603 | X65: 16260 | Y65: 36850 | Z65: 10517 | AD65: 40269 | AE65: 42612 | AG65: 17800 | AH65: 17440 | AL65: 40269 | AM65: 15025 | AO65: 16955 | AP65: 19537
A66: 40634 | B66: 24320 | C66: 10 | D66: 9549 | E66: 18800 | W66: 40634 | X66: 15307 | Y66: 28254 | Z66: 9118 | AD66: 40299 | AE66: 46375 | AG66: 16829 | AH66: 21045 | AL66: 40299 | AM66: 24751 | AO66: 23261 | AP66: 23581
A67: 40664 | B67: 26412 | D67: 7249 | E67: 12820 | W67: 40664 | X67: 18349 | Y67: 22304 | Z67: 5828 | AD67: 40330 | AE67: 49599 | AG67: 14699 | AH67: 19445 | AL67: 40330 | AM67: 26297 | AO67: 19774 | AP67: 21651
A68: 40695 | B68: 32058 | D68: 7079 | E68: 12588 | W68: 40695 | X68: 23616 | Y68: 22239 | Z68: 5870 | AD68: 40360 | AE68: 51493 | AG68: 11907 | AH68: 15205 | AL68: 40360 | AM68: 29344 | AO68: 16373 | AP68: 17093
A69: 40725 | B69: 25325 | D69: 5161 | E69: 11579 | W69: 40725 | X69: 19009 | Y69: 16955 | Z69: 6101 | AD69: 40391 | AE69: 55048 | AG69: 16456 | AH69: 21345 | AL69: 40391 | AM69: 36104 | AO69: 22123 | AP69: 19377
A70: 40756 | B70: 34306 | D70: 8995 | E70: 13279 | W70: 40756 | X70: 25639 | Y70: 24762 | Z70: 6179 | AD70: 40422 | AE70: 40328 | AG70: 22322 | AH70: 28168 | AL70: 40422 | AM70: 28611 | AO70: 34966 | AP70: 25614
A71: 40787 | B71: 35181 | D71: 9559 | E71: 15550 | W71: 40787 | X71: 27102 | Y71: 25880 | Z71: 7308 | AD71: 40452 | AE71: 41549 | AG71: 30002 | AH71: 33340 | AL71: 40452 | AM71: 34726 | AO71: 54825 | AP71: 35899
A72: 40817 | B72: 28354 | D72: 15321 | E72: 16474 | W72: 40817 | X72: 20424 | Y72: 32509 | Z72: 7216 | AD72: 40483 | AE72: 37450 | AG72: 30869 | AH72: 38106 | AL72: 40483 | AM72: 34796 | AO72: 65313 | AP72: 39955
A73: 40848 | B73: 22321 | C73: 16 | D73: 16181 | E73: 15358 | W73: 40848 | X73: 15277 | Y73: 31848 | Z73: 6751 | AD73: 40513 | AE73: 38964 | AG73: 34888 | AH73: 43237 | AL73: 40513 | AM73: 32088 | AO73: 68437 | AP73: 43745
A74: 40878 | B74: 12661 | D74: 13058 | E74: 17850 | W74: 40878 | X74: 7570 | Y74: 30460 | Z74: 5539 | AD74: 40544 | AE74: 36931 | AG74: 33215 | AH74: 44477 | AL74: 40544 | AM74: 31798 | AO74: 71391 | AP74: 44688
A75: 40909 | B75: 26095 | D75: 21613 | E75: 21469 | W75: 40909 | X75: 16546 | Y75: 40253 | Z75: 12378 | AD75: 40575 | AE75: 41383 | AG75: 30768 | AH75: 37322 | AL75: 40575 | AM75: 32165 | AO75: 61672 | AP75: 43163
A76: 40940 | B76: 35310 | D76: 35057 | E76: 19436 | W76: 40940 | X76: 20135 | Y76: 59797 | Z76: 9871 | AD76: 40603 | AE76: 32412 | AG76: 20081 | AH76: 32289 | AL76: 40603 | AM76: 20587 | AO76: 39380 | AP76: 37615
A77: 40969 | B77: 26813 | D77: 28239 | E77: 29010 | W77: 40969 | X77: 14854 | Y77: 52700 | Z77: 16508 | AD77: 40634 | AE77: 22609 | AG77: 10793 | AH77: 21224 | AL77: 40634 | AM77: 22676 | AO77: 28893 | AP77: 30023
A78: 41000 | B78: 37089 | D78: 30739 | E78: 18814 | W78: 41000 | X78: 22249 | Y78: 52285 | Z78: 12108 | AD78: 40664 | AE78: 29809 | AG78: 9553 | AH78: 14491 | AL78: 40664 | AM78: 27054 | AO78: 23356 | AP78: 30663
A79: 41030 | B79: 26357 | C79: 28 | D79: 17578 | E79: 22353 | W79: 41030 | X79: 16856 | Y79: 37066 | Z79: 12394 | AD79: 40695 | AE79: 30453 | AG79: 7592 | AH79: 13261 | AL79: 40695 | AM79: 26124 | AO79: 16989 | AP79: 26665
A80: 41061 | B80: 49421 | D80: 25831 | E80: 23679 | W80: 41061 | X80: 37261 | Y80: 46044 | Z80: 15626 | AD80: 40725 | AE80: 31433 | AG80: 6380 | AH80: 11117 | AL80: 40725 | AM80: 30974 | AO80: 15387 | AP80: 24085
A81: 41091 | B81: 37815 | D81: 18827 | E81: 21930 | W81: 41091 | X81: 26911 | Y81: 36784 | Z81: 14877 | AD81: 40756 | AE81: 41640 | AG81: 8952 | AH81: 12492 | AL81: 40756 | AM81: 35877 | AO81: 16908 | AP81: 26981
A82: 41122 | B82: 51040 | D82: 26774 | E82: 25715 | W82: 41122 | X82: 37843 | Y82: 51984 | Z82: 13702 | AD82: 40787 | AE82: 37088 | AG82: 9875 | AH82: 14123 | AL82: 40787 | AM82: 34579 | AO82: 18583 | AP82: 26476
A83: 41153 | B83: 34014 | D83: 25041 | E83: 20098 | W83: 41153 | X83: 23418 | Y83: 44391 | Z83: 11344 | AD83: 40817 | AE83: 36313 | AG83: 11433 | AH83: 14084 | AL83: 40817 | AM83: 40512 | AO83: 25002 | AP83: 26683
A84: 41183 | B84: 50866 | D84: 38833 | E84: 23340 | W84: 41183 | X84: 34325 | Y84: 66015 | Z84: 12699 | AD84: 40848 | AE84: 32247 | AG84: 22206 | AH84: 17551 | AL84: 40848 | AM84: 39519 | AO84: 40035 | AP84: 28920
A85: 41214 | B85: 70841 | C85: 1190 | D85: 49783 | E85: 40576 | W85: 41214 | X85: 46278 | Y85: 95074 | Z85: 21038 | AD85: 40878 | AE85: 24462 | AG85: 21822 | AH85: 20154 | AL85: 40878 | AM85: 45073 | AO85: 62449 | AP85: 35167
A86: 41244 | B86: 26902 | C86: 7 | D86: 23978 | E86: 16073 | W86: 41244 | X86: 16571 | Y86: 41588 | Z86: 8801 | AD86: 40909 | AE86: 25527 | AG86: 22762 | AH86: 21857 | AL86: 40909 | AM86: 43789 | AO86: 69339 | AP86: 36302
A87: 41275 | B87: 42899 | D87: 39760 | E87: 31891 | W87: 41275 | X87: 25177 | Y87: 73417 | Z87: 15956 | AD87: 40940 | AE87: 30765 | AG87: 25465 | AH87: 18923 | AL87: 40940 | AM87: 45234 | AO87: 68368 | AP87: 37421
A88: 41306 | B88: 41255 | D88: 38300 | E88: 28858 | W88: 41306 | X88: 25580 | Y88: 67911 | Z88: 14922 | AD88: 40969 | AE88: 21029 | AG88: 22392 | AH88: 20650 | AL88: 40969 | AM88: 37294 | AO88: 74896 | AP88: 41993
A89: 41334 | B89: 48881 | C89: 8 | D89: 48117 | E89: 30621 | W89: 41334 | X89: 28914 | Y89: 82614 | Z89: 16099 | AD89: 41000 | AE89: 20238 | AG89: 22169 | AH89: 23750 | AL89: 41000 | AM89: 43130 | AO89: 87727 | AP89: 46599
A90: 41365 | B90: 53226 | C90: 7 | D90: 40468 | E90: 33414 | W90: 41365 | X90: 35275 | Y90: 75037 | Z90: 16803 | AD90: 41030 | AE90: 24408 | AG90: 21904 | AH90: 22147 | AL90: 41030 | AM90: 56078 | AO90: 83635 | AP90: 44701
A91: 41395 | B91: 49248 | C91: 88 | D91: 26944 | E91: 28554 | W91: 41395 | X91: 34586 | Y91: 55021 | Z91: 15227 | AD91: 41061 | AE91: 32500 | AG91: 18591 | AH91: 20132 | AL91: 41061 | AM91: 54558 | AO91: 66120 | AP91: 41557
A92: 41426 | B92: 62348 | C92: 19 | D92: 33375 | E92: 30201 | W92: 41426 | X92: 44700 | Y92: 66427 | Z92: 14816 | AD92: 41091 | AE92: 40914 | AG92: 20169 | AH92: 20818 | AL92: 41091 | AM92: 63132 | AO92: 58704 | AP92: 42169
A93: 41456 | B93: 52562 | D93: 26413 | E93: 22463 | W93: 41456 | X93: 39068 | Y93: 51039 | Z93: 11331 | AD93: 41122 | AE93: 40188 | AG93: 20467 | AH93: 21157 | AL93: 41122 | AM93: 71358 | AO93: 68002 | AP93: 42658
A94: 41487 | B94: 62201 | C94: 1 | D94: 23108 | E94: 18785 | W94: 41487 | X94: 47444 | Y94: 46731 | Z94: 9920 | AD94: 41153 | AE94: 43003 | AG94: 25359 | AH94: 23362 | AL94: 41153 | AM94: 64773 | AO94: 62940 | AP94: 60637
A95: 41518 | B95: 44797 | C95: 90 | D95: 12617 | E95: 16394 | W95: 41518 | X95: 35267 | Y95: 30127 | Z95: 8504 | AD95: 41183 | AE95: 47014 | AG95: 33904 | AH95: 24936 | AL95: 41183 | AM95: 66759 | AO95: 77943 | AP95: 67250
A96: 41548 | B96: 41608 | D96: 8614 | E96: 13595 | W96: 41548 | X96: 33777 | Y96: 22632 | Z96: 7408 | AD96: 41214 | AE96: 49817 | AG96: 40037 | AH96: 26328 | AL96: 41214 | AM96: 54797 | AO96: 67527 | AP96: 63599
A97: 41579 | B97: 50491 | C97: 969 | D97: 7821 | E97: 12144 | W97: 41579 | X97: 40694 | Y97: 24532 | Z97: 6199 | AD97: 41244 | AE97: 49997 | AG97: 40485 | AH97: 29752 | AL97: 41244 | AM97: 58892 | AO97: 83263 | AP97: 74296
A98: 41609 | B98: 51152 | C98: 1125 | D98: 9232 | E98: 8436 | W98: 41609 | X98: 40788 | Y98: 25298 | Z98: 3859 | AD98: 41275 | AE98: 39735 | AG98: 36497 | AH98: 26820 | AL98: 41275 | AM98: 58734 | AO98: 84096 | AP98: 70012
A99: 41640 | B99: 41585 | D99: 8940 | E99: 10673 | W99: 41640 | X99: 32552 | Y99: 23301 | Z99: 5345 | AD99: 41306 | AE99: 44263 | AG99: 41281 | AH99: 27439 | AL99: 41306 | AM99: 56759 | AO99: 83542 | AP99: 71858
A100: 41671 | B100: 40661 | D100: 7816 | E100: 9613 | F100: 433 | W100: 41671 | X100: 32575 | Y100: 21236 | Z100: 4712 | AD100: 41334 | AE100: 42586 | AG100: 45862 | AH100: 29625 | AL100: 41334 | AM100: 42223 | AO100: 80177 | AP100: 73084
A101: 41699 | B101: 31931 | C101: 16 | D101: 2610 | E101: 2000 | F101: 7802 | W101: 41699 | X101: 25292 | Y101: 15910 | Z101: 3157 | AD101: 41365 | AE101: 46377 | AG101: 40421 | AH101: 29886 | AL101: 41365 | AM101: 39632 | AO101: 62542 | AP101: 64077
A102: 41730 | B102: 41535 | D102: 488 | E102: 203 | F102: 13317 | W102: 41730 | X102: 33556 | Y102: 18649 | Z102: 3338 | AD102: 41395 | AE102: 47960 | AG102: 30711 | AH102: 30220 | AL102: 41395 | AM102: 60513 | AO102: 70534 | AP102: 66704
A103: 41760 | B103: 44793 | D103: 144 | E103: 50 | F103: 13013 | W103: 41760 | X103: 36971 | Y103: 18072 | Z103: 2957 | AD103: 41426 | AE103: 48520 | AG103: 26806 | AH103: 28244 | AL103: 41426 | AM103: 70508 | AO103: 65961 | AP103: 64185
A104: 41791 | B104: 52858 | D104: 15 | E104: 13 | F104: 14294 | W104: 41791 | X104: 44546 | Y104: 19550 | Z104: 3084 | AD104: 41456 | AE104: 62247 | AG104: 32722 | AH104: 26787 | AL104: 41456 | AM104: 80327 | AO104: 61838 | AP104: 62288
A105: 41821 | B105: 55463 | D105: 20 | E105: 10 | F105: 13253 | W105: 41821 | X105: 47158 | Y105: 19246 | Z105: 2342 | AD105: 41487 | AE105: 60521 | AG105: 27485 | AH105: 23013 | AL105: 41487 | AM105: 86838 | AO105: 54706 | AP105: 57439
A106: 41852 | B106: 74711 | D106: 4942 | E106: 25 | F106: 15355 | W106: 41852 | X106: 58661 | Y106: 34153 | Z106: 2219 | AD106: 41518 | AE106: 56082 | AG106: 19112 | AH106: 20541 | AL106: 41518 | AM106: 91301 | AO106: 43768 | AP106: 49678
A107: 41883 | B107: 65252 | C107: 1 | D107: 1198 | E107: 11 | F107: 16781 | W107: 41883 | X107: 53474 | Y107: 27138 | Z107: 2631 | AD107: 41548 | AE107: 49157 | AG107: 11604 | AH107: 15993 | AL107: 41548 | AM107: 91705 | AO107: 30822 | AP107: 40554
A108: 41913 | B108: 64996 | D108: 302 | E108: 33 | F108: 18205 | W108: 41913 | X108: 52441 | Y108: 28527 | Z108: 2568 | AD108: 41579 | AE108: 41646 | AG108: 7900 | AH108: 12082 | AL108: 41579 | AM108: 77750 | AO108: 21446 | AP108: 33744
A109: 41944 | B109: 60127 | C109: 3 | D109: 67 | E109: 15 | F109: 17771 | W109: 41944 | X109: 48167 | Y109: 27618 | Z109: 2198 | AD109: 41609 | AE109: 45669 | AG109: 8033 | AH109: 10922 | AL109: 41609 | AM109: 71683 | AO109: 19444 | AP109: 32773
A110: 41974 | B110: 48738 | C110: 1 | D110: 18 | E110: 1 | F110: 20639 | W110: 41974 | X110: 37180 | Y110: 29951 | Z110: 2266 | AD110: 41640 | AE110: 45740 | AG110: 9674 | AH110: 9751 | AL110: 41640 | AM110: 55718 | AO110: 18437 | AP110: 28222
A111: 42005 | B111: 49656 | C111: 1 | D111: 67 | E111: 17 | F111: 20018 | W111: 42005 | X111: 37274 | Y111: 30559 | Z111: 1926 | AD111: 41671 | AE111: 48083 | AG111: 9770 | AH111: 9671 | AL111: 41671 | AM111: 56034 | AO111: 17008 | AP111: 26633
A112: 42036 | B112: 63470 | C112: 9 | D112: 7528 | E112: 26 | F112: 26307 | W112: 42036 | X112: 41840 | Y112: 53289 | Z112: 2211 | AD112: 41699 | AE112: 32180 | AG112: 6588 | AH112: 8095 | AL112: 41699 | AM112: 39691 | AO112: 13934 | AP112: 22506
A113: 42064 | B113: 43920 | C113: 3319 | D113: 34 | F113: 27603 | W113: 42064 | X113: 29926 | Y113: 43003 | Z113: 1947 | AD113: 41730 | AE113: 34462 | AG113: 9473 | AH113: 3315 | AL113: 41730 | AM113: 40882 | AO113: 12746 | AP113: 19121
A114: 42095 | B114: 57744 | D114: 1 | E114: 1 | F114: 38841 | W114: 42095 | X114: 40194 | Y114: 54294 | Z114: 2099 | AD114: 41760 | AE114: 46337 | AG114: 11593 | AH114: 3393 | AL114: 41760 | AM114: 52579 | AO114: 14488 | AP114: 20629
A115: 42125 | B115: 63761 | D115: 211 | F115: 32819 | W115: 42125 | X115: 45666 | Y115: 49112 | Z115: 2013 | AD115: 41791 | AE115: 49505 | AG115: 11234 | AH115: 3248 | AL115: 41791 | AM115: 60064 | AO115: 14305 | AP115: 19641
A116: 42156 | B116: 74200 | D116: 2804 | E116: 2 | F116: 29652 | W116: 42156 | X116: 53369 | Y116: 51430 | Z116: 1859 | AD116: 41821 | AE116: 55296 | AG116: 10540 | AH116: 2784 | AL116: 41821 | AM116: 71732 | AO116: 15182 | AP116: 19650
A117: 42186 | B117: 77621 | D117: 1279 | F117: 24711 | W117: 42186 | X117: 58490 | Y117: 43435 | Z117: 1686 | AD117: 41852 | AE117: 65987 | AG117: 13459 | AH117: 2417 | AL117: 41852 | AM117: 78272 | AO117: 17576 | AP117: 21026
A118: 42217 | B118: 68006 | F118: 17994 | W118: 42217 | X118: 50580 | Y118: 34021 | Z118: 1399 | AD118: 41883 | AE118: 67292 | AG118: 14181 | AH118: 2312 | AL118: 41883 | AM118: 76943 | AO118: 18183 | AP118: 22613
A119: 42248 | B119: 75190 | D119: 11 | F119: 18141 | W119: 42248 | X119: 62040 | Y119: 29633 | Z119: 1669 | AD119: 41913 | AE119: 63700 | AG119: 14351 | AH119: 2380 | AL119: 41913 | AM119: 72571 | AO119: 39009 | AP119: 3822
A120: 42278 | B120: 72819 | D120: 531 | F120: 17495 | W120: 42278 | X120: 56968 | Y120: 32151 | Z120: 1726 | AD120: 41944 | AE120: 59685 | AG120: 15344 | AH120: 2381 | AL120: 41944 | AM120: 67442 | AO120: 41903 | AP120: 3734
A121: 42309 | B121: 61380 | C121: 116 | E121: 63 | F121: 17242 | W121: 42309 | X121: 45390 | Y121: 32016 | Z121: 1395 | AD121: 41974 | AE121: 54341 | AG121: 15891 | AH121: 2277 | AL121: 41974 | AM121: 70617 | AO121: 43011 | AP121: 3478
A122: 42339 | B122: 56308 | E122: 5 | F122: 17651 | W122: 42339 | X122: 41614 | Y122: 31162 | Z122: 1188 | AD122: 42005 | AE122: 47249 | AG122: 19500 | AH122: 1975 | AL122: 42005 | AM122: 57379 | AO122: 46727 | AP122: 2955
A123: 42370 | B123: 38576 | F123: 10736 | W123: 42370 | X123: 28453 | Y123: 20137 | Z123: 722 | AD123: 42036 | AE123: 50077 | AG123: 18810 | AH123: 2128 | AL123: 42036 | AM123: 65620 | AO123: 54114 | AP123: 3183
AD124: 42064 | AE124: 39430 | AG124: 22277 | AH124: 1852 | AL124: 42064 | AM124: 45536 | AO124: 50538 | AP124: 2758
AD125: 42095 | AE125: 45765 | AG125: 33106 | AH125: 1910 | AL125: 42095 | AM125: 47059 | AO125: 70674 | AP125: 2890
AD126: 42125 | AE126: 63287 | AG126: 37447 | AH126: 2169 | AL126: 42125 | AM126: 64171 | AO126: 78177 | AP126: 3285
AD127: 42156 | AE127: 66830 | AG127: 28536 | AH127: 2004 | AL127: 42156 | AM127: 67676 | AO127: 60562 | AP127: 2905
...

Sheet Sheet3
C2: =C3-C4 -> 1679.9 | D2: =C2/6 -> 279.98333 | E2: =D2/2 -> 139.99167 | I2: 300 | J2: =I2/8 -> 37.5
C3: 2243.8 | D3: =C3/6 -> 373.96667 | E3: =D3/2 -> 186.98333
C4: 563.9 | D4: =C4/6 -> 93.983333
D5: 225 | E5: =D5/2 -> 112.5
E6: =E3+E5 -> 299.48333
F10: 2.783 | G10: 2.783
F11: 93.6 | G11: =G12-G10 -> 1.037
F12: =F10+F11/100 -> 3.719 | G12: 3.82
A18: 2016-01-07 | B18: 2.9119507 | C18: 3.82 | D18: 1 | E18: 0.2 | F18: 1 | G18: 0.58239014 | H18: 0.2 | I18: 0 | J18: 0 | K18: 0.88815503
A19: 2016-01-08 | B19: 2.8854568 | C19: 3.82 | D19: 2 | E19: 0.2 | F19: 2 | G19: 1.1594815 | H19: 0.4 | I19: 0 | J19: 0 | K19: 0.88815503
A20: 2016-01-11 | B20: 2.8978342 | C20: 3.82 | D20: 5 | E20: 0.2 | F20: 3 | G20: 1.7390483 | H20: 0.6 | I20: 0 | J20: 0 | K20: 0.88815503
A21: 2016-01-12 | B21: 2.8424739 | C21: 3.82 | D21: 6 | E21: 0.2 | F21: 4 | G21: 2.3075431 | H21: 0.8 | I21: 2.8844289 | J21: 0.93557109 | K21: 0.93557109
B27: count() | C27: HARPStatus
B28: 1071585 | C28: < 2009-06 | D28: 1
B29: 1270049 | C29: HARP | D29: 1
B30: 7769037 | C30: N/A | D30: 1
B31: 1512868 | C31: NON-HARP | D31: 1
B32: 450103 | C32: Unknown
B34: count() | C34: MHAStatus
B35: 743314 | C35: MHA-ELIGIBLE
B36: 4968713 | C36: NOMHA-PURCHASE
B37: 6361615 | C37: NOMHA-REFI
B43: Old
B44: All | F44: 2015
B45: MHAStatus | C45: count(1) | F45: MHAStatus | G45: count(1)
B46: MHA-ELIGIBLE | C46: 1412406 | F46: MHA-ELIGIBLE | G46: 45056
B47: NOMHA-PURCHASE | C47: 5701166 | F47: NOMHA-PURCHASE | G47: 629706
B48: NOMHA-REFI-CO | C48: 4306137 | F48: NOMHA-REFI-CO | G48: 295887
B49: NOMHA-REFI-NCO | C49: 5961898 | F49: NOMHA-REFI | G49: 463837
C50: =SUM(C46:C49) -> 17381607 | G50: =SUM(G46:G49) -> 1434486
B52: MHAStatus | C52: count(1)
C53: 17381607
B56: MHAStatus | C56: count(1) | F56: MHAStatus | G56: count(1)
B57: MHA-ELIGIBLE | C57: 1448911 | F57: MHA-ELIGIBLE | G57: 45105
B58: NOMHA-PURCHASE | C58: 5701166 | F58: NOMHA-PURCHASE | G58: 629706
B59: NOMHA-REFI | C59: 10150562 | F59: NOMHA-REFI-NCO | G59: 759675
B60: MISC-VERIFY | C60: 80968 | F60: MISC-VERIFY | G60: 0
C61: =SUM(C57:C60) -> 17381607
B66: New
B67: HARPStatus | C67: count(1) | F67: HARPStatus | G67: count(1)
B68: N/A | C68: 7769037 | F68: N/A | G68: 4968713
B69: < 2009-06 | C69: 1071585 | F69: < 2009-06 | G69: 2623503
B70: NON-HARPed | C70: 1506286 | F70: NON-HARPed | G70: 2450387
B71: HARPed | C71: 1261952 | F71: HARPed | G71: 1268450
B72: Unknown | C72: 464782 | F72: Unknown | G72: 762589
C73: =SUM(C68:C72) -> 12073642 | D73: =C71/C73 -> 0.10452124 | G73: =SUM(G68:G72) -> 12073642 | H73: =G71/G73 -> 0.10505943
B75: 2013
B76: HARPStatus | C76: count(1) | F76: HARPStatus | G76: count(1)
B77: N/A | C77: 545032 | F77: N/A | G77: 387414
B78: NON-HARPed | C78: 254757 | F78: NON-HARPed | G78: 255263
B79: HARPed | C79: 291937 | F79: HARPed | G79: 449049

Sheet Sheet5
B1: N/A | C1: < 2009-06 | D1: NON-HARP | E1: HARP | F1: Unknown | G1: Total | J1: NOMHA-PURCHASE | K1: NOMHA-REFI | L1: MHA-ELIGIBLE | M1: Total | R1: New | S1: Old | T1: Ratio
A2: 38687 | B2: 116679 | C2: 19057 | G2: =SUM(B2:F2) -> 135736 | I2: 38687 | J2: 69801 | K2: 64164 | L2: 1771 | M2: =SUM(J2:L2) -> 135736 | Q2: 38687 | R2: =VLOOKUP(Q2,A:F,5,0) -> 0 | S2: =VLOOKUP(Q2,I:M,4,0) -> 1771
A3: 38718 | B3: 101038 | C3: 15165 | G3: =SUM(B3:F3) -> 116203 | I3: 38718 | J3: 56048 | K3: 58448 | L3: 1707 | M3: =SUM(J3:L3) -> 116203 | Q3: 38718 | R3: =VLOOKUP(Q3,A:F,5,0) -> 0 | S3: =VLOOKUP(Q3,I:M,4,0) -> 1707
A4: 38749 | B4: 85924 | C4: 13726 | G4: =SUM(B4:F4) -> 99650 | I4: 38749 | J4: 48505 | K4: 49549 | L4: 1596 | M4: =SUM(J4:L4) -> 99650 | Q4: 38749 | R4: =VLOOKUP(Q4,A:F,5,0) -> 0 | S4: =VLOOKUP(Q4,I:M,4,0) -> 1596
A5: 38777 | B5: 85045 | C5: 13317 | G5: =SUM(B5:F5) -> 98362 | I5: 38777 | J5: 45628 | K5: 50913 | L5: 1821 | M5: =SUM(J5:L5) -> 98362 | Q5: 38777 | R5: =VLOOKUP(Q5,A:F,5,0) -> 0 | S5: =VLOOKUP(Q5,I:M,4,0) -> 1821
A6: 38808 | B6: 91876 | C6: 13740 | G6: =SUM(B6:F6) -> 105616 | I6: 38808 | J6: 50072 | K6: 54093 | L6: 1451 | M6: =SUM(J6:L6) -> 105616 | Q6: 38808 | R6: =VLOOKUP(Q6,A:F,5,0) -> 0 | S6: =VLOOKUP(Q6,I:M,4,0) -> 1451
A7: 38838 | B7: 83181 | C7: 11485 | G7: =SUM(B7:F7) -> 94666 | I7: 38838 | J7: 50281 | K7: 43099 | L7: 1286 | M7: =SUM(J7:L7) -> 94666 | Q7: 38838 | R7: =VLOOKUP(Q7,A:F,5,0) -> 0 | S7: =VLOOKUP(Q7,I:M,4,0) -> 1286
A8: 38869 | B8: 96000 | C8: 11763 | G8: =SUM(B8:F8) -> 107763 | I8: 38869 | J8: 60815 | K8: 45484 | L8: 1464 | M8: =SUM(J8:L8) -> 107763 | Q8: 38869 | R8: =VLOOKUP(Q8,A:F,5,0) -> 0 | S8: =VLOOKUP(Q8,I:M,4,0) -> 1464
A9: 38899 | B9: 94899 | C9: 10532 | G9: =SUM(B9:F9) -> 105431 | I9: 38899 | J9: 62896 | K9: 41248 | L9: 1287 | M9: =SUM(J9:L9) -> 105431 | Q9: 38899 | R9: =VLOOKUP(Q9,A:F,5,0) -> 0 | S9: =VLOOKUP(Q9,I:M,4,0) -> 1287
A10: 38930 | B10: 106784 | C10: 11293 | G10: =SUM(B10:F10) -> 118077 | I10: 38930 | J10: 74272 | K10: 42532 | L10: 1273 | M10: =SUM(J10:L10) -> 118077 | Q10: 38930 | R10: =VLOOKUP(Q10,A:F,5,0) -> 0 | S10: =VLOOKUP(Q10,I:M,4,0) -> 1273
A11: 38961 | B11: 107277 | C11: 11420 | G11: =SUM(B11:F11) -> 118697 | I11: 38961 | J11: 74289 | K11: 43129 | L11: 1279 | M11: =SUM(J11:L11) -> 118697 | Q11: 38961 | R11: =VLOOKUP(Q11,A:F,5,0) -> 0 | S11: =VLOOKUP(Q11,I:M,4,0) -> 1279
A12: 38991 | B12: 92041 | C12: 11613 | G12: =SUM(B12:F12) -> 103654 | I12: 38991 | J12: 59427 | K12: 43075 | L12: 1152 | M12: =SUM(J12:L12) -> 103654 | Q12: 38991 | R12: =VLOOKUP(Q12,A:F,5,0) -> 0 | S12: =VLOOKUP(Q12,I:M,4,0) -> 1152
A13: 39022 | B13: 83109 | C13: 13547 | G13: =SUM(B13:F13) -> 96656 | I13: 39022 | J13: 48845 | K13: 46704 | L13: 1107 | M13: =SUM(J13:L13) -> 96656 | Q13: 39022 | R13: =VLOOKUP(Q13,A:F,5,0) -> 0 | S13: =VLOOKUP(Q13,I:M,4,0) -> 1107
... A41: 39873 | B41: 90938 | C41: 126468 | G41: =SUM(B41:F41) -> 217406 | I41: 39873 | J41: 27687 | K41: 187401 | L41: 2318 | M41: =SUM(J41:L41) -> 217406 | Q41: 39873 | R41: =VLOOKUP(Q41,A:F,5,0) -> 0 | S41: =VLOOKUP(Q41,I:M,4,0) -> 2318
A42: 39904 | B42: 70127 | C42: 91317 | D42: 4758 | E42: 286 | G42: =SUM(B42:F42) -> 166488 | I42: 39904 | J42: 24673 | K42: 140030 | L42: 1785 | M42: =SUM(J42:L42) -> 166488 | Q42: 39904 | R42: =VLOOKUP(Q42,A:F,5,0) -> 286 | S42: =VLOOKUP(Q42,I:M,4,0) -> 1785
A43: 39934 | B43: 67567 | C43: 25662 | D43: 51705 | E43: 5842 | G43: =SUM(B43:F43) -> 150776 | I43: 39934 | J43: 24641 | K43: 123547 | L43: 2588 | M43: =SUM(J43:L43) -> 150776 | Q43: 39934 | R43: =VLOOKUP(Q43,A:F,5,0) -> 5842 | S43: =VLOOKUP(Q43,I:M,4,0) -> 2588
A44: 39965 | B44: 104095 | C44: 7053 | D44: 106391 | E44: 16517 | G44: =SUM(B44:F44) -> 234056 | I44: 39965 | J44: 41335 | K44: 183268 | L44: 9453 | M44: =SUM(J44:L44) -> 234056 | Q44: 39965 | R44: =VLOOKUP(Q44,A:F,5,0) -> 16517 | S44: =VLOOKUP(Q44,I:M,4,0) -> 9453
A45: 39995 | B45: 71014 | C45: 781 | D45: 60337 | E45: 22075 | G45: =SUM(B45:F45) -> 154207 | I45: 39995 | J45: 32476 | K45: 107233 | L45: 14498 | M45: =SUM(J45:L45) -> 154207 | Q45: 39995 | R45: =VLOOKUP(Q45,A:F,5,0) -> 22075 | S45: =VLOOKUP(Q45,I:M,4,0) -> 14498 | T45: =R45/S45 -> 1.5226238
A46: 40026 | B46: 82357 | C46: 173 | D46: 55906 | E46: 25210 | G46: =SUM(B46:F46) -> 163646 | I46: 40026 | J46: 42643 | K46: 104917 | L46: 16086 | M46: =SUM(J46:L46) -> 163646 | Q46: 40026 | R46: =VLOOKUP(Q46,A:F,5,0) -> 25210 | S46: =VLOOKUP(Q46,I:M,4,0) -> 16086 | T46: =R46/S46 -> 1.5672013 | AC46: 2243 | AD46: =AC46/6 -> 373.83333
A47: 40057 | B47: 70570 | C47: 258 | D47: 31910 | E47: 15667 | G47: =SUM(B47:F47) -> 118405 | I47: 40057 | J47: 41473 | K47: 67936 | L47: 8996 | M47: =SUM(J47:L47) -> 118405 | Q47: 40057 | R47: =VLOOKUP(Q47,A:F,5,0) -> 15667 | S47: =VLOOKUP(Q47,I:M,4,0) -> 8996 | T47: =R47/S47 -> 1.7415518 | AC47: 564 | AD47: =AC47/6 -> 94
A48: 40087 | B48: 61209 | C48: 1059 | D48: 23119 | E48: 12098 | G48: =SUM(B48:F48) -> 97485 | I48: 40087 | J48: 37039 | K48: 54105 | L48: 6341 | M48: =SUM(J48:L48) -> 97485 | Q48: 40087 | R48: =VLOOKUP(Q48,A:F,5,0) -> 12098 | S48: =VLOOKUP(Q48,I:M,4,0) -> 6341 | T48: =R48/S48 -> 1.907901 | AC48: =AC46-AC47 -> 1679 | AD48: =AC48/6 -> 279.83333
A49: 40118 | B49: 54618 | C49: 77 | D49: 22548 | E49: 16580 | G49: =SUM(B49:F49) -> 93823 | I49: 40118 | J49: 32297 | K49: 53423 | L49: 8103 | M49: =SUM(J49:L49) -> 93823 | Q49: 40118 | R49: =VLOOKUP(Q49,A:F,5,0) -> 16580 | S49: =VLOOKUP(Q49,I:M,4,0) -> 8103 | T49: =R49/S49 -> 2.0461557
A50: 40148 | B50: 70439 | C50: 336 | D50: 30548 | E50: 25493 | G50: =SUM(B50:F50) -> 126816 | I50: 40148 | J50: 42345 | K50: 71676 | L50: 12795 | M50: =SUM(J50:L50) -> 126816 | Q50: 40148 | R50: =VLOOKUP(Q50,A:F,5,0) -> 25493 | S50: =VLOOKUP(Q50,I:M,4,0) -> 12795 | T50: =R50/S50 -> 1.9924189
A51: 40179 | B51: 51271 | C51: 360 | D51: 24350 | E51: 24649 | G51: =SUM(B51:F51) -> 100630 | I51: 40179 | J51: 29955 | K51: 57979 | L51: 12696 | M51: =SUM(J51:L51) -> 100630 | Q51: 40179 | R51: =VLOOKUP(Q51,A:F,5,0) -> 24649 | S51: =VLOOKUP(Q51,I:M,4,0) -> 12696 | T51: =R51/S51 -> 1.9414776
A52: 40210 | B52: 51586 | C52: 77 | D52: 28003 | E52: 26299 | G52: =SUM(B52:F52) -> 105965 | I52: 40210 | J52: 27636 | K52: 64815 | L52: 13514 | M52: =SUM(J52:L52) -> 105965 | Q52: 40210 | R52: =VLOOKUP(Q52,A:F,5,0) -> 26299 | S52: =VLOOKUP(Q52,I:M,4,0) -> 13514 | T52: =R52/S52 -> 1.9460559
A53: 40238 | B53: 56751 | C53: 679 | D53: 25937 | E53: 21183 | G53: =SUM(B53:F53) -> 104550 | I53: 40238 | J53: 30875 | K53: 61902 | L53: 11773 | M53: =SUM(J53:L53) -> 104550 | Q53: 40238 | R53: =VLOOKUP(Q53,A:F,5,0) -> 21183 | S53: =VLOOKUP(Q53,I:M,4,0) -> 11773 | T53: =R53/S53 -> 1.7992865
A54: 40269 | B54: 37231 | C54: 113 | D54: 14416 | E54: 19513 | G54: =SUM(B54:F54) -> 71273 | I54: 40269 | J54: 23058 | K54: 37869 | L54: 10346 | M54: =SUM(J54:L54) -> 71273 | Q54: 40269 | R54: =VLOOKUP(Q54,A:F,5,0) -> 19513 | S54: =VLOOKUP(Q54,I:M,4,0) -> 10346 | T54: =R54/S54 -> 1.8860429
A55: 40299 | B55: 46855 | C55: 25 | D55: 15988 | E55: 17575 | G55: =SUM(B55:F55) -> 80443 | I55: 40299 | J55: 30710 | K55: 40562 | L55: 9171 | M55: =SUM(J55:L55) -> 80443 | Q55: 40299 | R55: =VLOOKUP(Q55,A:F,5,0) -> 17575 | S55: =VLOOKUP(Q55,I:M,4,0) -> 9171 | T55: =R55/S55 -> 1.9163668
A56: 40330 | B56: 55813 | C56: 4 | D56: 14269 | E56: 19523 | G56: =SUM(B56:F56) -> 89609 | I56: 40330 | J56: 38377 | K56: 40799 | L56: 10433 | M56: =SUM(J56:L56) -> 89609 | Q56: 40330 | R56: =VLOOKUP(Q56,A:F,5,0) -> 19523 | S56: =VLOOKUP(Q56,I:M,4,0) -> 10433 | T56: =R56/S56 -> 1.8712738
A57: 40360 | B57: 50706 | C57: 1 | D57: 13900 | E57: 19158 | G57: =SUM(B57:F57) -> 83765 | I57: 40360 | J57: 36953 | K57: 37795 | L57: 9017 | M57: =SUM(J57:L57) -> 83765 | Q57: 40360 | R57: =VLOOKUP(Q57,A:F,5,0) -> 19158 | S57: =VLOOKUP(Q57,I:M,4,0) -> 9017 | T57: =R57/S57 -> 2.1246534
A58: 40391 | B58: 48810 | C58: 1120 | D58: 16488 | E58: 20121 | G58: =SUM(B58:F58) -> 86539 | I58: 40391 | J58: 32778 | K58: 44543 | L58: 9218 | M58: =SUM(J58:L58) -> 86539 | Q58: 40391 | R58: =VLOOKUP(Q58,A:F,5,0) -> 20121 | S58: =VLOOKUP(Q58,I:M,4,0) -> 9218 | T58: =R58/S58 -> 2.1827945
A59: 40422 | B59: 42017 | C59: 326 | D59: 24337 | E59: 38354 | G59: =SUM(B59:F59) -> 105034 | I59: 40422 | J59: 25077 | K59: 63945 | L59: 16012 | M59: =SUM(J59:L59) -> 105034 | Q59: 40422 | R59: =VLOOKUP(Q59,A:F,5,0) -> 38354 | S59: =VLOOKUP(Q59,I:M,4,0) -> 16012 | T59: =R59/S59 -> 2.3953285
A60: 40452 | B60: 39705 | C60: 3 | D60: 29103 | E60: 36203 | G60: =SUM(B60:F60) -> 105014 | I60: 40452 | J60: 21824 | K60: 69234 | L60: 13956 | M60: =SUM(J60:L60) -> 105014 | Q60: 40452 | R60: =VLOOKUP(Q60,A:F,5,0) -> 36203 | S60: =VLOOKUP(Q60,I:M,4,0) -> 13956 | T60: =R60/S60 -> 2.5940814
... A62: 40513 | B62: 33399 | C62: 3 | D62: 29330 | E62: 45723 | G62: =SUM(B62:F62) -> 108455 | I62: 40513 | J62: 17561 | K62: 73157 | L62: 17737 | M62: =SUM(J62:L62) -> 108455 | Q62: 40513 | R62: =VLOOKUP(Q62,A:F,5,0) -> 45723 | S62: =VLOOKUP(Q62,I:M,4,0) -> 17737 | T62: =R62/S62 -> 2.5778317
A63: 40544 | B63: 40868 | D63: 36053 | E63: 31180 | G63: =SUM(B63:F63) -> 108101 | I63: 40544 | J63: 21831 | K63: 71333 | L63: 14937 | M63: =SUM(J63:L63) -> 108101 | Q63: 40544 | R63: =VLOOKUP(Q63,A:F,5,0) -> 31180 | S63: =VLOOKUP(Q63,I:M,4,0) -> 14937 | T63: =R63/S63 -> 2.0874339
A64: 40575 | B64: 38825 | C64: 150 | D64: 24920 | E64: 36604 | G64: =SUM(B64:F64) -> 100499 | I64: 40575 | J64: 22007 | K64: 61002 | L64: 17490 | M64: =SUM(J64:L64) -> 100499 | Q64: 40575 | R64: =VLOOKUP(Q64,A:F,5,0) -> 36604 | S64: =VLOOKUP(Q64,I:M,4,0) -> 17490 | T64: =R64/S64 -> 2.0928531
A65: 40603 | B65: 29596 | C65: 2646 | D65: 11405 | E65: 19980 | G65: =SUM(B65:F65) -> 63627 | I65: 40603 | J65: 16260 | K65: 36850 | L65: 10517 | M65: =SUM(J65:L65) -> 63627 | Q65: 40603 | R65: =VLOOKUP(Q65,A:F,5,0) -> 19980 | S65: =VLOOKUP(Q65,I:M,4,0) -> 10517 | T65: =R65/S65 -> 1.8997813
A66: 40634 | B66: 24320 | C66: 10 | D66: 9549 | E66: 18800 | G66: =SUM(B66:F66) -> 52679 | I66: 40634 | J66: 15307 | K66: 28254 | L66: 9118 | M66: =SUM(J66:L66) -> 52679 | Q66: 40634 | R66: =VLOOKUP(Q66,A:F,5,0) -> 18800 | S66: =VLOOKUP(Q66,I:M,4,0) -> 9118 | T66: =R66/S66 -> 2.0618557
A67: 40664 | B67: 26412 | D67: 7249 | E67: 12820 | G67: =SUM(B67:F67) -> 46481 | I67: 40664 | J67: 18349 | K67: 22304 | L67: 5828 | M67: =SUM(J67:L67) -> 46481 | Q67: 40664 | R67: =VLOOKUP(Q67,A:F,5,0) -> 12820 | S67: =VLOOKUP(Q67,I:M,4,0) -> 5828 | T67: =R67/S67 -> 2.1997255
A68: 40695 | B68: 32058 | D68: 7079 | E68: 12588 | G68: =SUM(B68:F68) -> 51725 | I68: 40695 | J68: 23616 | K68: 22239 | L68: 5870 | M68: =SUM(J68:L68) -> 51725 | Q68: 40695 | R68: =VLOOKUP(Q68,A:F,5,0) -> 12588 | S68: =VLOOKUP(Q68,I:M,4,0) -> 5870 | T68: =R68/S68 -> 2.1444634
A69: 40725 | B69: 25325 | D69: 5161 | E69: 11579 | G69: =SUM(B69:F69) -> 42065 | I69: 40725 | J69: 19009 | K69: 16955 | L69: 6101 | M69: =SUM(J69:L69) -> 42065 | Q69: 40725 | R69: =VLOOKUP(Q69,A:F,5,0) -> 11579 | S69: =VLOOKUP(Q69,I:M,4,0) -> 6101 | T69: =R69/S69 -> 1.8978856
A70: 40756 | B70: 34306 | D70: 8995 | E70: 13279 | G70: =SUM(B70:F70) -> 56580 | I70: 40756 | J70: 25639 | K70: 24762 | L70: 6179 | M70: =SUM(J70:L70) -> 56580 | Q70: 40756 | R70: =VLOOKUP(Q70,A:F,5,0) -> 13279 | S70: =VLOOKUP(Q70,I:M,4,0) -> 6179 | T70: =R70/S70 -> 2.1490532
A71: 40787 | B71: 35181 | D71: 9559 | E71: 15550 | G71: =SUM(B71:F71) -> 60290 | I71: 40787 | J71: 27102 | K71: 25880 | L71: 7308 | M71: =SUM(J71:L71) -> 60290 | Q71: 40787 | R71: =VLOOKUP(Q71,A:F,5,0) -> 15550 | S71: =VLOOKUP(Q71,I:M,4,0) -> 7308 | T71: =R71/S71 -> 2.1278051
A72: 40817 | B72: 28354 | D72: 15321 | E72: 16474 | G72: =SUM(B72:F72) -> 60149 | I72: 40817 | J72: 20424 | K72: 32509 | L72: 7216 | M72: =SUM(J72:L72) -> 60149 | Q72: 40817 | R72: =VLOOKUP(Q72,A:F,5,0) -> 16474 | S72: =VLOOKUP(Q72,I:M,4,0) -> 7216 | T72: =R72/S72 -> 2.2829823
A73: 40848 | B73: 22321 | C73: 16 | D73: 16181 | E73: 15358 | G73: =SUM(B73:F73) -> 53876 | I73: 40848 | J73: 15277 | K73: 31848 | L73: 6751 | M73: =SUM(J73:L73) -> 53876 | Q73: 40848 | R73: =VLOOKUP(Q73,A:F,5,0) -> 15358 | S73: =VLOOKUP(Q73,I:M,4,0) -> 6751 | T73: =R73/S73 -> 2.2749222
A74: 40878 | B74: 12661 | D74: 13058 | E74: 17850 | G74: =SUM(B74:F74) -> 43569 | I74: 40878 | J74: 7570 | K74: 30460 | L74: 5539 | M74: =SUM(J74:L74) -> 43569 | Q74: 40878 | R74: =VLOOKUP(Q74,A:F,5,0) -> 17850 | S74: =VLOOKUP(Q74,I:M,4,0) -> 5539 | T74: =R74/S74 -> 3.2226034
A75: 40909 | B75: 26095 | D75: 21613 | E75: 21469 | G75: =SUM(B75:F75) -> 69177 | I75: 40909 | J75: 16546 | K75: 40253 | L75: 12378 | M75: =SUM(J75:L75) -> 69177 | Q75: 40909 | R75: =VLOOKUP(Q75,A:F,5,0) -> 21469 | S75: =VLOOKUP(Q75,I:M,4,0) -> 12378 | T75: =R75/S75 -> 1.7344482
A76: 40940 | B76: 35310 | D76: 35057 | E76: 19436 | G76: =SUM(B76:F76) -> 89803 | I76: 40940 | J76: 20135 | K76: 59797 | L76: 9871 | M76: =SUM(J76:L76) -> 89803 | Q76: 40940 | R76: =VLOOKUP(Q76,A:F,5,0) -> 19436 | S76: =VLOOKUP(Q76,I:M,4,0) -> 9871 | T76: =R76/S76 -> 1.9690001
A77: 40969 | B77: 26813 | D77: 28239 | E77: 29010 | G77: =SUM(B77:F77) -> 84062 | I77: 40969 | J77: 14854 | K77: 52700 | L77: 16508 | M77: =SUM(J77:L77) -> 84062 | Q77: 40969 | R77: =VLOOKUP(Q77,A:F,5,0) -> 29010 | S77: =VLOOKUP(Q77,I:M,4,0) -> 16508 | T77: =R77/S77 -> 1.7573298
A78: 41000 | B78: 37089 | D78: 30739 | E78: 18814 | G78: =SUM(B78:F78) -> 86642 | I78: 41000 | J78: 22249 | K78: 52285 | L78: 12108 | M78: =SUM(J78:L78) -> 86642 | Q78: 41000 | R78: =VLOOKUP(Q78,A:F,5,0) -> 18814 | S78: =VLOOKUP(Q78,I:M,4,0) -> 12108 | T78: =R78/S78 -> 1.5538487
A79: 41030 | B79: 26357 | C79: 28 | D79: 17578 | E79: 22353 | G79: =SUM(B79:F79) -> 66316 | I79: 41030 | J79: 16856 | K79: 37066 | L79: 12394 | M79: =SUM(J79:L79) -> 66316 | Q79: 41030 | R79: =VLOOKUP(Q79,A:F,5,0) -> 22353 | S79: =VLOOKUP(Q79,I:M,4,0) -> 12394 | T79: =R79/S79 -> 1.803534
A80: 41061 | B80: 49421 | D80: 25831 | E80: 23679 | G80: =SUM(B80:F80) -> 98931 | I80: 41061 | J80: 37261 | K80: 46044 | L80: 15626 | M80: =SUM(J80:L80) -> 98931 | Q80: 41061 | R80: =VLOOKUP(Q80,A:F,5,0) -> 23679 | S80: =VLOOKUP(Q80,I:M,4,0) -> 15626 | T80: =R80/S80 -> 1.515359
A81: 41091 | B81: 37815 | D81: 18827 | E81: 21930 | G81: =SUM(B81:F81) -> 78572 | I81: 41091 | J81: 26911 | K81: 36784 | L81: 14877 | M81: =SUM(J81:L81) -> 78572 | Q81: 41091 | R81: =VLOOKUP(Q81,A:F,5,0) -> 21930 | S81: =VLOOKUP(Q81,I:M,4,0) -> 14877 | T81: =R81/S81 -> 1.4740875
A82: 41122 | B82: 51040 | D82: 26774 | E82: 25715 | G82: =SUM(B82:F82) -> 103529 | I82: 41122 | J82: 37843 | K82: 51984 | L82: 13702 | M82: =SUM(J82:L82) -> 103529 | Q82: 41122 | R82: =VLOOKUP(Q82,A:F,5,0) -> 25715 | S82: =VLOOKUP(Q82,I:M,4,0) -> 13702 | T82: =R82/S82 -> 1.8767333
A83: 41153 | B83: 34014 | D83: 25041 | E83: 20098 | G83: =SUM(B83:F83) -> 79153 | I83: 41153 | J83: 23418 | K83: 44391 | L83: 11344 | M83: =SUM(J83:L83) -> 79153 | Q83: 41153 | R83: =VLOOKUP(Q83,A:F,5,0) -> 20098 | S83: =VLOOKUP(Q83,I:M,4,0) -> 11344 | T83: =R83/S83 -> 1.7716855
A84: 41183 | B84: 50866 | D84: 38833 | E84: 23340 | G84: =SUM(B84:F84) -> 113039 | I84: 41183 | J84: 34325 | K84: 66015 | L84: 12699 | M84: =SUM(J84:L84) -> 113039 | Q84: 41183 | R84: =VLOOKUP(Q84,A:F,5,0) -> 23340 | S84: =VLOOKUP(Q84,I:M,4,0) -> 12699 | T84: =R84/S84 -> 1.83794
A85: 41214 | B85: 70841 | C85: 1190 | D85: 49783 | E85: 40576 | G85: =SUM(B85:F85) -> 162390 | I85: 41214 | J85: 46278 | K85: 95074 | L85: 21038 | M85: =SUM(J85:L85) -> 162390 | Q85: 41214 | R85: =VLOOKUP(Q85,A:F,5,0) -> 40576 | S85: =VLOOKUP(Q85,I:M,4,0) -> 21038 | T85: =R85/S85 -> 1.9287004
A86: 41244 | B86: 26902 | C86: 7 | D86: 23978 | E86: 16073 | G86: =SUM(B86:F86) -> 66960 | I86: 41244 | J86: 16571 | K86: 41588 | L86: 8801 | M86: =SUM(J86:L86) -> 66960 | Q86: 41244 | R86: =VLOOKUP(Q86,A:F,5,0) -> 16073 | S86: =VLOOKUP(Q86,I:M,4,0) -> 8801 | T86: =R86/S86 -> 1.8262697
A87: 41275 | B87: 42899 | D87: 39760 | E87: 31891 | G87: =SUM(B87:F87) -> 114550 | I87: 41275 | J87: 25177 | K87: 73417 | L87: 15956 | M87: =SUM(J87:L87) -> 114550 | Q87: 41275 | R87: =VLOOKUP(Q87,A:F,5,0) -> 31891 | S87: =VLOOKUP(Q87,I:M,4,0) -> 15956 | T87: =R87/S87 -> 1.9986839
A88: 41306 | B88: 41255 | D88: 38300 | E88: 28858 | G88: =SUM(B88:F88) -> 108413 | I88: 41306 | J88: 25580 | K88: 67911 | L88: 14922 | M88: =SUM(J88:L88) -> 108413 | Q88: 41306 | R88: =VLOOKUP(Q88,A:F,5,0) -> 28858 | S88: =VLOOKUP(Q88,I:M,4,0) -> 14922 | T88: =R88/S88 -> 1.9339231
A89: 41334 | B89: 48881 | C89: 8 | D89: 48117 | E89: 30621 | G89: =SUM(B89:F89) -> 127627 | I89: 41334 | J89: 28914 | K89: 82614 | L89: 16099 | M89: =SUM(J89:L89) -> 127627 | Q89: 41334 | R89: =VLOOKUP(Q89,A:F,5,0) -> 30621 | S89: =VLOOKUP(Q89,I:M,4,0) -> 16099 | T89: =R89/S89 -> 1.9020436
A90: 41365 | B90: 53226 | C90: 7 | D90: 40468 | E90: 33414 | G90: =SUM(B90:F90) -> 127115 | I90: 41365 | J90: 35275 | K90: 75037 | L90: 16803 | M90: =SUM(J90:L90) -> 127115 | Q90: 41365 | R90: =VLOOKUP(Q90,A:F,5,0) -> 33414 | S90: =VLOOKUP(Q90,I:M,4,0) -> 16803 | T90: =R90/S90 -> 1.9885735
A91: 41395 | B91: 49248 | C91: 88 | D91: 26944 | E91: 28554 | G91: =SUM(B91:F91) -> 104834 | I91: 41395 | J91: 34586 | K91: 55021 | L91: 15227 | M91: =SUM(J91:L91) -> 104834 | Q91: 41395 | R91: =VLOOKUP(Q91,A:F,5,0) -> 28554 | S91: =VLOOKUP(Q91,I:M,4,0) -> 15227 | T91: =R91/S91 -> 1.8752216
A92: 41426 | B92: 62348 | C92: 19 | D92: 33375 | E92: 30201 | G92: =SUM(B92:F92) -> 125943 | I92: 41426 | J92: 44700 | K92: 66427 | L92: 14816 | M92: =SUM(J92:L92) -> 125943 | Q92: 41426 | R92: =VLOOKUP(Q92,A:F,5,0) -> 30201 | S92: =VLOOKUP(Q92,I:M,4,0) -> 14816 | T92: =R92/S92 -> 2.0384044
A93: 41456 | B93: 52562 | D93: 26413 | E93: 22463 | G93: =SUM(B93:F93) -> 101438 | I93: 41456 | J93: 39068 | K93: 51039 | L93: 11331 | M93: =SUM(J93:L93) -> 101438 | Q93: 41456 | R93: =VLOOKUP(Q93,A:F,5,0) -> 22463 | S93: =VLOOKUP(Q93,I:M,4,0) -> 11331 | T93: =R93/S93 -> 1.9824376
A94: 41487 | B94: 62201 | C94: 1 | D94: 23108 | E94: 18785 | G94: =SUM(B94:F94) -> 104095 | I94: 41487 | J94: 47444 | K94: 46731 | L94: 9920 | M94: =SUM(J94:L94) -> 104095 | Q94: 41487 | R94: =VLOOKUP(Q94,A:F,5,0) -> 18785 | S94: =VLOOKUP(Q94,I:M,4,0) -> 9920 | T94: =R94/S94 -> 1.8936492
A95: 41518 | B95: 44797 | C95: 90 | D95: 12617 | E95: 16394 | G95: =SUM(B95:F95) -> 73898 | I95: 41518 | J95: 35267 | K95: 30127 | L95: 8504 | M95: =SUM(J95:L95) -> 73898 | Q95: 41518 | R95: =VLOOKUP(Q95,A:F,5,0) -> 16394 | S95: =VLOOKUP(Q95,I:M,4,0) -> 8504 | T95: =R95/S95 -> 1.9277987
A96: 41548 | B96: 41608 | D96: 8614 | E96: 13595 | G96: =SUM(B96:F96) -> 63817 | I96: 41548 | J96: 33777 | K96: 22632 | L96: 7408 | M96: =SUM(J96:L96) -> 63817 | Q96: 41548 | R96: =VLOOKUP(Q96,A:F,5,0) -> 13595 | S96: =VLOOKUP(Q96,I:M,4,0) -> 7408 | T96: =R96/S96 -> 1.8351782
A97: 41579 | B97: 50491 | C97: 969 | D97: 7821 | E97: 12144 | G97: =SUM(B97:F97) -> 71425 | I97: 41579 | J97: 40694 | K97: 24532 | L97: 6199 | M97: =SUM(J97:L97) -> 71425 | Q97: 41579 | R97: =VLOOKUP(Q97,A:F,5,0) -> 12144 | S97: =VLOOKUP(Q97,I:M,4,0) -> 6199 | T97: =R97/S97 -> 1.9590256
A98: 41609 | B98: 51152 | C98: 1125 | D98: 9232 | E98: 8436 | G98: =SUM(B98:F98) -> 69945 | I98: 41609 | J98: 40788 | K98: 25298 | L98: 3859 | M98: =SUM(J98:L98) -> 69945 | Q98: 41609 | R98: =VLOOKUP(Q98,A:F,5,0) -> 8436 | S98: =VLOOKUP(Q98,I:M,4,0) -> 3859 | T98: =R98/S98 -> 2.1860586
A99: 41640 | B99: 41585 | D99: 8940 | E99: 10673 | G99: =SUM(B99:F99) -> 61198 | I99: 41640 | J99: 32552 | K99: 23301 | L99: 5345 | M99: =SUM(J99:L99) -> 61198 | Q99: 41640 | R99: =VLOOKUP(Q99,A:F,5,0) -> 10673 | S99: =VLOOKUP(Q99,I:M,4,0) -> 5345 | T99: =R99/S99 -> 1.9968195
A100: 41671 | B100: 40661 | D100: 7816 | E100: 9613 | F100: 433 | G100: =SUM(B100:F100) -> 58523 | I100: 41671 | J100: 32575 | K100: 21236 | L100: 4712 | M100: =SUM(J100:L100) -> 58523 | Q100: 41671 | R100: =VLOOKUP(Q100,A:F,5,0) -> 9613 | S100: =VLOOKUP(Q100,I:M,4,0) -> 4712 | T100: =AVERAGE(T45:T99) -> 1.9904685
A101: 41699 | B101: 31931 | C101: 16 | D101: 2610 | E101: 2000 | F101: 7802 | G101: =SUM(B101:F101) -> 44359 | I101: 41699 | J101: 25292 | K101: 15910 | L101: 3157 | M101: =SUM(J101:L101) -> 44359 | Q101: 41699 | R101: =VLOOKUP(Q101,A:F,5,0) -> 2000 | S101: =VLOOKUP(Q101,I:M,4,0) -> 3157
A102: 41730 | B102: 41535 | D102: 488 | E102: 203 | F102: 13317 | G102: =SUM(B102:F102) -> 55543 | I102: 41730 | J102: 33556 | K102: 18649 | L102: 3338 | M102: =SUM(J102:L102) -> 55543 | Q102: 41730 | R102: =VLOOKUP(Q102,A:F,5,0) -> 203 | S102: =VLOOKUP(Q102,I:M,4,0) -> 3338
A103: 41760 | B103: 44793 | D103: 144 | E103: 50 | F103: 13013 | G103: =SUM(B103:F103) -> 58000 | I103: 41760 | J103: 36971 | K103: 18072 | L103: 2957 | M103: =SUM(J103:L103) -> 58000 | Q103: 41760 | R103: =VLOOKUP(Q103,A:F,5,0) -> 50 | S103: =VLOOKUP(Q103,I:M,4,0) -> 2957
A104: 41791 | B104: 52858 | D104: 15 | E104: 13 | F104: 14294 | G104: =SUM(B104:F104) -> 67180 | I104: 41791 | J104: 44546 | K104: 19550 | L104: 3084 | M104: =SUM(J104:L104) -> 67180 | Q104: 41791 | R104: =VLOOKUP(Q104,A:F,5,0) -> 13 | S104: =VLOOKUP(Q104,I:M,4,0) -> 3084
A105: 41821 | B105: 55463 | D105: 20 | E105: 10 | F105: 13253 | G105: =SUM(B105:F105) -> 68746 | I105: 41821 | J105: 47158 | K105: 19246 | L105: 2342 | M105: =SUM(J105:L105) -> 68746 | Q105: 41821 | R105: =VLOOKUP(Q105,A:F,5,0) -> 10 | S105: =VLOOKUP(Q105,I:M,4,0) -> 2342
A106: 41852 | B106: 74711 | D106: 4942 | E106: 25 | F106: 15355 | G106: =SUM(B106:F106) -> 95033 | I106: 41852 | J106: 58661 | K106: 34153 | L106: 2219 | M106: =SUM(J106:L106) -> 95033 | Q106: 41852 | R106: =VLOOKUP(Q106,A:F,5,0) -> 25 | S106: =VLOOKUP(Q106,I:M,4,0) -> 2219
A107: 41883 | B107: 65252 | C107: 1 | D107: 1198 | E107: 11 | F107: 16781 | G107: =SUM(B107:F107) -> 83243 | I107: 41883 | J107: 53474 | K107: 27138 | L107: 2631 | M107: =SUM(J107:L107) -> 83243 | Q107: 41883 | R107: =VLOOKUP(Q107,A:F,5,0) -> 11 | S107: =VLOOKUP(Q107,I:M,4,0) -> 2631
A108: 41913 | B108: 64996 | D108: 302 | E108: 33 | F108: 18205 | G108: =SUM(B108:F108) -> 83536 | I108: 41913 | J108: 52441 | K108: 28527 | L108: 2568 | M108: =SUM(J108:L108) -> 83536 | Q108: 41913 | R108: =VLOOKUP(Q108,A:F,5,0) -> 33 | S108: =VLOOKUP(Q108,I:M,4,0) -> 2568
A109: 41944 | B109: 60127 | C109: 3 | D109: 67 | E109: 15 | F109: 17771 | G109: =SUM(B109:F109) -> 77983 | I109: 41944 | J109: 48167 | K109: 27618 | L109: 2198 | M109: =SUM(J109:L109) -> 77983 | Q109: 41944 | R109: =VLOOKUP(Q109,A:F,5,0) -> 15 | S109: =VLOOKUP(Q109,I:M,4,0) -> 2198
A110: 41974 | B110: 48738 | C110: 1 | D110: 18 | E110: 1 | F110: 20639 | G110: =SUM(B110:F110) -> 69397 | I110: 41974 | J110: 37180 | K110: 29951 | L110: 2266 | M110: =SUM(J110:L110) -> 69397 | Q110: 41974 | R110: =VLOOKUP(Q110,A:F,5,0) -> 1 | S110: =VLOOKUP(Q110,I:M,4,0) -> 2266
A111: 42005 | B111: 49656 | C111: 1 | D111: 67 | E111: 17 | F111: 20018 | G111: =SUM(B111:F111) -> 69759 | I111: 42005 | J111: 37274 | K111: 30559 | L111: 1926 | M111: =SUM(J111:L111) -> 69759 | Q111: 42005 | R111: =VLOOKUP(Q111,A:F,5,0) -> 17 | S111: =VLOOKUP(Q111,I:M,4,0) -> 1926
A112: 42036 | B112: 63470 | C112: 9 | D112: 7528 | E112: 26 | F112: 26307 | G112: =SUM(B112:F112) -> 97340 | I112: 42036 | J112: 41840 | K112: 53289 | L112: 2211 | M112: =SUM(J112:L112) -> 97340 | Q112: 42036 | R112: =VLOOKUP(Q112,A:F,5,0) -> 26 | S112: =VLOOKUP(Q112,I:M,4,0) -> 2211
A113: 42064 | B113: 43920 | C113: 3319 | D113: 34 | F113: 27603 | G113: =SUM(B113:F113) -> 74876 | I113: 42064 | J113: 29926 | K113: 43003 | L113: 1947 | M113: =SUM(J113:L113) -> 74876 | Q113: 42064 | R113: =VLOOKUP(Q113,A:F,5,0) -> 0 | S113: =VLOOKUP(Q113,I:M,4,0) -> 1947
A114: 42095 | B114: 57744 | D114: 1 | E114: 1 | F114: 38841 | G114: =SUM(B114:F114) -> 96587 | I114: 42095 | J114: 40194 | K114: 54294 | L114: 2099 | M114: =SUM(J114:L114) -> 96587 | Q114: 42095 | R114: =VLOOKUP(Q114,A:F,5,0) -> 1 | S114: =VLOOKUP(Q114,I:M,4,0) -> 2099
A115: 42125 | B115: 63761 | D115: 211 | F115: 32819 | G115: =SUM(B115:F115) -> 96791 | I115: 42125 | J115: 45666 | K115: 49112 | L115: 2013 | M115: =SUM(J115:L115) -> 96791 | Q115: 42125 | R115: =VLOOKUP(Q115,A:F,5,0) -> 0 | S115: =VLOOKUP(Q115,I:M,4,0) -> 2013
A116: 42156 | B116: 74200 | D116: 2804 | E116: 2 | F116: 29652 | G116: =SUM(B116:F116) -> 106658 | I116: 42156 | J116: 53369 | K116: 51430 | L116: 1859 | M116: =SUM(J116:L116) -> 106658 | Q116: 42156 | R116: =VLOOKUP(Q116,A:F,5,0) -> 2 | S116: =VLOOKUP(Q116,I:M,4,0) -> 1859
A117: 42186 | B117: 77621 | D117: 1279 | F117: 24711 | G117: =SUM(B117:F117) -> 103611 | I117: 42186 | J117: 58490 | K117: 43435 | L117: 1686 | M117: =SUM(J117:L117) -> 103611 | Q117: 42186 | R117: =VLOOKUP(Q117,A:F,5,0) -> 0 | S117: =VLOOKUP(Q117,I:M,4,0) -> 1686
A118: 42217 | B118: 68006 | F118: 17994 | G118: =SUM(B118:F118) -> 86000 | I118: 42217 | J118: 50580 | K118: 34021 | L118: 1399 | M118: =SUM(J118:L118) -> 86000 | Q118: 42217 | R118: =VLOOKUP(Q118,A:F,5,0) -> 0 | S118: =VLOOKUP(Q118,I:M,4,0) -> 1399
A119: 42248 | B119: 75190 | D119: 11 | F119: 18141 | G119: =SUM(B119:F119) -> 93342 | I119: 42248 | J119: 62040 | K119: 29633 | L119: 1669 | M119: =SUM(J119:L119) -> 93342 | Q119: 42248 | R119: =VLOOKUP(Q119,A:F,5,0) -> 0 | S119: =VLOOKUP(Q119,I:M,4,0) -> 1669
A120: 42278 | B120: 72819 | D120: 531 | F120: 17495 | G120: =SUM(B120:F120) -> 90845 | I120: 42278 | J120: 56968 | K120: 32151 | L120: 1726 | M120: =SUM(J120:L120) -> 90845 | Q120: 42278 | R120: =VLOOKUP(Q120,A:F,5,0) -> 0 | S120: =VLOOKUP(Q120,I:M,4,0) -> 1726
A121: 42309 | B121: 61380 | C121: 116 | E121: 63 | F121: 17242 | G121: =SUM(B121:F121) -> 78801 | I121: 42309 | J121: 45390 | K121: 32016 | L121: 1395 | M121: =SUM(J121:L121) -> 78801 | Q121: 42309 | R121: =VLOOKUP(Q121,A:F,5,0) -> 63 | S121: =VLOOKUP(Q121,I:M,4,0) -> 1395
A122: 42339 | B122: 56308 | E122: 5 | F122: 17651 | G122: =SUM(B122:F122) -> 73964 | I122: 42339 | J122: 41614 | K122: 31162 | L122: 1188 | M122: =SUM(J122:L122) -> 73964 | Q122: 42339 | R122: =VLOOKUP(Q122,A:F,5,0) -> 5 | S122: =VLOOKUP(Q122,I:M,4,0) -> 1188
A123: 42370 | B123: 38576 | F123: 10736 | G123: =SUM(B123:F123) -> 49312 | I123: 42370 | J123: 28453 | K123: 20137 | L123: 722 | M123: =SUM(J123:L123) -> 49312 | Q123: 42370 | R123: =VLOOKUP(Q123,A:F,5,0) -> 0 | S123: =VLOOKUP(Q123,I:M,4,0) -> 722

Sheet >80 LTV
A4: pmtdate | B4: count() | C4: HARPStatus | G4: pmtdate | H4: count() | I4: MHAStatus | M4: Sum of count() | N4: Column Labels | W4: Sum of count() | X4: Column Labels
A5: 38353 | B5: 865 | C5: N/A | G5: 38353 | H5: 826 | I5: NOMHA-PURCHASE | M5: Row Labels | N5: < 2009-06 | O5: HARP | P5: N/A | Q5: NON-HARP | R5: Unknown | S5: Grand Total | W5: Row Labels | X5: MHA-ELIGIBLE | Y5: NOMHA-PURCHASE | Z5: NOMHA-REFI | AA5: Grand Total | AF5: HARP-I | AG5: HARP-II | AH5: Ratio II/I | AI5: Total-I | AJ5: Total-II
A6: 38353 | B6: 23 | C6: < 2009-06 | G6: 38353 | H6: 44 | I6: MHA-ELIGIBLE | M6: 38353 | N6: 23 | P6: 865 | S6: 888 | W6: 38353 | X6: 44 | Y6: 826 | Z6: 18 | AA6: 888 | AE6: 39965 | AF6: =VLOOKUP(AE6,W:AB,2,0) -> 4272 | AG6: =VLOOKUP(AE6,M:S,3,0) -> 3673 | AH6: =AG6/AF6 -> 0.85978464 | AI6: =VLOOKUP(AE6,W:AB,5,0) -> 16449 | AJ6: =VLOOKUP(AE6,M:S,7,0) -> 16449
A7: 38384 | B7: 37 | C7: < 2009-06 | G7: 38353 | H7: 18 | I7: NOMHA-REFI | M7: 38384 | N7: 37 | P7: 843 | S7: 880 | W7: 38384 | X7: 49 | Y7: 813 | Z7: 18 | AA7: 880 | AE7: 39995 | AF7: =VLOOKUP(AE7,W:AB,2,0) -> 9557 | AG7: =VLOOKUP(AE7,M:S,3,0) -> 9247 | AH7: =AG7/AF7 -> 0.96756304 | AI7: =VLOOKUP(AE7,W:AB,5,0) -> 21488 | AJ7: =VLOOKUP(AE7,M:S,7,0) -> 21488
A8: 38384 | B8: 843 | C8: N/A | G8: 38384 | H8: 49 | I8: MHA-ELIGIBLE | M8: 38412 | N8: 24 | P8: 643 | S8: 667 | W8: 38412 | X8: 30 | Y8: 614 | Z8: 23 | AA8: 667 | AE8: 40026 | AF8: =VLOOKUP(AE8,W:AB,2,0) -> 15810 | AG8: =VLOOKUP(AE8,M:S,3,0) -> 15370 | AH8: =AG8/AF8 -> 0.97216951 | AI8: =VLOOKUP(AE8,W:AB,5,0) -> 28635 | AJ8: =VLOOKUP(AE8,M:S,7,0) -> 28635
A9: 38412 | B9: 643 | C9: N/A | G9: 38384 | H9: 813 | I9: NOMHA-PURCHASE | M9: 38443 | N9: 34 | P9: 600 | S9: 634 | W9: 38443 | X9: 35 | Y9: 571 | Z9: 28 | AA9: 634 | AE9: 40057 | AF9: =VLOOKUP(AE9,W:AB,2,0) -> 14494 | AG9: =VLOOKUP(AE9,M:S,3,0) -> 14029 | AH9: =AG9/AF9 -> 0.96791776 | AI9: =VLOOKUP(AE9,W:AB,5,0) -> 26615 | AJ9: =VLOOKUP(AE9,M:S,7,0) -> 26615
A10: 38412 | B10: 24 | C10: < 2009-06 | G10: 38384 | H10: 18 | I10: NOMHA-REFI | M10: 38473 | N10: 29 | P10: 713 | S10: 742 | W10: 38473 | X10: 28 | Y10: 695 | Z10: 19 | AA10: 742 | AE10: 40087 | AF10: =VLOOKUP(AE10,W:AB,2,0) -> 9396 | AG10: =VLOOKUP(AE10,M:S,3,0) -> 9135 | AH10: =AG10/AF10 -> 0.97222222 | AI10: =VLOOKUP(AE10,W:AB,5,0) -> 18752 | AJ10: =VLOOKUP(AE10,M:S,7,0) -> 18752
A11: 38443 | B11: 34 | C11: < 2009-06 | G11: 38412 | H11: 23 | I11: NOMHA-REFI | M11: 38504 | N11: 28 | P11: 794 | S11: 822 | W11: 38504 | X11: 16 | Y11: 767 | Z11: 39 | AA11: 822 | AE11: 40118 | AF11: =VLOOKUP(AE11,W:AB,2,0) -> 7014 | AG11: =VLOOKUP(AE11,M:S,3,0) -> 6784 | AH11: =AG11/AF11 -> 0.96720844 | AI11: =VLOOKUP(AE11,W:AB,5,0) -> 15438 | AJ11: =VLOOKUP(AE11,M:S,7,0) -> 15438
A12: 38443 | B12: 600 | C12: N/A | G12: 38412 | H12: 30 | I12: MHA-ELIGIBLE | M12: 38534 | N12: 59 | P12: 999 | S12: 1058 | W12: 38534 | X12: 39 | Y12: 949 | Z12: 70 | AA12: 1058 | AE12: 40148 | AF12: =VLOOKUP(AE12,W:AB,2,0) -> 9189 | AG12: =VLOOKUP(AE12,M:S,3,0) -> 8893 | AH12: =AG12/AF12 -> 0.96778757 | AI12: =VLOOKUP(AE12,W:AB,5,0) -> 18116 | AJ12: =VLOOKUP(AE12,M:S,7,0) -> 18116
A13: 38473 | B13: 713 | C13: N/A | G13: 38412 | H13: 614 | I13: NOMHA-PURCHASE | M13: 38565 | N13: 54 | P13: 1154 | S13: 1208 | W13: 38565 | X13: 57 | Y13: 1084 | Z13: 67 | AA13: 1208 | AE13: 40179 | AF13: =VLOOKUP(AE13,W:AB,2,0) -> 11722 | AG13: =VLOOKUP(AE13,M:S,3,0) -> 11371 | AH13: =AG13/AF13 -> 0.9700563 | AI13: =VLOOKUP(AE13,W:AB,5,0) -> 20516 | AJ13: =VLOOKUP(AE13,M:S,7,0) -> 20516
A14: 38473 | B14: 29 | C14: < 2009-06 | G14: 38443 | H14: 35 | I14: MHA-ELIGIBLE | M14: 38596 | N14: 96 | P14: 1240 | S14: 1336 | W14: 38596 | X14: 49 | Y14: 1170 | Z14: 117 | AA14: 1336 | AE14: 40210 | AF14: =VLOOKUP(AE14,W:AB,2,0) -> 13737 | AG14: =VLOOKUP(AE14,M:S,3,0) -> 13463 | AH14: =AG14/AF14 -> 0.98005387 | AI14: =VLOOKUP(AE14,W:AB,5,0) -> 20379 | AJ14: =VLOOKUP(AE14,M:S,7,0) -> 20379
A15: 38504 | B15: 28 | C15: < 2009-06 | G15: 38443 | H15: 571 | I15: NOMHA-PURCHASE | M15: 38626 | N15: 133 | P15: 1903 | S15: 2036 | W15: 38626 | X15: 112 | Y15: 1749 | Z15: 175 | AA15: 2036 | AE15: 40238 | AF15: =VLOOKUP(AE15,W:AB,2,0) -> 12676 | AG15: =VLOOKUP(AE15,M:S,3,0) -> 12639 | AH15: =AG15/AF15 -> 0.9970811 | AI15: =VLOOKUP(AE15,W:AB,5,0) -> 17708 | AJ15: =VLOOKUP(AE15,M:S,7,0) -> 17708
A16: 38504 | B16: 794 | C16: N/A | G16: 38443 | H16: 28 | I16: NOMHA-REFI | M16: 38657 | N16: 283 | P16: 3071 | S16: 3354 | W16: 38657 | X16: 243 | Y16: 2639 | Z16: 472 | AA16: 3354 | AE16: 40269 | AF16: =VLOOKUP(AE16,W:AB,2,0) -> 9563 | AG16: =VLOOKUP(AE16,M:S,3,0) -> 9607 | AH16: =AG16/AF16 -> 1.0046011 | AI16: =VLOOKUP(AE16,W:AB,5,0) -> 14556 | AJ16: =VLOOKUP(AE16,M:S,7,0) -> 14556
A17: 38534 | B17: 999 | C17: N/A | G17: 38473 | H17: 19 | I17: NOMHA-REFI | M17: 38687 | N17: 1405 | P17: 9731 | S17: 11136 | W17: 38687 | X17: 989 | Y17: 7648 | Z17: 2499 | AA17: 11136 | AE17: 40299 | AF17: =VLOOKUP(AE17,W:AB,2,0) -> 11244 | AG17: =VLOOKUP(AE17,M:S,3,0) -> 11233 | AH17: =AG17/AF17 -> 0.9990217 | AI17: =VLOOKUP(AE17,W:AB,5,0) -> 17676 | AJ17: =VLOOKUP(AE17,M:S,7,0) -> 17676
... A58: 39142 | B58: 16836 | C58: N/A | G58: 38869 | H58: 1389 | I58: MHA-ELIGIBLE | M58: 39934 | N58: 7801 | P58: 8110 | S58: 15911 | W58: 39934 | X58: 1844 | Y58: 7665 | Z58: 6402 | AA58: 15911 | AE58: 41548 | AF58: =VLOOKUP(AE58,W:AB,2,0) -> 8489 | AG58: =VLOOKUP(AE58,M:S,3,0) -> 8808 | AH58: =AG58/AF58 -> 1.037578 | AI58: =VLOOKUP(AE58,W:AB,5,0) -> 25586 | AJ58: =VLOOKUP(AE58,M:S,7,0) -> 25586
A59: 39173 | B59: 19589 | C59: N/A | G59: 38899 | H59: 3240 | I59: NOMHA-REFI | M59: 39965 | O59: 3673 | P59: 7390 | Q59: 5386 | S59: 16449 | W59: 39965 | X59: 4272 | Y59: 7108 | Z59: 5069 | AA59: 16449 | AE59: 41579 | AF59: =VLOOKUP(AE59,W:AB,2,0) -> 6264 | AG59: =VLOOKUP(AE59,M:S,3,0) -> 6521 | AH59: =AG59/AF59 -> 1.0410281 | AI59: =VLOOKUP(AE59,W:AB,5,0) -> 20817 | AJ59: =VLOOKUP(AE59,M:S,7,0) -> 20817
A60: 39173 | B60: 2844 | C60: < 2009-06 | G60: 38899 | H60: 15985 | I60: NOMHA-PURCHASE | M60: 39995 | O60: 9247 | P60: 7562 | Q60: 4679 | S60: 21488 | W60: 39995 | X60: 9557 | Y60: 7329 | Z60: 4602 | AA60: 21488 | AE60: 41609 | AF60: =VLOOKUP(AE60,W:AB,2,0) -> 5421 | AG60: =VLOOKUP(AE60,M:S,3,0) -> 5615 | AH60: =AG60/AF60 -> 1.0357868 | AI60: =VLOOKUP(AE60,W:AB,5,0) -> 20796 | AJ60: =VLOOKUP(AE60,M:S,7,0) -> 20796
A61: 39203 | B61: 27055 | C61: N/A | G61: 38899 | H61: 1405 | I61: MHA-ELIGIBLE | M61: 40026 | O61: 15370 | P61: 8903 | Q61: 4362 | S61: 28635 | W61: 40026 | X61: 15810 | Y61: 8765 | Z61: 4060 | AA61: 28635 | AE61: 41640 | AF61: =VLOOKUP(AE61,W:AB,2,0) -> 4753 | AG61: =VLOOKUP(AE61,M:S,3,0) -> 4989 | AH61: =AG61/AF61 -> 1.0496529 | AI61: =VLOOKUP(AE61,W:AB,5,0) -> 20698 | AJ61: =VLOOKUP(AE61,M:S,7,0) -> 20698
A62: 39203 | B62: 3865 | C62: < 2009-06 | G62: 38930 | H62: 3287 | I62: NOMHA-REFI | M62: 40057 | O62: 14029 | P62: 9675 | Q62: 2911 | S62: 26615 | W62: 40057 | X62: 14494 | Y62: 9547 | Z62: 2574 | AA62: 26615 | AE62: 41671 | AF62: =VLOOKUP(AE62,W:AB,2,0) -> 4811 | AG62: =VLOOKUP(AE62,M:S,3,0) -> 4958 | AH62: =AG62/AF62 -> 1.030555 | AI62: =VLOOKUP(AE62,W:AB,5,0) -> 21746 | AJ62: =VLOOKUP(AE62,M:S,7,0) -> 21746
A63: 39234 | B63: 4487 | C63: < 2009-06 | G63: 38930 | H63: 18666 | I63: NOMHA-PURCHASE | M63: 40087 | O63: 9135 | P63: 7833 | Q63: 1784 | S63: 18752 | W63: 40087 | X63: 9396 | Y63: 7753 | Z63: 1603 | AA63: 18752 | AE63: 41699 | AF63: =VLOOKUP(AE63,W:AB,2,0) -> 3966 | AG63: =VLOOKUP(AE63,M:S,3,0) -> 4086 | AH63: =AG63/AF63 -> 1.0302572 | AI63: =VLOOKUP(AE63,W:AB,5,0) -> 14988 | AJ63: =VLOOKUP(AE63,M:S,7,0) -> 14988
A64: 39234 | B64: 30328 | C64: N/A | G64: 38930 | H64: 1330 | I64: MHA-ELIGIBLE | M64: 40118 | O64: 6784 | P64: 7262 | Q64: 1392 | S64: 15438 | W64: 40118 | X64: 7014 | Y64: 7215 | Z64: 1209 | AA64: 15438 | AE64: 41730 | AF64: =VLOOKUP(AE64,W:AB,2,0) -> 3315 | AG64: =VLOOKUP(AE64,M:S,3,0) -> 0 | AH64: =AG64/AF64 -> 0 | AI64: =VLOOKUP(AE64,W:AB,5,0) -> 15796 | AJ64: =VLOOKUP(AE64,M:S,7,0) -> 15796
A65: 39264 | B65: 4388 | C65: < 2009-06 | G65: 38961 | H65: 2937 | I65: NOMHA-REFI | M65: 40148 | O65: 8893 | P65: 7497 | Q65: 1726 | S65: 18116 | W65: 40148 | X65: 9189 | Y65: 7453 | Z65: 1474 | AA65: 18116 | AE65: 41760 | AF65: =VLOOKUP(AE65,W:AB,2,0) -> 3393 | AG65: =VLOOKUP(AE65,M:S,3,0) -> 0 | AH65: =AG65/AF65 -> 0 | AI65: =VLOOKUP(AE65,W:AB,5,0) -> 20982 | AJ65: =VLOOKUP(AE65,M:S,7,0) -> 20982
A66: 39264 | B66: 35720 | C66: N/A | G66: 38961 | H66: 17479 | I66: NOMHA-PURCHASE | M66: 40179 | O66: 11371 | P66: 7168 | Q66: 1977 | S66: 20516 | W66: 40179 | X66: 11722 | Y66: 7105 | Z66: 1689 | AA66: 20516 | AE66: 41791 | AF66: =VLOOKUP(AE66,W:AB,2,0) -> 3249 | AG66: =VLOOKUP(AE66,M:S,3,0) -> 0 | AH66: =AG66/AF66 -> 0 | AI66: =VLOOKUP(AE66,W:AB,5,0) -> 22620 | AJ66: =VLOOKUP(AE66,M:S,7,0) -> 22620
A67: 39295 | B67: 37873 | C67: N/A | G67: 38961 | H67: 1215 | I67: MHA-ELIGIBLE | M67: 40210 | O67: 13463 | P67: 4904 | Q67: 2012 | S67: 20379 | W67: 40210 | X67: 13737 | Y67: 4854 | Z67: 1788 | AA67: 20379 | AE67: 41821 | AF67: =VLOOKUP(AE67,W:AB,2,0) -> 2784 | AG67: =VLOOKUP(AE67,M:S,3,0) -> 0 | AH67: =AG67/AF67 -> 0 | AI67: =VLOOKUP(AE67,W:AB,5,0) -> 24951 | AJ67: =VLOOKUP(AE67,M:S,7,0) -> 24951
A68: 39295 | B68: 3914 | C68: < 2009-06 | G68: 38991 | H68: 3389 | I68: NOMHA-REFI | M68: 40238 | O68: 12639 | P68: 3313 | Q68: 1756 | S68: 17708 | W68: 40238 | X68: 12676 | Y68: 3289 | Z68: 1743 | AA68: 17708 | AE68: 41852 | AF68: =VLOOKUP(AE68,W:AB,2,0) -> 2417 | AG68: =VLOOKUP(AE68,M:S,3,0) -> 0 | AH68: =AG68/AF68 -> 0 | AI68: =VLOOKUP(AE68,W:AB,5,0) -> 29558 | AJ68: =VLOOKUP(AE68,M:S,7,0) -> 29558
A69: 39326 | B69: 38162 | C69: N/A | G69: 38991 | H69: 17925 | I69: NOMHA-PURCHASE | M69: 40269 | O69: 9607 | P69: 3693 | Q69: 1256 | S69: 14556 | W69: 40269 | X69: 9563 | Y69: 3687 | Z69: 1306 | AA69: 14556 | AE69: 41883 | AF69: =VLOOKUP(AE69,W:AB,2,0) -> 2312 | AG69: =VLOOKUP(AE69,M:S,3,0) -> 0 | AH69: =AG69/AF69 -> 0 | AI69: =VLOOKUP(AE69,W:AB,5,0) -> 29191 | AJ69: =VLOOKUP(AE69,M:S,7,0) -> 29191
A70: 39326 | B70: 3751 | C70: < 2009-06 | G70: 38991 | H70: 1252 | I70: MHA-ELIGIBLE | M70: 40299 | O70: 11233 | P70: 5123 | Q70: 1320 | S70: 17676 | W70: 40299 | X70: 11244 | Y70: 5116 | Z70: 1316 | AA70: 17676 | AE70: 41913 | AF70: =VLOOKUP(AE70,W:AB,2,0) -> 2380 | AG70: =VLOOKUP(AE70,M:S,3,0) -> 0 | AH70: =AG70/AF70 -> 0 | AI70: =VLOOKUP(AE70,W:AB,5,0) -> 27720 | AJ70: =VLOOKUP(AE70,M:S,7,0) -> 27720
... A86: 39569 | B86: 7954 | C86: < 2009-06 | G86: 39173 | H86: 4921 | I86: NOMHA-REFI | M86: 40787 | O86: 6722 | P86: 7102 | Q86: 1234 | S86: 15058 | W86: 40787 | X86: 6608 | Y86: 7099 | Z86: 1351 | AA86: 15058 | AE86: 42401 | AF86: =VLOOKUP(AE86,W:AB,2,0) -> 780 | AG86: =VLOOKUP(AE86,M:S,3,0) -> 0 | AH86: =AG86/AF86 -> 0 | AI86: =VLOOKUP(AE86,W:AB,5,0) -> 13212 | AJ86: =VLOOKUP(AE86,M:S,7,0) -> 13212
A87: 39600 | B87: 6216 | C87: < 2009-06 | G87: 39173 | H87: 16457 | I87: NOMHA-PURCHASE | M87: 40817 | O87: 6917 | P87: 7201 | Q87: 1403 | S87: 15521 | W87: 40817 | X87: 6814 | Y87: 7200 | Z87: 1507 | AA87: 15521
A88: 39600 | B88: 22886 | C88: N/A | G88: 39173 | H88: 1055 | I88: MHA-ELIGIBLE | M88: 40848 | O88: 8052 | P88: 6033 | Q88: 2060 | S88: 16145 | W88: 40848 | X88: 7897 | Y88: 6027 | Z88: 2221 | AA88: 16145
A89: 39630 | B89: 19843 | C89: N/A | G89: 39203 | H89: 6718 | I89: NOMHA-REFI | M89: 40878 | O89: 9402 | P89: 4254 | Q89: 2144 | S89: 15800 | W89: 40878 | X89: 9245 | Y89: 4246 | Z89: 2309 | AA89: 15800
A90: 39630 | B90: 3812 | C90: < 2009-06 | G90: 39203 | H90: 22883 | I90: NOMHA-PURCHASE | M90: 40909 | O90: 9964 | P90: 4698 | Q90: 2387 | S90: 17049 | W90: 40909 | X90: 9831 | Y90: 4694 | Z90: 2524 | AA90: 17049
A91: 39661 | B91: 20321 | C91: N/A | G91: 39203 | H91: 1319 | I91: MHA-ELIGIBLE | M91: 40940 | O91: 9237 | P91: 5414 | Q91: 2593 | S91: 17244 | W91: 40940 | X91: 9082 | Y91: 5408 | Z91: 2754 | AA91: 17244
A92: 39661 | B92: 3008 | C92: < 2009-06 | G92: 39234 | H92: 7851 | I92: NOMHA-REFI | M92: 40969 | O92: 11247 | P92: 3241 | Q92: 2164 | S92: 16652 | W92: 40969 | X92: 11001 | Y92: 3234 | Z92: 2417 | AA92: 16652
A93: 39692 | B93: 15950 | C93: N/A | G93: 39234 | H93: 25651 | I93: NOMHA-PURCHASE | M93: 41000 | O93: 14409 | P93: 3375 | Q93: 2253 | S93: 20037 | W93: 41000 | X93: 14080 | Y93: 3368 | Z93: 2589 | AA93: 20037
A94: 39692 | B94: 1917 | C94: < 2009-06 | G94: 39234 | H94: 1313 | I94: MHA-ELIGIBLE | M94: 41030 | O94: 13389 | P94: 4588 | Q94: 2438 | S94: 20415 | W94: 41030 | X94: 13189 | Y94: 4588 | Z94: 2638 | AA94: 20415
A95: 39722 | B95: 1181 | C95: < 2009-06 | G95: 39264 | H95: 7479 | I95: NOMHA-REFI | M95: 41061 | O95: 12542 | P95: 7595 | Q95: 2289 | S95: 22426 | W95: 41061 | X95: 12382 | Y95: 7585 | Z95: 2459 | AA95: 22426
A96: 39722 | B96: 10778 | C96: N/A | G96: 39264 | H96: 31265 | I96: NOMHA-PURCHASE | M96: 41091 | O96: 13383 | P96: 9142 | Q96: 1944 | S96: 24469 | W96: 41091 | X96: 13178 | Y96: 9137 | Z96: 2154 | AA96: 24469
A97: 39753 | B97: 1415 | C97: < 2009-06 | G97: 39264 | H97: 1364 | I97: MHA-ELIGIBLE | M97: 41122 | O97: 13357 | P97: 10878 | Q97: 2105 | S97: 26340 | W97: 41122 | X97: 13092 | Y97: 10864 | Z97: 2384 | AA97: 26340
A98: 39753 | B98: 10864 | C98: N/A | G98: 39295 | H98: 6834 | I98: NOMHA-REFI | M98: 41153 | O98: 13492 | P98: 11393 | Q98: 3217 | S98: 28102 | W98: 41153 | X98: 13246 | Y98: 11375 | Z98: 3481 | AA98: 28102
... A116: 39995 | B116: 4679 | C116: NON-HARP | G116: 39479 | H116: 10423 | I116: NOMHA-REFI | M116: 41699 | O116: 4086 | P116: 9742 | Q116: 1160 | S116: 14988 | W116: 41699 | X116: 3966 | Y116: 9741 | Z116: 1281 | AA116: 14988
A117: 40026 | B117: 8903 | C117: N/A | G117: 39479 | H117: 26108 | I117: NOMHA-PURCHASE | M117: 41730 | P117: 11240 | R117: 4556 | S117: 15796 | W117: 41730 | X117: 3315 | Y117: 11238 | Z117: 1243 | AA117: 15796
A118: 40026 | B118: 15370 | C118: HARP | G118: 39479 | H118: 1383 | I118: MHA-ELIGIBLE | M118: 41760 | P118: 15803 | R118: 5179 | S118: 20982 | W118: 41760 | X118: 3393 | Y118: 15797 | Z118: 1792 | AA118: 20982
A119: 40026 | B119: 4362 | C119: NON-HARP | G119: 39508 | H119: 9972 | I119: NOMHA-REFI | M119: 41791 | P119: 17744 | R119: 4876 | S119: 22620 | W119: 41791 | X119: 3249 | Y119: 17736 | Z119: 1635 | AA119: 22620
A120: 40057 | B120: 2911 | C120: NON-HARP | G120: 39508 | H120: 19872 | I120: NOMHA-PURCHASE | M120: 41821 | P120: 20546 | R120: 4405 | S120: 24951 | W120: 41821 | X120: 2784 | Y120: 20538 | Z120: 1629 | AA120: 24951
A121: 40057 | B121: 9675 | C121: N/A | G121: 39508 | H121: 1156 | I121: MHA-ELIGIBLE | M121: 41852 | P121: 24796 | R121: 4762 | S121: 29558 | W121: 41852 | X121: 2417 | Y121: 24775 | Z121: 2366 | AA121: 29558
A122: 40057 | B122: 14029 | C122: HARP | G122: 39539 | H122: 14626 | I122: NOMHA-REFI | M122: 41883 | P122: 24555 | R122: 4636 | S122: 29191 | W122: 41883 | X122: 2312 | Y122: 24541 | Z122: 2338 | AA122: 29191
A123: 40087 | B123: 7833 | C123: N/A | G123: 39539 | H123: 20971 | I123: NOMHA-PURCHASE | M123: 41913 | P123: 22824 | R123: 4896 | S123: 27720 | W123: 41913 | X123: 2380 | Y123: 22811 | Z123: 2529 | AA123: 27720
A124: 40087 | B124: 9135 | C124: HARP | G124: 39539 | H124: 1528 | I124: MHA-ELIGIBLE | M124: 41944 | P124: 20843 | R124: 5167 | S124: 26010 | W124: 41944 | X124: 2381 | Y124: 20827 | Z124: 2802 | AA124: 26010
A125: 40087 | B125: 1784 | C125: NON-HARP | G125: 39569 | H125: 11177 | I125: NOMHA-REFI | M125: 41974 | P125: 18453 | R125: 5510 | S125: 23963 | W125: 41974 | X125: 2277 | Y125: 18426 | Z125: 3260 | AA125: 23963
A126: 40118 | B126: 6784 | C126: HARP | G126: 39569 | H126: 22979 | I126: NOMHA-PURCHASE | M126: 42005 | P126: 15691 | R126: 6131 | S126: 21822 | W126: 42005 | X126: 1976 | Y126: 15661 | Z126: 4185 | AA126: 21822
A127: 40118 | B127: 1392 | C127: NON-HARP | G127: 39569 | H127: 1326 | I127: MHA-ELIGIBLE | M127: 42036 | P127: 16560 | R127: 5534 | S127: 22094 | W127: 42036 | X127: 2128 | Y127: 16499 | Z127: 3467 | AA127: 22094
A128: 40118 | B128: 7262 | C128: N/A | G128: 39600 | H128: 8565 | I128: NOMHA-REFI | M128: 42064 | P128: 12222 | R128: 6525 | S128: 18747 | W128: 42064 | X128: 1852 | Y128: 12178 | Z128: 4717 | AA128: 18747
... A140: 40238 | B140: 1756 | C140: NON-HARP | G140: 39722 | H140: 1448 | I140: NOMHA-REFI | M140: 42430 | P140: 422 | R140: 191 | S140: 613 | W140: 42430 | X140: 77 | Y140: 422 | Z140: 114 | AA140: 613
A141: 40269 | B141: 1256 | C141: NON-HARP | G141: 39722 | H141: 10285 | I141: NOMHA-PURCHASE | M141: Grand Total | N141: 156963 | O141: 650389 | P141: 1787565 | Q141: 161482 | R141: 125886 | S141: 2882285 | W141: Grand Total | X141: 742202 | Y141: 1663568 | Z141: 476515 | AA141: 2882285
A142: 40269 | B142: 9607 | C142: HARP | G142: 39722 | H142: 226 | I142: MHA-ELIGIBLE
A143: 40269 | B143: 3693 | C143: N/A | G143: 39753 | H143: 278 | I143: MHA-ELIGIBLE
A144: 40299 | B144: 1320 | C144: NON-HARP | G144: 39753 | H144: 10453 | I144: NOMHA-PURCHASE
A145: 40299 | B145: 11233 | C145: HARP | G145: 39753 | H145: 1548 | I145: NOMHA-REFI
A146: 40299 | B146: 5123 | C146: N/A | G146: 39783 | H146: 438 | I146: MHA-ELIGIBLE
A147: 40330 | B147: 1219 | C147: NON-HARP | G147: 39783 | H147: 9552 | I147: NOMHA-PURCHASE
A148: 40330 | B148: 10354 | C148: HARP | G148: 39783 | H148: 1899 | I148: NOMHA-REFI
A149: 40330 | B149: 6269 | C149: N/A | G149: 39814 | H149: 1028 | I149: NOMHA-REFI
A150: 40360 | B150: 949 | C150: NON-HARP | G150: 39814 | H150: 194 | I150: MHA-ELIGIBLE
A151: 40360 | B151: 7969 | C151: HARP | G151: 39814 | H151: 6437 | I151: NOMHA-PURCHASE
A152: 40360 | B152: 7063 | C152: N/A | G152: 39845 | H152: 8464 | I152: NOMHA-PURCHASE
A153: 40391 | B153: 1437 | C153: NON-HARP | G153: 39845 | H153: 2486 | I153: NOMHA-REFI
... A332: 42430 | B332: 422 | C332: N/A | G332: 41671 | H332: 2007 | I332: NOMHA-REFI
G333: 41671 | H333: 14928 | I333: NOMHA-PURCHASE
G334: 41671 | H334: 4811 | I334: MHA-ELIGIBLE
G335: 41699 | H335: 1281 | I335: NOMHA-REFI
G336: 41699 | H336: 9741 | I336: NOMHA-PURCHASE
G337: 41699 | H337: 3966 | I337: MHA-ELIGIBLE
G338: 41730 | H338: 1243 | I338: NOMHA-REFI
G339: 41730 | H339: 11238 | I339: NOMHA-PURCHASE
G340: 41730 | H340: 3315 | I340: MHA-ELIGIBLE
G341: 41760 | H341: 1792 | I341: NOMHA-REFI
G342: 41760 | H342: 15797 | I342: NOMHA-PURCHASE
G343: 41760 | H343: 3393 | I343: MHA-ELIGIBLE
G344: 41791 | H344: 1635 | I344: NOMHA-REFI
... G409: 42430 | H409: 114 | I409: NOMHA-REFI

Sheet <80 LTV
A4: pmtdate | B4: count() | C4: HARPStatus | F4: pmtdate | G4: count() | H4: MHAStatus | L4: Sum of count() | M4: Column Labels | V4: Sum of count() | W4: Column Labels | AG4: I-NOMHA-REFI
A5: 38353 | B5: 886 | C5: N/A | F5: 38353 | G5: 551 | H5: NOMHA-PURCHASE | L5: Row Labels | M5: < 2009-06 | N5: HARP | O5: N/A | P5: NON-HARP | Q5: Unknown | R5: Grand Total | V5: Row Labels | W5: NOMHA-PURCHASE | X5: NOMHA-REFI | Y5: Grand Total | AE5: HARP-II | AF5: Tot6al-II | AG5: Total Refi-II | AI5: Ratio HARP/Refi
A6: 38353 | B6: 203 | C6: < 2009-06 | F6: 38353 | G6: 538 | H6: NOMHA-REFI | L6: 38353 | M6: 203 | O6: 886 | R6: 1089 | V6: 38353 | W6: 551 | X6: 538 | Y6: 1089 | AD6: 39965 | AE6: =VLOOKUP(AD6,L:R,3,0) -> 6710 | AF6: =VLOOKUP(AD6,L:R,7,0) -> 169223 | AG6: =VLOOKUP(AD6,V:Z,3,0) -> 146791 | AH6: =AD6 -> 39965 | AI6: =AE6/AG6 -> 0.045711249
A7: 38384 | B7: 200 | C7: < 2009-06 | F7: 38384 | G7: 534 | H7: NOMHA-REFI | L7: 38384 | M7: 200 | O7: 870 | R7: 1070 | V7: 38384 | W7: 536 | X7: 534 | Y7: 1070 | AD7: 39995 | AE7: =VLOOKUP(AD7,L:R,3,0) -> 7064 | AF7: =VLOOKUP(AD7,L:R,7,0) -> 167924 | AG7: =VLOOKUP(AD7,V:Z,3,0) -> 142852 | AH7: =AD7 -> 39995 | AI7: =AE7/AG7 -> 0.04944978
A8: 38384 | B8: 870 | C8: N/A | F8: 38384 | G8: 536 | H8: NOMHA-PURCHASE | L8: 38412 | M8: 141 | O8: 736 | R8: 877 | V8: 38412 | W8: 443 | X8: 434 | Y8: 877 | AD8: 40026 | AE8: =VLOOKUP(AD8,L:R,3,0) -> 10110 | AF8: =VLOOKUP(AD8,L:R,7,0) -> 158038 | AG8: =VLOOKUP(AD8,V:Z,3,0) -> 124476 | AH8: =AD8 -> 40026 | AI8: =AE8/AG8 -> 0.081220476
A9: 38412 | B9: 736 | C9: N/A | F9: 38412 | G9: 443 | H9: NOMHA-PURCHASE | L9: 38443 | M9: 214 | O9: 807 | R9: 1021 | V9: 38443 | W9: 461 | X9: 560 | Y9: 1021 | AD9: 40057 | AE9: =VLOOKUP(AD9,L:R,3,0) -> 8591 | AF9: =VLOOKUP(AD9,L:R,7,0) -> 124948 | AG9: =VLOOKUP(AD9,V:Z,3,0) -> 87106 | AH9: =AD9 -> 40057 | AI9: =AE9/AG9 -> 0.09862696
A10: 38412 | B10: 141 | C10: < 2009-06 | F10: 38412 | G10: 434 | H10: NOMHA-REFI | L10: 38473 | M10: 328 | O10: 1241 | R10: 1569 | V10: 38473 | W10: 691 | X10: 878 | Y10: 1569 | AD10: 40087 | AE10: =VLOOKUP(AD10,L:R,3,0) -> 7271 | AF10: =VLOOKUP(AD10,L:R,7,0) -> 85201 | AG10: =VLOOKUP(AD10,V:Z,3,0) -> 54292 | AH10: =AD10 -> 40087 | AI10: =AE10/AG10 -> 0.13392397
A11: 38443 | B11: 214 | C11: < 2009-06 | F11: 38443 | G11: 560 | H11: NOMHA-REFI | L11: 38504 | M11: 228 | O11: 1286 | R11: 1514 | V11: 38504 | W11: 807 | X11: 707 | Y11: 1514 | AD11: 40118 | AE11: =VLOOKUP(AD11,L:R,3,0) -> 6267 | AF11: =VLOOKUP(AD11,L:R,7,0) -> 77417 | AG11: =VLOOKUP(AD11,V:Z,3,0) -> 48305 | AH11: =AD11 -> 40118 | AI11: =AE11/AG11 -> 0.12973812
A12: 38443 | B12: 807 | C12: N/A | F12: 38443 | G12: 461 | H12: NOMHA-PURCHASE | L12: 38534 | M12: 255 | O12: 1677 | R12: 1932 | V12: 38534 | W12: 1136 | X12: 796 | Y12: 1932 | AD12: 40148 | AE12: =VLOOKUP(AD12,L:R,3,0) -> 9286 | AF12: =VLOOKUP(AD12,L:R,7,0) -> 89349 | AG12: =VLOOKUP(AD12,V:Z,3,0) -> 58549 | AH12: =AD12 -> 40148 | AI12: =AE12/AG12 -> 0.1586022
A13: 38473 | B13: 328 | C13: < 2009-06 | F13: 38473 | G13: 691 | H13: NOMHA-PURCHASE | L13: 38565 | M13: 319 | O13: 2059 | R13: 2378 | V13: 38565 | W13: 1378 | X13: 1000 | Y13: 2378 | AD13: 40179 | AE13: =VLOOKUP(AD13,L:R,3,0) -> 12219 | AF13: =VLOOKUP(AD13,L:R,7,0) -> 91026 | AG13: =VLOOKUP(AD13,V:Z,3,0) -> 62306 | AH13: =AD13 -> 40179 | AI13: =AE13/AG13 -> 0.19611273
A14: 38473 | B14: 1241 | C14: N/A | F14: 38473 | G14: 878 | H14: NOMHA-REFI | L14: 38596 | M14: 522 | O14: 2809 | R14: 3331 | V14: 38596 | W14: 1664 | X14: 1667 | Y14: 3331 | AD14: 40210 | AE14: =VLOOKUP(AD14,L:R,3,0) -> 13101 | AF14: =VLOOKUP(AD14,L:R,7,0) -> 90729 | AG14: =VLOOKUP(AD14,V:Z,3,0) -> 65898 | AH14: =AD14 -> 40210 | AI14: =AE14/AG14 -> 0.19880725
A15: 38504 | B15: 1286 | C15: N/A | F15: 38504 | G15: 707 | H15: NOMHA-REFI | L15: 38626 | M15: 863 | O15: 5579 | R15: 6442 | V15: 38626 | W15: 3200 | X15: 3242 | Y15: 6442 | AD15: 40238 | AE15: =VLOOKUP(AD15,L:R,3,0) -> 12009 | AF15: =VLOOKUP(AD15,L:R,7,0) -> 75804 | AG15: =VLOOKUP(AD15,V:Z,3,0) -> 57402 | AH15: =AD15 -> 40238 | AI15: =AE15/AG15 -> 0.20920874
A16: 38504 | B16: 228 | C16: < 2009-06 | F16: 38504 | G16: 807 | H16: NOMHA-PURCHASE | L16: 38657 | M16: 1916 | O16: 12921 | R16: 14837 | V16: 38657 | W16: 6604 | X16: 8233 | Y16: 14837 | AD16: 40269 | AE16: =VLOOKUP(AD16,L:R,3,0) -> 7833 | AF16: =VLOOKUP(AD16,L:R,7,0) -> 63296 | AG16: =VLOOKUP(AD16,V:Z,3,0) -> 43064 | AH16: =AD16 -> 40269 | AI16: =AE16/AG16 -> 0.18189207
A17: 38534 | B17: 1677 | C17: N/A | F17: 38534 | G17: 796 | H17: NOMHA-REFI | L17: 38687 | M17: 8255 | O17: 48663 | R17: 56918 | V17: 38687 | W17: 23709 | X17: 33209 | Y17: 56918 | AD17: 40299 | AE17: =VLOOKUP(AD17,L:R,3,0) -> 9812 | AF17: =VLOOKUP(AD17,L:R,7,0) -> 66574 | AG17: =VLOOKUP(AD17,V:Z,3,0) -> 42670 | AH17: =AD17 -> 40299 | AI17: =AE17/AG17 -> 0.22995079
... A58: 39142 | B58: 17882 | C58: < 2009-06 | F58: 39142 | G58: 56801 | H58: NOMHA-REFI | L58: 39934 | M58: 100891 | O58: 79368 | R58: 180259 | V58: 39934 | W58: 23794 | X58: 156465 | Y58: 180259 | AD58: 41548 | AE58: =VLOOKUP(AD58,L:R,3,0) -> 7185 | AF58: =VLOOKUP(AD58,L:R,7,0) -> 51169 | AG58: =VLOOKUP(AD58,V:Z,3,0) -> 26886 | AH58: =AD58 -> 41548 | AI58: =AE58/AG58 -> 0.26723946
A59: 39173 | B59: 73705 | C59: N/A | F59: 39173 | G59: 36891 | H59: NOMHA-PURCHASE | L59: 39965 | N59: 6710 | O59: 73587 | P59: 88926 | R59: 169223 | V59: 39965 | W59: 22432 | X59: 146791 | Y59: 169223 | AD59: 41579 | AE59: =VLOOKUP(AD59,L:R,3,0) -> 5561 | AF59: =VLOOKUP(AD59,L:R,7,0) -> 40813 | AG59: =VLOOKUP(AD59,V:Z,3,0) -> 20443 | AH59: =AD59 -> 41579 | AI59: =AE59/AG59 -> 0.27202465
A60: 39173 | B60: 15173 | C60: < 2009-06 | F60: 39173 | G60: 51987 | H60: NOMHA-REFI | L60: 39995 | N60: 7064 | O60: 75008 | P60: 85852 | R60: 167924 | V60: 39995 | W60: 25072 | X60: 142852 | Y60: 167924 | AD60: 41609 | AE60: =VLOOKUP(AD60,L:R,3,0) -> 5307 | AF60: =VLOOKUP(AD60,L:R,7,0) -> 43828 | AG60: =VLOOKUP(AD60,V:Z,3,0) -> 20950 | AH60: =AD60 -> 41609 | AI60: =AE60/AG60 -> 0.25331742
A61: 39203 | B61: 19010 | C61: < 2009-06 | F61: 39203 | G61: 63370 | H61: NOMHA-REFI | L61: 40026 | N61: 10110 | O61: 80507 | P61: 67421 | R61: 158038 | V61: 40026 | W61: 33562 | X61: 124476 | Y61: 158038 | AD61: 41640 | AE61: =VLOOKUP(AD61,L:R,3,0) -> 4763 | AF61: =VLOOKUP(AD61,L:R,7,0) -> 44471 | AG61: =VLOOKUP(AD61,V:Z,3,0) -> 22294 | AH61: =AD61 -> 41640 | AI61: =AE61/AG61 -> 0.21364493
A62: 39203 | B62: 91026 | C62: N/A | F62: 39203 | G62: 46666 | H62: NOMHA-PURCHASE | L62: 40057 | N62: 8591 | O62: 74192 | P62: 42165 | R62: 124948 | V62: 40057 | W62: 37842 | X62: 87106 | Y62: 124948 | AD62: 41671 | AE62: =VLOOKUP(AD62,L:R,3,0) -> 4713 | AF62: =VLOOKUP(AD62,L:R,7,0) -> 45779 | AG62: =VLOOKUP(AD62,V:Z,3,0) -> 22659 | AH62: =AD62 -> 41671 | AI62: =AE62/AG62 -> 0.20799682
A63: 39234 | B63: 20314 | C63: < 2009-06 | F63: 39234 | G63: 47775 | H63: NOMHA-PURCHASE | L63: 40087 | N63: 7271 | O63: 55098 | P63: 22832 | R63: 85201 | V63: 40087 | W63: 30909 | X63: 54292 | Y63: 85201 | AD63: 41699 | AE63: =VLOOKUP(AD63,L:R,3,0) -> 4009 | AF63: =VLOOKUP(AD63,L:R,7,0) -> 31876 | AG63: =VLOOKUP(AD63,V:Z,3,0) -> 16538 | AH63: =AD63 -> 41699 | AI63: =AE63/AG63 -> 0.24241142
A64: 39234 | B64: 92371 | C64: N/A | F64: 39234 | G64: 64910 | H64: NOMHA-REFI | L64: 40118 | N64: 6267 | O64: 51584 | P64: 19566 | R64: 77417 | V64: 40118 | W64: 29112 | X64: 48305 | Y64: 77417 | AD64: 41730 | AE64: =VLOOKUP(AD64,L:R,3,0) -> 0 | AF64: =VLOOKUP(AD64,L:R,7,0) -> 31455 | AG64: =VLOOKUP(AD64,V:Z,3,0) -> 15114 | AH64: =AD64 -> 41730 | AI64: =AE64/AG64 -> 0
A65: 39264 | B65: 17422 | C65: < 2009-06 | F65: 39264 | G65: 48295 | H65: NOMHA-PURCHASE | L65: 40148 | N65: 9286 | O65: 55305 | P65: 24758 | R65: 89349 | V65: 40148 | W65: 30800 | X65: 58549 | Y65: 89349 | AD65: 41760 | AE65: =VLOOKUP(AD65,L:R,3,0) -> 0 | AF65: =VLOOKUP(AD65,L:R,7,0) -> 40342 | AG65: =VLOOKUP(AD65,V:Z,3,0) -> 18555 | AH65: =AD65 -> 41760 | AI65: =AE65/AG65 -> 0
A66: 39264 | B66: 89770 | C66: N/A | F66: 39264 | G66: 58897 | H66: NOMHA-REFI | L66: 40179 | N66: 12219 | O66: 53222 | P66: 25585 | R66: 91026 | V66: 40179 | W66: 28720 | X66: 62306 | Y66: 91026 | AD66: 41791 | AE66: =VLOOKUP(AD66,L:R,3,0) -> 0 | AF66: =VLOOKUP(AD66,L:R,7,0) -> 41368 | AG66: =VLOOKUP(AD66,V:Z,3,0) -> 18408 | AH66: =AD66 -> 41791 | AI66: =AE66/AG66 -> 0
A67: 39295 | B67: 13521 | C67: < 2009-06 | F67: 39295 | G67: 46378 | H67: NOMHA-PURCHASE | L67: 40210 | N67: 13101 | O67: 49834 | P67: 27794 | R67: 90729 | V67: 40210 | W67: 24831 | X67: 65898 | Y67: 90729 | AD67: 41821 | AE67: =VLOOKUP(AD67,L:R,3,0) -> 0 | AF67: =VLOOKUP(AD67,L:R,7,0) -> 43669 | AG67: =VLOOKUP(AD67,V:Z,3,0) -> 17628 | AH67: =AD67 -> 41821 | AI67: =AE67/AG67 -> 0
A68: 39295 | B68: 80477 | C68: N/A | F68: 39295 | G68: 47620 | H68: NOMHA-REFI | L68: 40238 | N68: 12009 | O68: 40417 | P68: 23378 | R68: 75804 | V68: 40238 | W68: 18402 | X68: 57402 | Y68: 75804 | AD68: 41852 | AE68: =VLOOKUP(AD68,L:R,3,0) -> 0 | AF68: =VLOOKUP(AD68,L:R,7,0) -> 52306 | AG68: =VLOOKUP(AD68,V:Z,3,0) -> 21496 | AH68: =AD68 -> 41852 | AI68: =AE68/AG68 -> 0
A69: 39326 | B69: 11717 | C69: < 2009-06 | F69: 39326 | G69: 42146 | H69: NOMHA-REFI | L69: 40269 | N69: 7833 | O69: 38919 | P69: 16544 | R69: 63296 | V69: 40269 | W69: 20232 | X69: 43064 | Y69: 63296 | AD69: 41883 | AE69: =VLOOKUP(AD69,L:R,3,0) -> 0 | AF69: =VLOOKUP(AD69,L:R,7,0) -> 54594 | AG69: =VLOOKUP(AD69,V:Z,3,0) -> 23073 | AH69: =AD69 -> 41883 | AI69: =AE69/AG69 -> 0
A70: 39326 | B70: 75501 | C70: N/A | F70: 39326 | G70: 45072 | H70: NOMHA-PURCHASE | L70: 40299 | N70: 9812 | O70: 41253 | P70: 15509 | R70: 66574 | V70: 40299 | W70: 23904 | X70: 42670 | Y70: 66574 | AD70: 41913 | AE70: =VLOOKUP(AD70,L:R,3,0) -> 0 | AF70: =VLOOKUP(AD70,L:R,7,0) -> 52711 | AG70: =VLOOKUP(AD70,V:Z,3,0) -> 23336 | AH70: =AD70 -> 41913 | AI70: =AE70/AG70 -> 0
... A86: 39569 | B86: 33642 | C86: < 2009-06 | F86: 39569 | G86: 30884 | H86: NOMHA-PURCHASE | L86: 40787 | N86: 7401 | O86: 29986 | P86: 8641 | R86: 46028 | V86: 40787 | W86: 21064 | X86: 24964 | Y86: 46028 | AD86: 42401 | AE86: =VLOOKUP(AD86,L:R,3,0) -> 0 | AF86: =VLOOKUP(AD86,L:R,7,0) -> 28035 | AG86: =VLOOKUP(AD86,V:Z,3,0) -> 15543 | AH86: =AD86 -> 42401 | AI86: =AE86/AG86 -> 0
A87: 39600 | B87: 31997 | C87: < 2009-06 | F87: 39600 | G87: 31563 | H87: NOMHA-PURCHASE | L87: 40817 | N87: 7168 | O87: 29112 | P87: 10030 | R87: 46310 | V87: 40817 | W87: 20035 | X87: 26275 | Y87: 46310
A88: 39600 | B88: 75480 | C88: N/A | F88: 39600 | G88: 75914 | H88: NOMHA-REFI | L88: 40848 | N88: 9500 | O88: 26214 | P88: 20146 | R88: 55860 | V88: 40848 | W88: 16058 | X88: 39802 | Y88: 55860
A89: 39630 | B89: 62082 | C89: N/A | F89: 39630 | G89: 32255 | H89: NOMHA-PURCHASE | L89: 40878 | N89: 10752 | O89: 20209 | P89: 19678 | R89: 50639 | V89: 40878 | W89: 11162 | X89: 39477 | Y89: 50639
A90: 39630 | B90: 19659 | C90: < 2009-06 | F90: 39630 | G90: 49486 | H90: NOMHA-REFI | L90: 40909 | N90: 11894 | O90: 20830 | P90: 20375 | R90: 53099 | V90: 40909 | W90: 10929 | X90: 42170 | Y90: 53099
A91: 39661 | B91: 60418 | C91: N/A | F91: 39661 | G91: 35903 | H91: NOMHA-PURCHASE | L91: 40940 | N91: 9686 | O91: 25352 | P91: 22872 | R91: 57910 | V91: 40940 | W91: 13258 | X91: 44652 | Y91: 57910
A92: 39661 | B92: 14440 | C92: < 2009-06 | F92: 39661 | G92: 38955 | H92: NOMHA-REFI | L92: 40969 | N92: 9403 | O92: 17789 | P92: 20228 | R92: 47420 | V92: 40969 | W92: 8189 | X92: 39231 | Y92: 47420
A93: 39692 | B93: 51267 | C93: N/A | F93: 39692 | G93: 28405 | H93: NOMHA-REFI | L93: 41000 | N93: 9341 | O93: 16863 | P93: 19916 | R93: 46120 | V93: 41000 | W93: 8104 | X93: 38016 | Y93: 46120
A94: 39692 | B94: 9666 | C94: < 2009-06 | F94: 39692 | G94: 32528 | H94: NOMHA-PURCHASE | L94: 41030 | N94: 8758 | O94: 19821 | P94: 19466 | R94: 48045 | V94: 41030 | W94: 10581 | X94: 37464 | Y94: 48045
A95: 39722 | B95: 6021 | C95: < 2009-06 | F95: 39722 | G95: 22385 | H95: NOMHA-PURCHASE | L95: 41061 | N95: 7590 | O95: 24908 | P95: 16302 | R95: 48800 | V95: 41061 | W95: 15774 | X95: 33026 | Y95: 48800
A96: 39722 | B96: 34340 | C96: N/A | F96: 39722 | G96: 17976 | H96: NOMHA-REFI | L96: 41091 | N96: 7435 | O96: 31775 | P96: 18225 | R96: 57435 | V96: 41091 | W96: 21378 | X96: 36057 | Y96: 57435
A97: 39753 | B97: 9170 | C97: < 2009-06 | F97: 39753 | G97: 25336 | H97: NOMHA-PURCHASE | L97: 41122 | N97: 7800 | O97: 29311 | P97: 18362 | R97: 55473 | V97: 41122 | W97: 19470 | X97: 36003 | Y97: 55473
A98: 39753 | B98: 39831 | C98: N/A | F98: 39753 | G98: 23665 | H98: NOMHA-REFI | L98: 41153 | N98: 9870 | O98: 31610 | P98: 22142 | R98: 63622 | V98: 41153 | W98: 19627 | X98: 43995 | Y98: 63622
... A115: 39995 | B115: 7064 | C115: HARP | F115: 40026 | G115: 124476 | H115: NOMHA-REFI | L115: 41671 | N115: 4713 | O115: 33156 | P115: 7910 | R115: 45779 | V115: 41671 | W115: 23120 | X115: 22659 | Y115: 45779
A116: 39995 | B116: 75008 | C116: N/A | F116: 40026 | G116: 33562 | H116: NOMHA-PURCHASE | L116: 41699 | N116: 4009 | O116: 22439 | P116: 5422 | Q116: 6 | R116: 31876 | V116: 41699 | W116: 15338 | X116: 16538 | Y116: 31876
A117: 40026 | B117: 67421 | C117: NON-HARP | F117: 40057 | G117: 37842 | H117: NOMHA-PURCHASE | L117: 41730 | O117: 23223 | Q117: 8232 | R117: 31455 | V117: 41730 | W117: 16341 | X117: 15114 | Y117: 31455
A118: 40026 | B118: 10110 | C118: HARP | F118: 40057 | G118: 87106 | H118: NOMHA-REFI | L118: 41760 | O118: 30535 | Q118: 9807 | R118: 40342 | V118: 41760 | W118: 21787 | X118: 18555 | Y118: 40342
A119: 40026 | B119: 80507 | C119: N/A | F119: 40087 | G119: 54292 | H119: NOMHA-REFI | L119: 41791 | O119: 31762 | Q119: 9606 | R119: 41368 | V119: 41791 | W119: 22960 | X119: 18408 | Y119: 41368
A120: 40057 | B120: 42165 | C120: NON-HARP | F120: 40087 | G120: 30909 | H120: NOMHA-PURCHASE | L120: 41821 | O120: 34750 | Q120: 8919 | R120: 43669 | V120: 41821 | W120: 26041 | X120: 17628 | Y120: 43669
A121: 40057 | B121: 8591 | C121: HARP | F121: 40118 | G121: 29112 | H121: NOMHA-PURCHASE | L121: 41852 | O121: 41191 | Q121: 11115 | R121: 52306 | V121: 41852 | W121: 30810 | X121: 21496 | Y121: 52306
A122: 40057 | B122: 74192 | C122: N/A | F122: 40118 | G122: 48305 | H122: NOMHA-REFI | L122: 41883 | O122: 42737 | Q122: 11857 | R122: 54594 | V122: 41883 | W122: 31521 | X122: 23073 | Y122: 54594
A123: 40087 | B123: 22832 | C123: NON-HARP | F123: 40148 | G123: 30800 | H123: NOMHA-PURCHASE | L123: 41913 | O123: 40876 | Q123: 11835 | R123: 52711 | V123: 41913 | W123: 29375 | X123: 23336 | Y123: 52711
A124: 40087 | B124: 7271 | C124: HARP | F124: 40148 | G124: 58549 | H124: NOMHA-REFI | L124: 41944 | O124: 38842 | Q124: 12558 | R124: 51400 | V124: 41944 | W124: 26356 | X124: 25044 | Y124: 51400
A125: 40087 | B125: 55098 | C125: N/A | F125: 40179 | G125: 62306 | H125: NOMHA-REFI | L125: 41974 | O125: 35889 | Q125: 12658 | R125: 48547 | V125: 41974 | W125: 23931 | X125: 24616 | Y125: 48547
A126: 40118 | B126: 19566 | C126: NON-HARP | F126: 40179 | G126: 28720 | H126: NOMHA-PURCHASE | L126: 42005 | O126: 31559 | Q126: 15345 | R126: 46904 | V126: 42005 | W126: 19872 | X126: 27032 | Y126: 46904
A127: 40118 | B127: 6267 | C127: HARP | F127: 40210 | G127: 24831 | H127: NOMHA-PURCHASE | L127: 42036 | O127: 33518 | Q127: 15404 | R127: 48922 | V127: 42036 | W127: 21063 | X127: 27859 | Y127: 48922
A128: 40118 | B128: 51584 | C128: N/A | F128: 40210 | G128: 65898 | H128: NOMHA-REFI | L128: 42064 | O128: 27209 | Q128: 17606 | R128: 44815 | V128: 42064 | W128: 15216 | X128: 29599 | Y128: 44815
... A140: 40238 | B140: 40417 | C140: N/A | F140: 40391 | G140: 32443 | H140: NOMHA-PURCHASE | L140: 42430 | O140: 1081 | Q140: 469 | R140: 1550 | V140: 42430 | W140: 492 | X140: 1058 | Y140: 1550
A141: 40269 | B141: 16544 | C141: NON-HARP | F141: 40422 | G141: 19685 | H141: NOMHA-PURCHASE | L141: Grand Total | M141: 897208 | N141: 619672 | O141: 5932981 | P141: 1351386 | Q141: 331007 | R141: 9132254 | V141: Grand Total | W141: 3266674 | X141: 5865580 | Y141: 9132254
A142: 40269 | B142: 7833 | C142: HARP | F142: 40422 | G142: 52162 | H142: NOMHA-REFI
A143: 40269 | B143: 38919 | C143: N/A | F143: 40452 | G143: 64623 | H143: NOMHA-REFI
A144: 40299 | B144: 15509 | C144: NON-HARP | F144: 40452 | G144: 18981 | H144: NOMHA-PURCHASE
A145: 40299 | B145: 9812 | C145: HARP | F145: 40483 | G145: 16246 | H145: NOMHA-PURCHASE
A146: 40299 | B146: 41253 | C146: N/A | F146: 40483 | G146: 67903 | H146: NOMHA-REFI
A147: 40330 | B147: 13480 | C147: NON-HARP | F147: 40513 | G147: 15884 | H147: NOMHA-PURCHASE
A148: 40330 | B148: 9091 | C148: HARP | F148: 40513 | G148: 76288 | H148: NOMHA-REFI
A149: 40330 | B149: 43330 | C149: N/A | F149: 40544 | G149: 73623 | H149: NOMHA-REFI
A150: 40360 | B150: 10958 | C150: NON-HARP | F150: 40544 | G150: 14966 | H150: NOMHA-PURCHASE
A151: 40360 | B151: 7236 | C151: HARP | F151: 40575 | G151: 18154 | H151: NOMHA-PURCHASE
A152: 40360 | B152: 44430 | C152: N/A | F152: 40575 | G152: 65712 | H152: NOMHA-REFI
A153: 40391 | B153: 15019 | C153: NON-HARP | F153: 40603 | G153: 50651 | H153: NOMHA-REFI
... A274: 41609 | B274: 5307 | C274: HARP | F274: 42430 | G274: 1058 | H274: NOMHA-REFI
A275: 41609 | B275: 31849 | C275: N/A
A276: 41640 | B276: 7915 | C276: NON-HARP
A277: 41640 | B277: 4763 | C277: HARP
A278: 41640 | B278: 31793 | C278: N/A
A279: 41671 | B279: 7910 | C279: NON-HARP
A280: 41671 | B280: 4713 | C280: HARP
A281: 41671 | B281: 33156 | C281: N/A
A282: 41699 | B282: 5422 | C282: NON-HARP
A283: 41699 | B283: 4009 | C283: HARP
A284: 41699 | B284: 6 | C284: Unknown
A285: 41699 | B285: 22439 | C285: N/A
A286: 41730 | B286: 8232 | C286: Unknown
... A333: 42430 | B333: 469 | C333: Unknown

Sheet no LTV filter
D1: loan count ratio (Algo II / Algo I) for loans with LTV > 80
A4: pmtdate | B4: count() | C4: HARPStatus | F4: pmtdate | G4: count() | H4: MHAStatus | L4: Sum of count() | M4: Column Labels | V4: Sum of count() | W4: Column Labels
A5: 38353 | B5: 1751 | C5: N/A | F5: 38353 | G5: 1377 | H5: NOMHA-PURCHASE | L5: Row Labels | M5: < 2009-06 | N5: HARP | O5: N/A | P5: NON-HARP | Q5: Unknown | R5: Grand Total | V5: Row Labels | W5: MHA-ELIGIBLE | X5: NOMHA-PURCHASE | Y5: NOMHA-REFI | Z5: Grand Total | AE5: HARP-I | AF5: HARP-II | AG5: Ratio II/I | AH5: Total-I | AI5: Total-II
A6: 38353 | B6: 226 | C6: < 2009-06 | F6: 38353 | G6: 44 | H6: MHA-ELIGIBLE | L6: 38353 | M6: 226 | O6: 1751 | R6: 1977 | V6: 38353 | W6: 44 | X6: 1377 | Y6: 556 | Z6: 1977 | AD6: 39965 | AE6: =VLOOKUP(AD6,V:AA,2,0) -> 4272 | AF6: =VLOOKUP(AD6,L:R,3,0) -> 10383 | AG6: =AF6/AE6 -> 2.4304775 | AH6: =VLOOKUP(AD6,V:AA,5,0) -> 185672 | AI6: =VLOOKUP(AD6,L:R,7,0) -> 185672 | AJ6: ='>80 LTV'!AI6 -> 16449 | AK6: ='<80 LTV'!AF6 -> 169223 | AL6: =AJ6+AK6 -> 185672
A7: 38384 | B7: 237 | C7: < 2009-06 | F7: 38353 | G7: 556 | H7: NOMHA-REFI | L7: 38384 | M7: 237 | O7: 1713 | R7: 1950 | V7: 38384 | W7: 49 | X7: 1349 | Y7: 552 | Z7: 1950 | AD7: 39995 | AE7: =VLOOKUP(AD7,V:AA,2,0) -> 9557 | AF7: =VLOOKUP(AD7,L:R,3,0) -> 16311 | AG7: =AF7/AE7 -> 1.7067071 | AH7: =VLOOKUP(AD7,V:AA,5,0) -> 189412 | AI7: =VLOOKUP(AD7,L:R,7,0) -> 189412 | AJ7: ='>80 LTV'!AI7 -> 21488 | AK7: ='<80 LTV'!AF7 -> 167924 | AL7: =AJ7+AK7 -> 189412
A8: 38384 | B8: 1713 | C8: N/A | F8: 38384 | G8: 49 | H8: MHA-ELIGIBLE | L8: 38412 | M8: 165 | O8: 1379 | R8: 1544 | V8: 38412 | W8: 30 | X8: 1057 | Y8: 457 | Z8: 1544 | AD8: 40026 | AE8: =VLOOKUP(AD8,V:AA,2,0) -> 15810 | AF8: =VLOOKUP(AD8,L:R,3,0) -> 25480 | AG8: =AF8/AE8 -> 1.6116382 | AH8: =VLOOKUP(AD8,V:AA,5,0) -> 186673 | AI8: =VLOOKUP(AD8,L:R,7,0) -> 186673 | AJ8: ='>80 LTV'!AI8 -> 28635 | AK8: ='<80 LTV'!AF8 -> 158038 | AL8: =AJ8+AK8 -> 186673
A9: 38412 | B9: 1379 | C9: N/A | F9: 38384 | G9: 1349 | H9: NOMHA-PURCHASE | L9: 38443 | M9: 248 | O9: 1407 | R9: 1655 | V9: 38443 | W9: 35 | X9: 1032 | Y9: 588 | Z9: 1655 | AD9: 40057 | AE9: =VLOOKUP(AD9,V:AA,2,0) -> 14494 | AF9: =VLOOKUP(AD9,L:R,3,0) -> 22620 | AG9: =AF9/AE9 -> 1.5606458 | AH9: =VLOOKUP(AD9,V:AA,5,0) -> 151563 | AI9: =VLOOKUP(AD9,L:R,7,0) -> 151563 | AJ9: ='>80 LTV'!AI9 -> 26615 | AK9: ='<80 LTV'!AF9 -> 124948 | AL9: =AJ9+AK9 -> 151563
A10: 38412 | B10: 165 | C10: < 2009-06 | F10: 38384 | G10: 552 | H10: NOMHA-REFI | L10: 38473 | M10: 357 | O10: 1954 | R10: 2311 | V10: 38473 | W10: 28 | X10: 1386 | Y10: 897 | Z10: 2311 | AD10: 40087 | AE10: =VLOOKUP(AD10,V:AA,2,0) -> 9396 | AF10: =VLOOKUP(AD10,L:R,3,0) -> 16406 | AG10: =AF10/AE10 -> 1.7460622 | AH10: =VLOOKUP(AD10,V:AA,5,0) -> 103953 | AI10: =VLOOKUP(AD10,L:R,7,0) -> 103953 | AJ10: ='>80 LTV'!AI10 -> 18752 | AK10: ='<80 LTV'!AF10 -> 85201 | AL10: =AJ10+AK10 -> 103953
A11: 38443 | B11: 248 | C11: < 2009-06 | F11: 38412 | G11: 457 | H11: NOMHA-REFI | L11: 38504 | M11: 256 | O11: 2080 | R11: 2336 | V11: 38504 | W11: 16 | X11: 1574 | Y11: 746 | Z11: 2336 | AD11: 40118 | AE11: =VLOOKUP(AD11,V:AA,2,0) -> 7014 | AF11: =VLOOKUP(AD11,L:R,3,0) -> 13051 | AG11: =AF11/AE11 -> 1.8607072 | AH11: =VLOOKUP(AD11,V:AA,5,0) -> 92855 | AI11: =VLOOKUP(AD11,L:R,7,0) -> 92855 | AJ11: ='>80 LTV'!AI11 -> 15438 | AK11: ='<80 LTV'!AF11 -> 77417 | AL11: =AJ11+AK11 -> 92855
A12: 38443 | B12: 1407 | C12: N/A | F12: 38412 | G12: 30 | H12: MHA-ELIGIBLE | L12: 38534 | M12: 314 | O12: 2676 | R12: 2990 | V12: 38534 | W12: 39 | X12: 2085 | Y12: 866 | Z12: 2990 | AD12: 40148 | AE12: =VLOOKUP(AD12,V:AA,2,0) -> 9189 | AF12: =VLOOKUP(AD12,L:R,3,0) -> 18179 | AG12: =AF12/AE12 -> 1.9783437 | AH12: =VLOOKUP(AD12,V:AA,5,0) -> 107465 | AI12: =VLOOKUP(AD12,L:R,7,0) -> 107465 | AJ12: ='>80 LTV'!AI12 -> 18116 | AK12: ='<80 LTV'!AF12 -> 89349 | AL12: =AJ12+AK12 -> 107465
A13: 38473 | B13: 357 | C13: < 2009-06 | F13: 38412 | G13: 1057 | H13: NOMHA-PURCHASE | L13: 38565 | M13: 373 | O13: 3213 | R13: 3586 | V13: 38565 | W13: 57 | X13: 2462 | Y13: 1067 | Z13: 3586 | AD13: 40179 | AE13: =VLOOKUP(AD13,V:AA,2,0) -> 11722 | AF13: =VLOOKUP(AD13,L:R,3,0) -> 23590 | AG13: =AF13/AE13 -> 2.0124552 | AH13: =VLOOKUP(AD13,V:AA,5,0) -> 111542 | AI13: =VLOOKUP(AD13,L:R,7,0) -> 111542 | AJ13: ='>80 LTV'!AI13 -> 20516 | AK13: ='<80 LTV'!AF13 -> 91026 | AL13: =AJ13+AK13 -> 111542
A14: 38473 | B14: 1954 | C14: N/A | F14: 38443 | G14: 35 | H14: MHA-ELIGIBLE | L14: 38596 | M14: 618 | O14: 4049 | R14: 4667 | V14: 38596 | W14: 49 | X14: 2834 | Y14: 1784 | Z14: 4667 | AD14: 40210 | AE14: =VLOOKUP(AD14,V:AA,2,0) -> 13737 | AF14: =VLOOKUP(AD14,L:R,3,0) -> 26564 | AG14: =AF14/AE14 -> 1.9337556 | AH14: =VLOOKUP(AD14,V:AA,5,0) -> 111108 | AI14: =VLOOKUP(AD14,L:R,7,0) -> 111108 | AJ14: ='>80 LTV'!AI14 -> 20379 | AK14: ='<80 LTV'!AF14 -> 90729 | AL14: =AJ14+AK14 -> 111108
A15: 38504 | B15: 256 | C15: < 2009-06 | F15: 38443 | G15: 1032 | H15: NOMHA-PURCHASE | L15: 38626 | M15: 996 | O15: 7482 | R15: 8478 | V15: 38626 | W15: 112 | X15: 4949 | Y15: 3417 | Z15: 8478 | AD15: 40238 | AE15: =VLOOKUP(AD15,V:AA,2,0) -> 12676 | AF15: =VLOOKUP(AD15,L:R,3,0) -> 24648 | AG15: =AF15/AE15 -> 1.944462 | AH15: =VLOOKUP(AD15,V:AA,5,0) -> 93512 | AI15: =VLOOKUP(AD15,L:R,7,0) -> 93512 | AJ15: ='>80 LTV'!AI15 -> 17708 | AK15: ='<80 LTV'!AF15 -> 75804 | AL15: =AJ15+AK15 -> 93512
A16: 38504 | B16: 2080 | C16: N/A | F16: 38443 | G16: 588 | H16: NOMHA-REFI | L16: 38657 | M16: 2199 | O16: 15992 | R16: 18191 | V16: 38657 | W16: 243 | X16: 9243 | Y16: 8705 | Z16: 18191 | AD16: 40269 | AE16: =VLOOKUP(AD16,V:AA,2,0) -> 9563 | AF16: =VLOOKUP(AD16,L:R,3,0) -> 17440 | AG16: =AF16/AE16 -> 1.8236955 | AH16: =VLOOKUP(AD16,V:AA,5,0) -> 77852 | AI16: =VLOOKUP(AD16,L:R,7,0) -> 77852 | AJ16: ='>80 LTV'!AI16 -> 14556 | AK16: ='<80 LTV'!AF16 -> 63296 | AL16: =AJ16+AK16 -> 77852
A17: 38534 | B17: 2676 | C17: N/A | F17: 38473 | G17: 28 | H17: MHA-ELIGIBLE | L17: 38687 | M17: 9660 | O17: 58394 | R17: 68054 | V17: 38687 | W17: 989 | X17: 31357 | Y17: 35708 | Z17: 68054 | AD17: 40299 | AE17: =VLOOKUP(AD17,V:AA,2,0) -> 11244 | AF17: =VLOOKUP(AD17,L:R,3,0) -> 21045 | AG17: =AF17/AE17 -> 1.8716649 | AH17: =VLOOKUP(AD17,V:AA,5,0) -> 84250 | AI17: =VLOOKUP(AD17,L:R,7,0) -> 84250 | AJ17: ='>80 LTV'!AI17 -> 17676 | AK17: ='<80 LTV'!AF17 -> 66574 | AL17: =AJ17+AK17 -> 84250
... A58: 39142 | B58: 20923 | C58: < 2009-06 | F58: 38869 | G58: 47055 | H58: NOMHA-REFI | L58: 39934 | M58: 108692 | O58: 87478 | R58: 196170 | V58: 39934 | W58: 1844 | X58: 31459 | Y58: 162867 | Z58: 196170 | AD58: 41548 | AE58: =VLOOKUP(AD58,V:AA,2,0) -> 8489 | AF58: =VLOOKUP(AD58,L:R,3,0) -> 15993 | AG58: =AF58/AE58 -> 1.8839675 | AH58: =VLOOKUP(AD58,V:AA,5,0) -> 76755 | AI58: =VLOOKUP(AD58,L:R,7,0) -> 76755 | AJ58: ='>80 LTV'!AI58 -> 25586 | AK58: ='<80 LTV'!AF58 -> 51169 | AL58: =AJ58+AK58 -> 76755
A59: 39173 | B59: 93294 | C59: N/A | F59: 38899 | G59: 1405 | H59: MHA-ELIGIBLE | L59: 39965 | N59: 10383 | O59: 80977 | P59: 94312 | R59: 185672 | V59: 39965 | W59: 4272 | X59: 29540 | Y59: 151860 | Z59: 185672 | AD59: 41579 | AE59: =VLOOKUP(AD59,V:AA,2,0) -> 6264 | AF59: =VLOOKUP(AD59,L:R,3,0) -> 12082 | AG59: =AF59/AE59 -> 1.9287995 | AH59: =VLOOKUP(AD59,V:AA,5,0) -> 61630 | AI59: =VLOOKUP(AD59,L:R,7,0) -> 61630 | AJ59: ='>80 LTV'!AI59 -> 20817 | AK59: ='<80 LTV'!AF59 -> 40813 | AL59: =AJ59+AK59 -> 61630
A60: 39173 | B60: 18017 | C60: < 2009-06 | F60: 38899 | G60: 67928 | H60: NOMHA-PURCHASE | L60: 39995 | N60: 16311 | O60: 82570 | P60: 90531 | R60: 189412 | V60: 39995 | W60: 9557 | X60: 32401 | Y60: 147454 | Z60: 189412 | AD60: 41609 | AE60: =VLOOKUP(AD60,V:AA,2,0) -> 5421 | AF60: =VLOOKUP(AD60,L:R,3,0) -> 10922 | AG60: =AF60/AE60 -> 2.0147574 | AH60: =VLOOKUP(AD60,V:AA,5,0) -> 64624 | AI60: =VLOOKUP(AD60,L:R,7,0) -> 64624 | AJ60: ='>80 LTV'!AI60 -> 20796 | AK60: ='<80 LTV'!AF60 -> 43828 | AL60: =AJ60+AK60 -> 64624
A61: 39203 | B61: 118081 | C61: N/A | F61: 38899 | G61: 45291 | H61: NOMHA-REFI | L61: 40026 | N61: 25480 | O61: 89410 | P61: 71783 | R61: 186673 | V61: 40026 | W61: 15810 | X61: 42327 | Y61: 128536 | Z61: 186673 | AD61: 41640 | AE61: =VLOOKUP(AD61,V:AA,2,0) -> 4753 | AF61: =VLOOKUP(AD61,L:R,3,0) -> 9752 | AG61: =AF61/AE61 -> 2.0517568 | AH61: =VLOOKUP(AD61,V:AA,5,0) -> 65169 | AI61: =VLOOKUP(AD61,L:R,7,0) -> 65169 | AJ61: ='>80 LTV'!AI61 -> 20698 | AK61: ='<80 LTV'!AF61 -> 44471 | AL61: =AJ61+AK61 -> 65169
A62: 39203 | B62: 22875 | C62: < 2009-06 | F62: 38930 | G62: 78616 | H62: NOMHA-PURCHASE | L62: 40057 | N62: 22620 | O62: 83867 | P62: 45076 | R62: 151563 | V62: 40057 | W62: 14494 | X62: 47389 | Y62: 89680 | Z62: 151563 | AD62: 41671 | AE62: =VLOOKUP(AD62,V:AA,2,0) -> 4811 | AF62: =VLOOKUP(AD62,L:R,3,0) -> 9671 | AG62: =AF62/AE62 -> 2.010185 | AH62: =VLOOKUP(AD62,V:AA,5,0) -> 67525 | AI62: =VLOOKUP(AD62,L:R,7,0) -> 67525 | AJ62: ='>80 LTV'!AI62 -> 21746 | AK62: ='<80 LTV'!AF62 -> 45779 | AL62: =AJ62+AK62 -> 67525
A63: 39234 | B63: 24801 | C63: < 2009-06 | F63: 38930 | G63: 42657 | H63: NOMHA-REFI | L63: 40087 | N63: 16406 | O63: 62931 | P63: 24616 | R63: 103953 | V63: 40087 | W63: 9396 | X63: 38662 | Y63: 55895 | Z63: 103953 | AD63: 41699 | AE63: =VLOOKUP(AD63,V:AA,2,0) -> 3966 | AF63: =VLOOKUP(AD63,L:R,3,0) -> 8095 | AG63: =AF63/AE63 -> 2.0410993 | AH63: =VLOOKUP(AD63,V:AA,5,0) -> 46864 | AI63: =VLOOKUP(AD63,L:R,7,0) -> 46864 | AJ63: ='>80 LTV'!AI63 -> 14988 | AK63: ='<80 LTV'!AF63 -> 31876 | AL63: =AJ63+AK63 -> 46864
A64: 39234 | B64: 122699 | C64: N/A | F64: 38930 | G64: 1330 | H64: MHA-ELIGIBLE | L64: 40118 | N64: 13051 | O64: 58846 | P64: 20958 | R64: 92855 | V64: 40118 | W64: 7014 | X64: 36327 | Y64: 49514 | Z64: 92855 | AD64: 41730 | AE64: =VLOOKUP(AD64,V:AA,2,0) -> 3315 | AF64: =VLOOKUP(AD64,L:R,3,0) -> 0 | AG64: =AF64/AE64 -> 0 | AH64: =VLOOKUP(AD64,V:AA,5,0) -> 47251 | AI64: =VLOOKUP(AD64,L:R,7,0) -> 47251 | AJ64: ='>80 LTV'!AI64 -> 15796 | AK64: ='<80 LTV'!AF64 -> 31455 | AL64: =AJ64+AK64 -> 47251
A65: 39264 | B65: 21810 | C65: < 2009-06 | F65: 38961 | G65: 70755 | H65: NOMHA-PURCHASE | L65: 40148 | N65: 18179 | O65: 62802 | P65: 26484 | R65: 107465 | V65: 40148 | W65: 9189 | X65: 38253 | Y65: 60023 | Z65: 107465 | AD65: 41760 | AE65: =VLOOKUP(AD65,V:AA,2,0) -> 3393 | AF65: =VLOOKUP(AD65,L:R,3,0) -> 0 | AG65: =AF65/AE65 -> 0 | AH65: =VLOOKUP(AD65,V:AA,5,0) -> 61324 | AI65: =VLOOKUP(AD65,L:R,7,0) -> 61324 | AJ65: ='>80 LTV'!AI65 -> 20982 | AK65: ='<80 LTV'!AF65 -> 40342 | AL65: =AJ65+AK65 -> 61324
A66: 39264 | B66: 125490 | C66: N/A | F66: 38961 | G66: 40158 | H66: NOMHA-REFI | L66: 40179 | N66: 23590 | O66: 60390 | P66: 27562 | R66: 111542 | V66: 40179 | W66: 11722 | X66: 35825 | Y66: 63995 | Z66: 111542 | AD66: 41791 | AE66: =VLOOKUP(AD66,V:AA,2,0) -> 3249 | AF66: =VLOOKUP(AD66,L:R,3,0) -> 0 | AG66: =AF66/AE66 -> 0 | AH66: =VLOOKUP(AD66,V:AA,5,0) -> 63988 | AI66: =VLOOKUP(AD66,L:R,7,0) -> 63988 | AJ66: ='>80 LTV'!AI66 -> 22620 | AK66: ='<80 LTV'!AF66 -> 41368 | AL66: =AJ66+AK66 -> 63988
A67: 39295 | B67: 118350 | C67: N/A | F67: 38961 | G67: 1215 | H67: MHA-ELIGIBLE | L67: 40210 | N67: 26564 | O67: 54738 | P67: 29806 | R67: 111108 | V67: 40210 | W67: 13737 | X67: 29685 | Y67: 67686 | Z67: 111108 | AD67: 41821 | AE67: =VLOOKUP(AD67,V:AA,2,0) -> 2784 | AF67: =VLOOKUP(AD67,L:R,3,0) -> 0 | AG67: =AF67/AE67 -> 0 | AH67: =VLOOKUP(AD67,V:AA,5,0) -> 68620 | AI67: =VLOOKUP(AD67,L:R,7,0) -> 68620 | AJ67: ='>80 LTV'!AI67 -> 24951 | AK67: ='<80 LTV'!AF67 -> 43669 | AL67: =AJ67+AK67 -> 68620
A68: 39295 | B68: 17435 | C68: < 2009-06 | F68: 38991 | G68: 1252 | H68: MHA-ELIGIBLE | L68: 40238 | N68: 24648 | O68: 43730 | P68: 25134 | R68: 93512 | V68: 40238 | W68: 12676 | X68: 21691 | Y68: 59145 | Z68: 93512 | AD68: 41852 | AE68: =VLOOKUP(AD68,V:AA,2,0) -> 2417 | AF68: =VLOOKUP(AD68,L:R,3,0) -> 0 | AG68: =AF68/AE68 -> 0 | AH68: =VLOOKUP(AD68,V:AA,5,0) -> 81864 | AI68: =VLOOKUP(AD68,L:R,7,0) -> 81864 | AJ68: ='>80 LTV'!AI68 -> 29558 | AK68: ='<80 LTV'!AF68 -> 52306 | AL68: =AJ68+AK68 -> 81864
A69: 39326 | B69: 15468 | C69: < 2009-06 | F69: 38991 | G69: 69723 | H69: NOMHA-PURCHASE | L69: 40269 | N69: 17440 | O69: 42612 | P69: 17800 | R69: 77852 | V69: 40269 | W69: 9563 | X69: 23919 | Y69: 44370 | Z69: 77852 | AD69: 41883 | AE69: =VLOOKUP(AD69,V:AA,2,0) -> 2312 | AF69: =VLOOKUP(AD69,L:R,3,0) -> 0 | AG69: =AF69/AE69 -> 0 | AH69: =VLOOKUP(AD69,V:AA,5,0) -> 83785 | AI69: =VLOOKUP(AD69,L:R,7,0) -> 83785 | AJ69: ='>80 LTV'!AI69 -> 29191 | AK69: ='<80 LTV'!AF69 -> 54594 | AL69: =AJ69+AK69 -> 83785
A70: 39326 | B70: 113663 | C70: N/A | F70: 38991 | G70: 42945 | H70: NOMHA-REFI | L70: 40299 | N70: 21045 | O70: 46376 | P70: 16829 | R70: 84250 | V70: 40299 | W70: 11244 | X70: 29020 | Y70: 43986 | Z70: 84250 | AD70: 41913 | AE70: =VLOOKUP(AD70,V:AA,2,0) -> 2380 | AF70: =VLOOKUP(AD70,L:R,3,0) -> 0 | AG70: =AF70/AE70 -> 0 | AH70: =VLOOKUP(AD70,V:AA,5,0) -> 80431 | AI70: =VLOOKUP(AD70,L:R,7,0) -> 80431 | AJ70: ='>80 LTV'!AI70 -> 27720 | AK70: ='<80 LTV'!AF70 -> 52711 | AL70: =AJ70+AK70 -> 80431
... A86: 39569 | B86: 41596 | C86: < 2009-06 | F86: 39173 | G86: 53348 | H86: NOMHA-PURCHASE | L86: 40787 | N86: 14123 | O86: 37088 | P86: 9875 | R86: 61086 | V86: 40787 | W86: 6608 | X86: 28163 | Y86: 26315 | Z86: 61086 | AD86: 42401 | AE86: =VLOOKUP(AD86,V:AA,2,0) -> 780 | AF86: =VLOOKUP(AD86,L:R,3,0) -> 0 | AG86: =AF86/AE86 -> 0 | AH86: =VLOOKUP(AD86,V:AA,5,0) -> 41247 | AI86: =VLOOKUP(AD86,L:R,7,0) -> 41247 | AJ86: ='>80 LTV'!AI86 -> 13212 | AK86: ='<80 LTV'!AF86 -> 28035 | AL86: =AJ86+AK86 -> 41247
A87: 39600 | B87: 38213 | C87: < 2009-06 | F87: 39173 | G87: 56908 | H87: NOMHA-REFI | L87: 40817 | N87: 14085 | O87: 36313 | P87: 11433 | R87: 61831 | V87: 40817 | W87: 6814 | X87: 27235 | Y87: 27782 | Z87: 61831
A88: 39600 | B88: 98366 | C88: N/A | F88: 39173 | G88: 1055 | H88: MHA-ELIGIBLE | L88: 40848 | N88: 17552 | O88: 32247 | P88: 22206 | R88: 72005 | V88: 40848 | W88: 7897 | X88: 22085 | Y88: 42023 | Z88: 72005
A89: 39630 | B89: 81925 | C89: N/A | F89: 39203 | G89: 69549 | H89: NOMHA-PURCHASE | L89: 40878 | N89: 20154 | O89: 24463 | P89: 21822 | R89: 66439 | V89: 40878 | W89: 9245 | X89: 15408 | Y89: 41786 | Z89: 66439
A90: 39630 | B90: 23471 | C90: < 2009-06 | F90: 39203 | G90: 70088 | H90: NOMHA-REFI | L90: 40909 | N90: 21858 | O90: 25528 | P90: 22762 | R90: 70148 | V90: 40909 | W90: 9831 | X90: 15623 | Y90: 44694 | Z90: 70148
A91: 39661 | B91: 17448 | C91: < 2009-06 | F91: 39203 | G91: 1319 | H91: MHA-ELIGIBLE | L91: 40940 | N91: 18923 | O91: 30766 | P91: 25465 | R91: 75154 | V91: 40940 | W91: 9082 | X91: 18666 | Y91: 47406 | Z91: 75154
A92: 39661 | B92: 80739 | C92: N/A | F92: 39234 | G92: 1313 | H92: MHA-ELIGIBLE | L92: 40969 | N92: 20650 | O92: 21030 | P92: 22392 | R92: 64072 | V92: 40969 | W92: 11001 | X92: 11423 | Y92: 41648 | Z92: 64072
A93: 39692 | B93: 67217 | C93: N/A | F93: 39234 | G93: 72761 | H93: NOMHA-REFI | L93: 41000 | N93: 23750 | O93: 20238 | P93: 22169 | R93: 66157 | V93: 41000 | W93: 14080 | X93: 11472 | Y93: 40605 | Z93: 66157
A94: 39692 | B94: 11583 | C94: < 2009-06 | F94: 39234 | G94: 73426 | H94: NOMHA-PURCHASE | L94: 41030 | N94: 22147 | O94: 24409 | P94: 21904 | R94: 68460 | V94: 41030 | W94: 13189 | X94: 15169 | Y94: 40102 | Z94: 68460
A95: 39722 | B95: 7202 | C95: < 2009-06 | F95: 39264 | G95: 1364 | H95: MHA-ELIGIBLE | L95: 41061 | N95: 20132 | O95: 32503 | P95: 18591 | R95: 71226 | V95: 41061 | W95: 12382 | X95: 23359 | Y95: 35485 | Z95: 71226
A96: 39722 | B96: 45118 | C96: N/A | F96: 39264 | G96: 79560 | H96: NOMHA-PURCHASE | L96: 41091 | N96: 20818 | O96: 40917 | P96: 20169 | R96: 81904 | V96: 41091 | W96: 13178 | X96: 30515 | Y96: 38211 | Z96: 81904
A97: 39753 | B97: 50695 | C97: N/A | F97: 39264 | G97: 66376 | H97: NOMHA-REFI | L97: 41122 | N97: 21157 | O97: 40189 | P97: 20467 | R97: 81813 | V97: 41122 | W97: 13092 | X97: 30334 | Y97: 38387 | Z97: 81813
A98: 39753 | B98: 10585 | C98: < 2009-06 | F98: 39295 | G98: 54454 | H98: NOMHA-REFI | L98: 41153 | N98: 23362 | O98: 43003 | P98: 25359 | R98: 91724 | V98: 41153 | W98: 13246 | X98: 31002 | Y98: 47476 | Z98: 91724
... A115: 39995 | B115: 82570 | C115: N/A | F115: 39448 | G115: 52512 | H115: NOMHA-REFI | L115: 41671 | N115: 9671 | O115: 48084 | P115: 9770 | R115: 67525 | V115: 41671 | W115: 4811 | X115: 38048 | Y115: 24666 | Z115: 67525
A116: 39995 | B116: 90531 | C116: NON-HARP | F116: 39479 | G116: 1383 | H116: MHA-ELIGIBLE | L116: 41699 | N116: 8095 | O116: 32181 | P116: 6582 | Q116: 6 | R116: 46864 | V116: 41699 | W116: 3966 | X116: 25079 | Y116: 17819 | Z116: 46864
A117: 40026 | B117: 89410 | C117: N/A | F117: 39479 | G117: 54684 | H117: NOMHA-PURCHASE | L117: 41730 | O117: 34463 | Q117: 12788 | R117: 47251 | V117: 41730 | W117: 3315 | X117: 27579 | Y117: 16357 | Z117: 47251
A118: 40026 | B118: 25480 | C118: HARP | F118: 39479 | G118: 70430 | H118: NOMHA-REFI | L118: 41760 | O118: 46338 | Q118: 14986 | R118: 61324 | V118: 41760 | W118: 3393 | X118: 37584 | Y118: 20347 | Z118: 61324
A119: 40026 | B119: 71783 | C119: NON-HARP | F119: 39508 | G119: 1156 | H119: MHA-ELIGIBLE | L119: 41791 | O119: 49506 | Q119: 14482 | R119: 63988 | V119: 41791 | W119: 3249 | X119: 40696 | Y119: 20043 | Z119: 63988
A120: 40057 | B120: 45076 | C120: NON-HARP | F120: 39508 | G120: 69744 | H120: NOMHA-REFI | L120: 41821 | O120: 55296 | Q120: 13324 | R120: 68620 | V120: 41821 | W120: 2784 | X120: 46579 | Y120: 19257 | Z120: 68620
A121: 40057 | B121: 83867 | C121: N/A | F121: 39508 | G121: 41618 | H121: NOMHA-PURCHASE | L121: 41852 | O121: 65987 | Q121: 15877 | R121: 81864 | V121: 41852 | W121: 2417 | X121: 55585 | Y121: 23862 | Z121: 81864
A122: 40057 | B122: 22620 | C122: HARP | F122: 39539 | G122: 1528 | H122: MHA-ELIGIBLE | L122: 41883 | O122: 67292 | Q122: 16493 | R122: 83785 | V122: 41883 | W122: 2312 | X122: 56062 | Y122: 25411 | Z122: 83785
A123: 40087 | B123: 62931 | C123: N/A | F123: 39539 | G123: 46161 | H123: NOMHA-PURCHASE | L123: 41913 | O123: 63700 | Q123: 16731 | R123: 80431 | V123: 41913 | W123: 2380 | X123: 52186 | Y123: 25865 | Z123: 80431
A124: 40087 | B124: 16406 | C124: HARP | F124: 39539 | G124: 111556 | H124: NOMHA-REFI | L124: 41944 | O124: 59685 | Q124: 17725 | R124: 77410 | V124: 41944 | W124: 2381 | X124: 47183 | Y124: 27846 | Z124: 77410
A125: 40087 | B125: 24616 | C125: NON-HARP | F125: 39569 | G125: 88808 | H125: NOMHA-REFI | L125: 41974 | O125: 54342 | Q125: 18168 | R125: 72510 | V125: 41974 | W125: 2277 | X125: 42357 | Y125: 27876 | Z125: 72510
A126: 40118 | B126: 13051 | C126: HARP | F126: 39569 | G126: 1326 | H126: MHA-ELIGIBLE | L126: 42005 | O126: 47250 | Q126: 21476 | R126: 68726 | V126: 42005 | W126: 1976 | X126: 35533 | Y126: 31217 | Z126: 68726
A127: 40118 | B127: 20958 | C127: NON-HARP | F127: 39569 | G127: 53863 | H127: NOMHA-PURCHASE | L127: 42036 | O127: 50078 | Q127: 20938 | R127: 71016 | V127: 42036 | W127: 2128 | X127: 37562 | Y127: 31326 | Z127: 71016
A128: 40118 | B128: 58846 | C128: N/A | F128: 39600 | G128: 84479 | H128: NOMHA-REFI | L128: 42064 | O128: 39431 | Q128: 24131 | R128: 63562 | V128: 42064 | W128: 1852 | X128: 27394 | Y128: 34316 | Z128: 63562
... A140: 40238 | B140: 25134 | C140: NON-HARP | F140: 39722 | G140: 19424 | H140: NOMHA-REFI | L140: 42430 | O140: 1503 | Q140: 660 | R140: 2163 | V140: 42430 | W140: 77 | X140: 914 | Y140: 1172 | Z140: 2163
A141: 40269 | B141: 42612 | C141: N/A | F141: 39722 | G141: 32670 | H141: NOMHA-PURCHASE | L141: Grand Total | M141: 1054171 | N141: 1270061 | O141: 7720546 | P141: 1512868 | Q141: 456893 | R141: 12014539 | V141: Grand Total | W141: 742202 | X141: 4930242 | Y141: 6342095 | Z141: 12014539
A142: 40269 | B142: 17440 | C142: HARP | F142: 39722 | G142: 226 | H142: MHA-ELIGIBLE
A143: 40269 | B143: 17800 | C143: NON-HARP | F143: 39753 | G143: 25213 | H143: NOMHA-REFI
A144: 40299 | B144: 46376 | C144: N/A | F144: 39753 | G144: 278 | H144: MHA-ELIGIBLE
A145: 40299 | B145: 21045 | C145: HARP | F145: 39753 | G145: 35789 | H145: NOMHA-PURCHASE
A146: 40299 | B146: 16829 | C146: NON-HARP | F146: 39783 | G146: 33349 | H146: NOMHA-PURCHASE
A147: 40330 | B147: 14699 | C147: NON-HARP | F147: 39783 | G147: 34138 | H147: NOMHA-REFI
A148: 40330 | B148: 49599 | C148: N/A | F148: 39783 | G148: 438 | H148: MHA-ELIGIBLE
A149: 40330 | B149: 19445 | C149: HARP | F149: 39814 | G149: 194 | H149: MHA-ELIGIBLE
A150: 40360 | B150: 15205 | C150: HARP | F150: 39814 | G150: 22723 | H150: NOMHA-PURCHASE
A151: 40360 | B151: 11907 | C151: NON-HARP | F151: 39814 | G151: 17074 | H151: NOMHA-REFI
A152: 40360 | B152: 51493 | C152: N/A | F152: 39845 | G152: 31141 | H152: NOMHA-PURCHASE
A153: 40391 | B153: 21345 | C153: HARP | F153: 39845 | G153: 52932 | H153: NOMHA-REFI
... A333: 42430 | B333: 1503 | C333: N/A | F333: 41671 | G333: 24666 | H333: NOMHA-REFI
F334: 41671 | G334: 4811 | H334: MHA-ELIGIBLE
F335: 41699 | G335: 3966 | H335: MHA-ELIGIBLE
F336: 41699 | G336: 25079 | H336: NOMHA-PURCHASE
F337: 41699 | G337: 17819 | H337: NOMHA-REFI
F338: 41730 | G338: 3315 | H338: MHA-ELIGIBLE
F339: 41730 | G339: 27579 | H339: NOMHA-PURCHASE
F340: 41730 | G340: 16357 | H340: NOMHA-REFI
F341: 41760 | G341: 3393 | H341: MHA-ELIGIBLE
F342: 41760 | G342: 37584 | H342: NOMHA-PURCHASE
F343: 41760 | G343: 20347 | H343: NOMHA-REFI
F344: 41791 | G344: 20043 | H344: NOMHA-REFI
F345: 41791 | G345: 40696 | H345: NOMHA-PURCHASE
... F409: 42430 | G409: 1172 | H409: NOMHA-REFI

Sheet Sheet6
