Workbook

Sheet Shift
B1: 0.23
B2: 1 | C2: 1 | D2: 1 | E2: 1 | F2: 0.6 | G2: 1
A3: Row Labels | B3: LLB | C3: MLB | D3: HLB | E3: HHLB | F3: 417K | G3: JUMBO
A4: -50
A5: -25 | B5: =Raw!K21*Shift!B$2+Raw!K$4 -> 0.0050123982 | C5: =Raw!L21*Shift!C$2+Raw!L$4 -> 0.0050753943 | D5: =Raw!M21*Shift!D$2+Raw!M$4 -> 0.004645403 | E5: =Raw!N21*Shift!E$2+Raw!N$4 -> 0.0045496501 | F5: =Raw!O21*Shift!F$2+Raw!O$4 -> 0.0045159691 | G5: =Raw!P21*Shift!G$2+Raw!P$4 -> 0.0037543709
A6: 0 | B6: =Raw!K22*Shift!B$2+Raw!K$4 -> 0.0057709 | C6: =Raw!L22*Shift!C$2+Raw!L$4 -> 0.005590903 | D6: =Raw!M22*Shift!D$2+Raw!M$4 -> 0.0054780749 | E6: =Raw!N22*Shift!E$2+Raw!N$4 -> 0.0055120764 | F6: =Raw!O22*Shift!F$2+Raw!O$4 -> 0.00509109 | G6: =Raw!P22*Shift!G$2+Raw!P$4 -> 0.0050407671
A7: 25 | B7: =Raw!K23*Shift!B$2+Raw!K$4 -> 0.0064297483 | C7: =Raw!L23*Shift!C$2+Raw!L$4 -> 0.0065331178 | D7: =Raw!M23*Shift!D$2+Raw!M$4 -> 0.0066961249 | E7: =Raw!N23*Shift!E$2+Raw!N$4 -> 0.0069947575 | F7: =Raw!O23*Shift!F$2+Raw!O$4 -> 0.0067692969 | G7: =Raw!P23*Shift!G$2+Raw!P$4 -> 0.0092061332
A8: 50 | B8: =Raw!K24*Shift!B$2+Raw!K$4 -> 0.0070987027 | C8: =Raw!L24*Shift!C$2+Raw!L$4 -> 0.0075697381 | D8: =Raw!M24*Shift!D$2+Raw!M$4 -> 0.0084481058 | E8: =Raw!N24*Shift!E$2+Raw!N$4 -> 0.0093466182 | F8: =Raw!O24*Shift!F$2+Raw!O$4 -> 0.010624613 | G8: =Raw!P24*Shift!G$2+Raw!P$4 -> 0.020238379
A9: 75 | B9: =Raw!K25*Shift!B$2+Raw!K$4 -> 0.0079743817 | C9: =Raw!L25*Shift!C$2+Raw!L$4 -> 0.0088554258 | D9: =Raw!M25*Shift!D$2+Raw!M$4 -> 0.010511288 | E9: =Raw!N25*Shift!E$2+Raw!N$4 -> 0.012488677 | F9: =Raw!O25*Shift!F$2+Raw!O$4 -> 0.015043968 | G9: =Raw!P25*Shift!G$2+Raw!P$4 -> 0.033236861
A10: 100 | B10: =Raw!K26*Shift!B$2+Raw!K$4 -> 0.0091693772 | C10: =Raw!L26*Shift!C$2+Raw!L$4 -> 0.010818608 | D10: =Raw!M26*Shift!D$2+Raw!M$4 -> 0.013908403 | E10: =Raw!N26*Shift!E$2+Raw!N$4 -> 0.01690714 | F10: =Raw!O26*Shift!F$2+Raw!O$4 -> 0.019543725 | G10: =Raw!P26*Shift!G$2+Raw!P$4 -> 0.043808761
A11: 125 | B11: =Raw!K27*Shift!B$2+Raw!K$4 -> 0.010623621 | C11: =Raw!L27*Shift!C$2+Raw!L$4 -> 0.013482408 | D11: =Raw!M27*Shift!D$2+Raw!M$4 -> 0.017668141 | E11: =Raw!N27*Shift!E$2+Raw!N$4 -> 0.021856896 | F11: =Raw!O27*Shift!F$2+Raw!O$4 -> 0.021738996 | G11: =Raw!P27*Shift!G$2+Raw!P$4 -> 0.049632893
A12: 150 | B12: =Raw!K28*Shift!B$2+Raw!K$4 -> 0.011826412 | C12: =Raw!L28*Shift!C$2+Raw!L$4 -> 0.016102721 | D12: =Raw!M28*Shift!D$2+Raw!M$4 -> 0.020694948 | E12: =Raw!N28*Shift!E$2+Raw!N$4 -> 0.024878919 | F12: =Raw!O28*Shift!F$2+Raw!O$4 -> 0.02331317 | G12: =Raw!P28*Shift!G$2+Raw!P$4 -> 0.05082625
A13: 175 | B13: =Raw!K29*Shift!B$2+Raw!K$4 -> 0.013451605 | C13: =Raw!L29*Shift!C$2+Raw!L$4 -> 0.01794558 | D13: =Raw!M29*Shift!D$2+Raw!M$4 -> 0.022860071 | E13: =Raw!N29*Shift!E$2+Raw!N$4 -> 0.026319599 | F13: =Raw!O29*Shift!F$2+Raw!O$4 -> 0.02316825 | G13: =Raw!P29*Shift!G$2+Raw!P$4 -> 0.050949983
A14: 200 | B14: =Raw!K30*Shift!B$2+Raw!K$4 -> 0.013955648 | C14: =Raw!L30*Shift!C$2+Raw!L$4 -> 0.019095029 | D14: =Raw!M30*Shift!D$2+Raw!M$4 -> 0.023557192 | E14: =Raw!N30*Shift!E$2+Raw!N$4 -> 0.027526191 | F14: =Raw!O30*Shift!F$2+Raw!O$4 -> 0.022253867 | G14: =Raw!P30*Shift!G$2+Raw!P$4 -> 0.045373105
B16: 50 | D16: 50 | E16: 30

Sheet standardized
B1: 50 | C1: 30 | D1: 28 | E1: 20 | G1: -5
B2: LLB | C2: MLB | D2: HLB | E2: HHLB | F2: 417K | G2: JUMBO
A3: -50
A4: -25 | B4: =(Raw!K21-MIN(Raw!K$21:K$29))/(MAX(Raw!K$21:K$29)-MIN(Raw!K$21:K$29)) -> 0 | C4: =(Raw!L21-MIN(Raw!L$21:L$29))/(MAX(Raw!L$21:L$29)-MIN(Raw!L$21:L$29)) -> 0 | D4: =(Raw!M21-MIN(Raw!M$21:M$29))/(MAX(Raw!M$21:M$29)-MIN(Raw!M$21:M$29)) -> 0 | E4: =(Raw!N21-MIN(Raw!N$21:N$29))/(MAX(Raw!N$21:N$29)-MIN(Raw!N$21:N$29)) -> 0 | F4: =(Raw!O21-MIN(Raw!O$21:O$29))/(MAX(Raw!O$21:O$29)-MIN(Raw!O$21:O$29)) -> 0 | G4: =(Raw!P21-MIN(Raw!P$21:P$29))/(MAX(Raw!P$21:P$29)-MIN(Raw!P$21:P$29)) -> 0
A5: 0 | B5: =(Raw!K22-MIN(Raw!K$21:K$29))/(MAX(Raw!K$21:K$29)-MIN(Raw!K$21:K$29)) -> 0.08987832 | C5: =(Raw!L22-MIN(Raw!L$21:L$29))/(MAX(Raw!L$21:L$29)-MIN(Raw!L$21:L$29)) -> 0.040054492 | D5: =(Raw!M22-MIN(Raw!M$21:M$29))/(MAX(Raw!M$21:M$29)-MIN(Raw!M$21:M$29)) -> 0.045714363 | E5: =(Raw!N22-MIN(Raw!N$21:N$29))/(MAX(Raw!N$21:N$29)-MIN(Raw!N$21:N$29)) -> 0.044208938 | F5: =(Raw!O22-MIN(Raw!O$21:O$29))/(MAX(Raw!O$21:O$29)-MIN(Raw!O$21:O$29)) -> 0.030596095 | G5: =(Raw!P22-MIN(Raw!P$21:P$29))/(MAX(Raw!P$21:P$29)-MIN(Raw!P$21:P$29)) -> 0.027256691
A6: 25 | B6: =(Raw!K23-MIN(Raw!K$21:K$29))/(MAX(Raw!K$21:K$29)-MIN(Raw!K$21:K$29)) -> 0.16794826 | C6: =(Raw!L23-MIN(Raw!L$21:L$29))/(MAX(Raw!L$21:L$29)-MIN(Raw!L$21:L$29)) -> 0.1132636 | D6: =(Raw!M23-MIN(Raw!M$21:M$29))/(MAX(Raw!M$21:M$29)-MIN(Raw!M$21:M$29)) -> 0.11258629 | E6: =(Raw!N23-MIN(Raw!N$21:N$29))/(MAX(Raw!N$21:N$29)-MIN(Raw!N$21:N$29)) -> 0.11231571 | F6: =(Raw!O23-MIN(Raw!O$21:O$29))/(MAX(Raw!O$21:O$29)-MIN(Raw!O$21:O$29)) -> 0.11987571 | G6: =(Raw!P23-MIN(Raw!P$21:P$29))/(MAX(Raw!P$21:P$29)-MIN(Raw!P$21:P$29)) -> 0.11551418
A7: 50 | B7: =(Raw!K24-MIN(Raw!K$21:K$29))/(MAX(Raw!K$21:K$29)-MIN(Raw!K$21:K$29)) -> 0.2472157 | C7: =(Raw!L24-MIN(Raw!L$21:L$29))/(MAX(Raw!L$21:L$29)-MIN(Raw!L$21:L$29)) -> 0.19380792 | D7: =(Raw!M24-MIN(Raw!M$21:M$29))/(MAX(Raw!M$21:M$29)-MIN(Raw!M$21:M$29)) -> 0.20877146 | E7: =(Raw!N24-MIN(Raw!N$21:N$29))/(MAX(Raw!N$21:N$29)-MIN(Raw!N$21:N$29)) -> 0.22034816 | F7: =(Raw!O24-MIN(Raw!O$21:O$29))/(MAX(Raw!O$21:O$29)-MIN(Raw!O$21:O$29)) -> 0.32497624 | G7: =(Raw!P24-MIN(Raw!P$21:P$29))/(MAX(Raw!P$21:P$29)-MIN(Raw!P$21:P$29)) -> 0.34926994
A8: 75 | B8: =(Raw!K25-MIN(Raw!K$21:K$29))/(MAX(Raw!K$21:K$29)-MIN(Raw!K$21:K$29)) -> 0.35097889 | C8: =(Raw!L25-MIN(Raw!L$21:L$29))/(MAX(Raw!L$21:L$29)-MIN(Raw!L$21:L$29)) -> 0.29370451 | D8: =(Raw!M25-MIN(Raw!M$21:M$29))/(MAX(Raw!M$21:M$29)-MIN(Raw!M$21:M$29)) -> 0.32204183 | E8: =(Raw!N25-MIN(Raw!N$21:N$29))/(MAX(Raw!N$21:N$29)-MIN(Raw!N$21:N$29)) -> 0.36467827 | F8: =(Raw!O25-MIN(Raw!O$21:O$29))/(MAX(Raw!O$21:O$29)-MIN(Raw!O$21:O$29)) -> 0.56008332 | G8: =(Raw!P25-MIN(Raw!P$21:P$29))/(MAX(Raw!P$21:P$29)-MIN(Raw!P$21:P$29)) -> 0.62468711
A9: 100 | B9: =(Raw!K26-MIN(Raw!K$21:K$29))/(MAX(Raw!K$21:K$29)-MIN(Raw!K$21:K$29)) -> 0.49257934 | C9: =(Raw!L26-MIN(Raw!L$21:L$29))/(MAX(Raw!L$21:L$29)-MIN(Raw!L$21:L$29)) -> 0.4462417 | D9: =(Raw!M26-MIN(Raw!M$21:M$29))/(MAX(Raw!M$21:M$29)-MIN(Raw!M$21:M$29)) -> 0.50854618 | E9: =(Raw!N26-MIN(Raw!N$21:N$29))/(MAX(Raw!N$21:N$29)-MIN(Raw!N$21:N$29)) -> 0.5676398 | F9: =(Raw!O26-MIN(Raw!O$21:O$29))/(MAX(Raw!O$21:O$29)-MIN(Raw!O$21:O$29)) -> 0.79946779 | G9: =(Raw!P26-MIN(Raw!P$21:P$29))/(MAX(Raw!P$21:P$29)-MIN(Raw!P$21:P$29)) -> 0.84868887
A10: 125 | B10: =(Raw!K27-MIN(Raw!K$21:K$29))/(MAX(Raw!K$21:K$29)-MIN(Raw!K$21:K$29)) -> 0.66489931 | C10: =(Raw!L27-MIN(Raw!L$21:L$29))/(MAX(Raw!L$21:L$29)-MIN(Raw!L$21:L$29)) -> 0.65321621 | D10: =(Raw!M27-MIN(Raw!M$21:M$29))/(MAX(Raw!M$21:M$29)-MIN(Raw!M$21:M$29)) -> 0.71495888 | E10: =(Raw!N27-MIN(Raw!N$21:N$29))/(MAX(Raw!N$21:N$29)-MIN(Raw!N$21:N$29)) -> 0.79500628 | F10: =(Raw!O27-MIN(Raw!O$21:O$29))/(MAX(Raw!O$21:O$29)-MIN(Raw!O$21:O$29)) -> 0.91625488 | G10: =(Raw!P27-MIN(Raw!P$21:P$29))/(MAX(Raw!P$21:P$29)-MIN(Raw!P$21:P$29)) -> 0.97209296
A11: 150 | B11: =(Raw!K28-MIN(Raw!K$21:K$29))/(MAX(Raw!K$21:K$29)-MIN(Raw!K$21:K$29)) -> 0.80742344 | C11: =(Raw!L28-MIN(Raw!L$21:L$29))/(MAX(Raw!L$21:L$29)-MIN(Raw!L$21:L$29)) -> 0.85681181 | D11: =(Raw!M28-MIN(Raw!M$21:M$29))/(MAX(Raw!M$21:M$29)-MIN(Raw!M$21:M$29)) -> 0.88113304 | E11: =(Raw!N28-MIN(Raw!N$21:N$29))/(MAX(Raw!N$21:N$29)-MIN(Raw!N$21:N$29)) -> 0.93382254 | F11: =(Raw!O28-MIN(Raw!O$21:O$29))/(MAX(Raw!O$21:O$29)-MIN(Raw!O$21:O$29)) -> 1 | G11: =(Raw!P28-MIN(Raw!P$21:P$29))/(MAX(Raw!P$21:P$29)-MIN(Raw!P$21:P$29)) -> 0.9973783
A12: 175 | B12: =(Raw!K29-MIN(Raw!K$21:K$29))/(MAX(Raw!K$21:K$29)-MIN(Raw!K$21:K$29)) -> 1 | C12: =(Raw!L29-MIN(Raw!L$21:L$29))/(MAX(Raw!L$21:L$29)-MIN(Raw!L$21:L$29)) -> 1 | D12: =(Raw!M29-MIN(Raw!M$21:M$29))/(MAX(Raw!M$21:M$29)-MIN(Raw!M$21:M$29)) -> 1 | E12: =(Raw!N29-MIN(Raw!N$21:N$29))/(MAX(Raw!N$21:N$29)-MIN(Raw!N$21:N$29)) -> 1 | F12: =(Raw!O29-MIN(Raw!O$21:O$29))/(MAX(Raw!O$21:O$29)-MIN(Raw!O$21:O$29)) -> 0.99229037 | G12: =(Raw!P29-MIN(Raw!P$21:P$29))/(MAX(Raw!P$21:P$29)-MIN(Raw!P$21:P$29)) -> 1
A13: 200

Sheet Raw
A1: Row Labels | B1: LLB | C1: MLB | D1: HLB | E1: HHLB | F1: 417K | G1: JUMBO | K1: LLB | L1: MLB | M1: HLB | N1: HHLB | O1: 417K | P1: JUMBO
A2: -50 | B2: 4.9883667 | C2: 4.8359556 | D2: 4.5806653 | E2: 4.3349671 | F2: 3.8462549 | G2: 3.1447499 | J2: -50 | K2: =(1-(1-B2/100)^(1/12)) -> 0.0042551582 | L2: =(1-(1-C2/100)^(1/12)) -> 0.0041221473 | M2: =(1-(1-D2/100)^(1/12)) -> 0.0038997892 | N2: =(1-(1-E2/100)^(1/12)) -> 0.0036863003 | O2: =(1-(1-F2/100)^(1/12)) -> 0.0032631446 | P2: =(1-(1-G2/100)^(1/12)) -> 0.0026591739
A3: -25 | B3: 5.8517981 | C3: 5.9233033 | D3: 5.4342397 | E3: 5.3250154 | F3: 4.8478896 | G3: 4.4133706 | J3: -25 | K3: =(1-(1-B3/100)^(1/12)) -> 0.0050123982 | L3: =(1-(1-C3/100)^(1/12)) -> 0.0050753943 | M3: =(1-(1-D3/100)^(1/12)) -> 0.004645403 | N3: =(1-(1-E3/100)^(1/12)) -> 0.0045496501 | O3: =(1-(1-F3/100)^(1/12)) -> 0.0041325551 | P3: =(1-(1-G3/100)^(1/12)) -> 0.0037543709
A4: 0 | B4: 6.7094521 | C4: 6.5065763 | D4: 6.379201 | E4: 6.4176031 | F4: 5.9411114 | G4: 5.8840051 | J4: 0 | K4: =(1-(1-B4/100)^(1/12)) -> 0.0057709 | L4: =(1-(1-C4/100)^(1/12)) -> 0.005590903 | M4: =(1-(1-D4/100)^(1/12)) -> 0.0054780749 | N4: =(1-(1-E4/100)^(1/12)) -> 0.0055120764 | O4: =(1-(1-F4/100)^(1/12)) -> 0.00509109 | P4: =(1-(1-G4/100)^(1/12)) -> 0.0050407671
A5: 25 | B5: 7.4486072 | C5: 7.5640879 | D5: 7.7459254 | E5: 8.0782051 | F5: 9.0656643 | G5: 10.504806 | J5: 25 | K5: =(1-(1-B5/100)^(1/12)) -> 0.0064297483 | L5: =(1-(1-C5/100)^(1/12)) -> 0.0065331178 | M5: =(1-(1-D5/100)^(1/12)) -> 0.0066961249 | N5: =(1-(1-E5/100)^(1/12)) -> 0.0069947575 | O5: =(1-(1-F5/100)^(1/12)) -> 0.0078881014 | P5: =(1-(1-G5/100)^(1/12)) -> 0.0092061332
A6: 50 | B6: 8.1936043 | C6: 8.7148815 | D6: 9.6796977 | E6: 10.656962 | F6: 15.886631 | G6: 21.757075 | J6: 50 | K6: =(1-(1-B6/100)^(1/12)) -> 0.0070987027 | L6: =(1-(1-C6/100)^(1/12)) -> 0.0075697381 | M6: =(1-(1-D6/100)^(1/12)) -> 0.0084481058 | N6: =(1-(1-E6/100)^(1/12)) -> 0.0093466182 | O6: =(1-(1-F6/100)^(1/12)) -> 0.014313628 | P6: =(1-(1-G6/100)^(1/12)) -> 0.020238379
A7: 75 | B7: 9.1605175 | C7: 10.123926 | D7: 11.909286 | E7: 13.998702 | F7: 23.126732 | G7: 33.343732 | J7: 75 | K7: =(1-(1-B7/100)^(1/12)) -> 0.0079743817 | L7: =(1-(1-C7/100)^(1/12)) -> 0.0088554258 | M7: =(1-(1-D7/100)^(1/12)) -> 0.010511288 | N7: =(1-(1-E7/100)^(1/12)) -> 0.012488677 | O7: =(1-(1-F7/100)^(1/12)) -> 0.021679219 | P7: =(1-(1-G7/100)^(1/12)) -> 0.033236861
A8: 100 | B8: 10.464957 | C8: 12.237041 | D8: 15.470734 | E8: 18.504335 | F8: 29.907599 | G8: 41.583286 | J8: 100 | K8: =(1-(1-B8/100)^(1/12)) -> 0.0091693772 | L8: =(1-(1-C8/100)^(1/12)) -> 0.010818608 | M8: =(1-(1-D8/100)^(1/12)) -> 0.013908403 | N8: =(1-(1-E8/100)^(1/12)) -> 0.01690714 | O8: =(1-(1-F8/100)^(1/12)) -> 0.029178816 | P8: =(1-(1-G8/100)^(1/12)) -> 0.043808761
A9: 125 | B9: 12.029219 | C9: 15.031489 | D9: 19.25814 | E9: 23.2941 | F9: 33.012641 | G9: 45.712885 | J9: 125 | K9: =(1-(1-B9/100)^(1/12)) -> 0.010623621 | L9: =(1-(1-C9/100)^(1/12)) -> 0.013482408 | M9: =(1-(1-D9/100)^(1/12)) -> 0.017668141 | N9: =(1-(1-E9/100)^(1/12)) -> 0.021856896 | O9: =(1-(1-F9/100)^(1/12)) -> 0.0328376 | P9: =(1-(1-G9/100)^(1/12)) -> 0.049632893
A10: 150 | B10: 13.304031 | C10: 17.700516 | D10: 22.19349 | E10: 26.090112 | F10: 35.161 | G10: 46.525266 | J10: 150 | K10: =(1-(1-B10/100)^(1/12)) -> 0.011826412 | L10: =(1-(1-C10/100)^(1/12)) -> 0.016102721 | M10: =(1-(1-D10/100)^(1/12)) -> 0.020694948 | N10: =(1-(1-E10/100)^(1/12)) -> 0.024878919 | O10: =(1-(1-F10/100)^(1/12)) -> 0.035461223 | P10: =(1-(1-G10/100)^(1/12)) -> 0.05082625
A11: 175 | B11: 14.999647 | C11: 19.531361 | D11: 24.23282 | E11: 27.389883 | F11: 34.965894 | G11: 46.608857 | J11: 175 | K11: =(1-(1-B11/100)^(1/12)) -> 0.013451605 | L11: =(1-(1-C11/100)^(1/12)) -> 0.01794558 | M11: =(1-(1-D11/100)^(1/12)) -> 0.022860071 | N11: =(1-(1-E11/100)^(1/12)) -> 0.026319599 | O11: =(1-(1-F11/100)^(1/12)) -> 0.03521969 | P11: =(1-(1-G11/100)^(1/12)) -> 0.050949983
A12: 200 | B12: 15.519321 | C12: 20.654331 | D12: 24.878936 | E12: 28.462302 | F12: 33.722389 | G12: 42.719871 | J12: 200 | K12: =(1-(1-B12/100)^(1/12)) -> 0.013955648 | L12: =(1-(1-C12/100)^(1/12)) -> 0.019095029 | M12: =(1-(1-D12/100)^(1/12)) -> 0.023557192 | N12: =(1-(1-E12/100)^(1/12)) -> 0.027526191 | O12: =(1-(1-F12/100)^(1/12)) -> 0.033695719 | P12: =(1-(1-G12/100)^(1/12)) -> 0.045373105
J18: Refi
J19: Row Labels | K19: LLB | L19: MLB | M19: HLB | N19: HHLB | O19: 417K | P19: JUMBO
J20: -50
J21: -25 | K21: =K3-K$4 -> -0.00075850176 | L21: =L3-L$4 -> -0.00051550874 | M21: =M3-M$4 -> -0.00083267192 | N21: =N3-N$4 -> -0.00096242632 | O21: =O3-O$4 -> -0.0009585349 | P21: =P3-P$4 -> -0.0012863962
J22: 0 | K22: =K4-K$4 -> 0 | L22: =L4-L$4 -> 0 | M22: =M4-M$4 -> 0 | N22: =N4-N$4 -> 0 | O22: =O4-O$4 -> 0 | P22: =P4-P$4 -> 0
J23: 25 | K23: =K5-K$4 -> 0.00065884836 | L23: =L5-L$4 -> 0.00094221474 | M23: =M5-M$4 -> 0.00121805 | N23: =N5-N$4 -> 0.001482681 | O23: =O5-O$4 -> 0.0027970114 | P23: =P5-P$4 -> 0.0041653661
J24: 50 | K24: =K6-K$4 -> 0.0013278028 | L24: =L6-L$4 -> 0.0019788351 | M24: =M6-M$4 -> 0.0029700308 | N24: =N6-N$4 -> 0.0038345418 | O24: =O6-O$4 -> 0.0092225378 | P24: =P6-P$4 -> 0.015197612
J25: 75 | K25: =K7-K$4 -> 0.0022034817 | L25: =L7-L$4 -> 0.0032645228 | M25: =M7-M$4 -> 0.005033213 | N25: =N7-N$4 -> 0.006976601 | O25: =O7-O$4 -> 0.016588129 | P25: =P7-P$4 -> 0.028196094
J26: 100 | K26: =K8-K$4 -> 0.0033984773 | L26: =L8-L$4 -> 0.0052277047 | M26: =M8-M$4 -> 0.0084303278 | N26: =N8-N$4 -> 0.011395063 | O26: =O8-O$4 -> 0.024087726 | P26: =P8-P$4 -> 0.038767994
J27: 125 | K27: =K9-K$4 -> 0.0048527212 | L27: =L9-L$4 -> 0.007891505 | M27: =M9-M$4 -> 0.012190066 | N27: =N9-N$4 -> 0.01634482 | O27: =O9-O$4 -> 0.02774651 | P27: =P9-P$4 -> 0.044592126
J28: 150 | K28: =K10-K$4 -> 0.0060555118 | L28: =L10-L$4 -> 0.010511818 | M28: =M10-M$4 -> 0.015216873 | N28: =N10-N$4 -> 0.019366843 | O28: =O10-O$4 -> 0.030370133 | P28: =P10-P$4 -> 0.045785483
J29: 175 | K29: =K11-K$4 -> 0.0076807053 | L29: =L11-L$4 -> 0.012354677 | M29: =M11-M$4 -> 0.017381996 | N29: =N11-N$4 -> 0.020807523 | O29: =O11-O$4 -> 0.0301286 | P29: =P11-P$4 -> 0.045909215
J30: 200 | K30: =K12-K$4 -> 0.0081847481 | L30: =L12-L$4 -> 0.013504126 | M30: =M12-M$4 -> 0.018079117 | N30: =N12-N$4 -> 0.022014115 | O30: =O12-O$4 -> 0.028604629 | P30: =P12-P$4 -> 0.040332338
I33: with | J33: 1 | K33: Refi
J34: Row Labels | K34: LLB | L34: MLB | M34: HLB | N34: HHLB | O34: 417K | P34: JUMBO
J35: -50
J36: -25 | K36: =K21*$J$33+K$4 -> 0.0050123982 | L36: =L21*$J$33+L$4 -> 0.0050753943 | M36: =M21*$J$33+M$4 -> 0.004645403 | N36: =N21*$J$33+N$4 -> 0.0045496501 | O36: =O21*$J$33+O$4 -> 0.0041325551 | P36: =P21*$J$33+P$4 -> 0.0037543709
J37: 0 | K37: =K22*$J$33+K$4 -> 0.0057709 | L37: =L22*$J$33+L$4 -> 0.005590903 | M37: =M22*$J$33+M$4 -> 0.0054780749 | N37: =N22*$J$33+N$4 -> 0.0055120764 | O37: =O22*$J$33+O$4 -> 0.00509109 | P37: =P22*$J$33+P$4 -> 0.0050407671
J38: 25 | K38: =K23*$J$33+K$4 -> 0.0064297483 | L38: =L23*$J$33+L$4 -> 0.0065331178 | M38: =M23*$J$33+M$4 -> 0.0066961249 | N38: =N23*$J$33+N$4 -> 0.0069947575 | O38: =O23*$J$33+O$4 -> 0.0078881014 | P38: =P23*$J$33+P$4 -> 0.0092061332
J39: 50 | K39: =K24*$J$33+K$4 -> 0.0070987027 | L39: =L24*$J$33+L$4 -> 0.0075697381 | M39: =M24*$J$33+M$4 -> 0.0084481058 | N39: =N24*$J$33+N$4 -> 0.0093466182 | O39: =O24*$J$33+O$4 -> 0.014313628 | P39: =P24*$J$33+P$4 -> 0.020238379
J40: 75 | K40: =K25*$J$33+K$4 -> 0.0079743817 | L40: =L25*$J$33+L$4 -> 0.0088554258 | M40: =M25*$J$33+M$4 -> 0.010511288 | N40: =N25*$J$33+N$4 -> 0.012488677 | O40: =O25*$J$33+O$4 -> 0.021679219 | P40: =P25*$J$33+P$4 -> 0.033236861
J41: 100 | K41: =K26*$J$33+K$4 -> 0.0091693772 | L41: =L26*$J$33+L$4 -> 0.010818608 | M41: =M26*$J$33+M$4 -> 0.013908403 | N41: =N26*$J$33+N$4 -> 0.01690714 | O41: =O26*$J$33+O$4 -> 0.029178816 | P41: =P26*$J$33+P$4 -> 0.043808761
J42: 125 | K42: =K27*$J$33+K$4 -> 0.010623621 | L42: =L27*$J$33+L$4 -> 0.013482408 | M42: =M27*$J$33+M$4 -> 0.017668141 | N42: =N27*$J$33+N$4 -> 0.021856896 | O42: =O27*$J$33+O$4 -> 0.0328376 | P42: =P27*$J$33+P$4 -> 0.049632893
J43: 150 | K43: =K28*$J$33+K$4 -> 0.011826412 | L43: =L28*$J$33+L$4 -> 0.016102721 | M43: =M28*$J$33+M$4 -> 0.020694948 | N43: =N28*$J$33+N$4 -> 0.024878919 | O43: =O28*$J$33+O$4 -> 0.035461223 | P43: =P28*$J$33+P$4 -> 0.05082625
J44: 175 | K44: =K29*$J$33+K$4 -> 0.013451605 | L44: =L29*$J$33+L$4 -> 0.01794558 | M44: =M29*$J$33+M$4 -> 0.022860071 | N44: =N29*$J$33+N$4 -> 0.026319599 | O44: =O29*$J$33+O$4 -> 0.03521969 | P44: =P29*$J$33+P$4 -> 0.050949983
J45: 200 | K45: =K30*$J$33+K$4 -> 0.013955648 | L45: =L30*$J$33+L$4 -> 0.019095029 | M45: =M30*$J$33+M$4 -> 0.023557192 | N45: =N30*$J$33+N$4 -> 0.027526191 | O45: =O30*$J$33+O$4 -> 0.033695719 | P45: =P30*$J$33+P$4 -> 0.045373105
