Workbook

Sheet Housing Stock
A1: Table with row headings in Column A and column headings are in rows 5, 26, 47, 68, 89, 110, and 131. Leading dots indicate sub-parts.
A2: Table 7. Estimates of the Total Housing Inventory for the United States: 1965 to Present
A3: (Numbers in thousands)
B5: 1965 | C5: 1966 | D5: 1967 | E5: 1968 | F5: 1969 | G5: 1970 | H5: 1971 | I5: 1972 | L5: 1999 | M5: 70097 | P5: 1999 | Q5: =VLOOKUP(P5,L:M,2,0) -> 70097 | R5: 1 | S5: =(R5-1)*(Q17-Q5)/12+Q5 -> 70097
L6: 2000 | M6: 71250 | P6: =IF(R6>1,P5,P5+2) -> 1999 | Q6: =VLOOKUP(P6,L:M,2,0) -> 70097 | R6: 2 | S6: =(R6-1)*(Q18-Q6)/12+Q6 -> 70193.083
A7: All housing units | B7: 64213 | C7: 65212 | D7: 66014 | E7: 67171 | F7: 68479 | G7: 69778 | H7: 71320 | I7: 73313 | L7: 2001 | M7: 72593 | P7: =IF(R7>1,P6,P6+2) -> 1999 | Q7: =VLOOKUP(P7,L:M,2,0) -> 70097 | R7: 3 | S7: =(R7-1)*(Q19-Q7)/12+Q7 -> 70289.167
L8: 2002 | M8: 73713 | P8: =IF(R8>1,P7,P7+2) -> 1999 | Q8: =VLOOKUP(P8,L:M,2,0) -> 70097 | R8: 4 | S8: =(R8-1)*(Q20-Q8)/12+Q8 -> 70385.25
A9: ..Vacant | B9: 6712 | C9: 6726 | D9: 6538 | E9: 6218 | F9: 6218 | G9: 6137 | H9: 6238 | I9: 6368 | L9: 2003 | M9: 71278 | P9: =IF(R9>1,P8,P8+2) -> 1999 | Q9: =VLOOKUP(P9,L:M,2,0) -> 70097 | R9: 5 | S9: =(R9-1)*(Q21-Q9)/12+Q9 -> 70481.333
A10: ….Year-round vacant | B10: 4853 | C10: 4909 | D10: 4762 | E10: 4446 | F10: 4437 | G10: 4391 | H10: 4559 | I10: 4665 | L10: 2004 | M10: 72054 | P10: =IF(R10>1,P9,P9+2) -> 1999 | Q10: =VLOOKUP(P10,L:M,2,0) -> 70097 | R10: 6 | S10: =(R10-1)*(Q22-Q10)/12+Q10 -> 70577.417
A11: …...For rent | B11: 1884 | C11: 1778 | D11: 1566 | E11: 1392 | F11: 1296 | G11: 1299 | H11: 1353 | I11: 1421 | L11: 2005 | M11: 73575 | P11: =IF(R11>1,P10,P10+2) -> 1999 | Q11: =VLOOKUP(P11,L:M,2,0) -> 70097 | R11: 7 | S11: =(R11-1)*(Q23-Q11)/12+Q11 -> 70673.5
A12: …...For sale only | B12: 548 | C12: 522 | D12: 499 | E12: 439 | F12: 408 | G12: 427 | H12: 422 | I12: 432 | L12: 2006 | M12: 74553 | P12: =IF(R12>1,P11,P11+2) -> 1999 | Q12: =VLOOKUP(P12,L:M,2,0) -> 70097 | R12: 8 | S12: =(R12-1)*(Q24-Q12)/12+Q12 -> 70769.583
A13: …...Rented or sold | B13: 330 | C13: 349 | D13: 348 | E13: 389 | F13: 402 | G13: 427 | H13: 478 | I13: 516 | L13: 2007 | M13: 75380 | P13: =IF(R13>1,P12,P12+2) -> 1999 | Q13: =VLOOKUP(P13,L:M,2,0) -> 70097 | R13: 9 | S13: =(R13-1)*(Q25-Q13)/12+Q13 -> 70865.667
A14: …...Held off market | B14: 2092 | C14: 2261 | D14: 2349 | E14: 2227 | F14: 2332 | G14: 2238 | H14: 2307 | I14: 2297 | L14: 2008 | M14: 75159 | P14: =IF(R14>1,P13,P13+2) -> 1999 | Q14: =VLOOKUP(P14,L:M,2,0) -> 70097 | R14: 10 | S14: =(R14-1)*(Q26-Q14)/12+Q14 -> 70961.75
A15: ……...Occasional use | B15: 504 | C15: 546 | D15: 571 | E15: 551 | F15: 619 | G15: 615 | H15: 652 | I15: 642 | L15: 2009 | M15: 75566 | P15: =IF(R15>1,P14,P14+2) -> 1999 | Q15: =VLOOKUP(P15,L:M,2,0) -> 70097 | R15: 11 | S15: =(R15-1)*(Q27-Q15)/12+Q15 -> 71057.833
A16: ……...URE | B16: 379 | C16: 434 | D16: 460 | E16: 438 | F16: 454 | G16: 429 | H16: 416 | I16: 419 | L16: 2010 | M16: 75014 | P16: =IF(R16>1,P15,P15+2) -> 1999 | Q16: =VLOOKUP(P16,L:M,2,0) -> 70097 | R16: 12 | S16: =(R16-1)*(Q28-Q16)/12+Q16 -> 71153.917
A17: ……...Other | B17: 1209 | C17: 1280 | D17: 1318 | E17: 1238 | F17: 1258 | G17: 1195 | H17: 1239 | I17: 1237 | L17: 2011 | M17: 74791 | P17: =IF(R17>1,P16,P16+1) -> 2000 | Q17: =VLOOKUP(P17,L:M,2,0) -> 71250 | R17: 1 | S17: =(R17-1)*(Q29-Q17)/12+Q17 -> 71250
L18: 2012 | M18: 75091 | P18: =IF(R18>1,P17,P17+1) -> 2000 | Q18: =VLOOKUP(P18,L:M,2,0) -> 71250 | R18: 2 | S18: =(R18-1)*(Q30-Q18)/12+Q18 -> 71361.917
A19: ….Seasonal | B19: 1860 | C19: 1817 | D19: 1776 | E19: 1772 | F19: 1782 | G19: 1746 | H19: 1680 | I19: 1703 | L19: 2013 | M19: 74668 | P19: =IF(R19>1,P18,P18+1) -> 2000 | Q19: =VLOOKUP(P19,L:M,2,0) -> 71250 | R19: 3 | S19: =(R19-1)*(Q31-Q19)/12+Q19 -> 71473.833
L20: 2014 | M20: 74427 | P20: =IF(R20>1,P19,P19+1) -> 2000 | Q20: =VLOOKUP(P20,L:M,2,0) -> 71250 | R20: 4 | S20: =(R20-1)*(Q32-Q20)/12+Q20 -> 71585.75
A21: ..Total occupied | B21: 57501 | C21: 58486 | D21: 59476 | E21: 60952 | F21: 62261 | G21: 63640 | H21: 65081 | I21: 66945 | L21: 2015 | M21: 74706 | P21: =IF(R21>1,P20,P20+1) -> 2000 | Q21: =VLOOKUP(P21,L:M,2,0) -> 71250 | R21: 5 | S21: =(R21-1)*(Q33-Q21)/12+Q21 -> 71697.667
A22: ….Owner | B22: 36230 | C22: 37109 | D22: 37842 | E22: 38918 | F22: 40049 | G22: 40834 | H22: 41816 | I22: 43096 | L22: 2016 | M22: =M21+400 -> 75106 | P22: =IF(R22>1,P21,P21+1) -> 2000 | Q22: =VLOOKUP(P22,L:M,2,0) -> 71250 | R22: 6 | S22: =(R22-1)*(Q34-Q22)/12+Q22 -> 71809.583
A23: ….Renter | B23: 21271 | C23: 21377 | D23: 21634 | E23: 22034 | F23: 22211 | G23: 22806 | H23: 23266 | I23: 23849 | L23: 2017 | M23: 75000 | P23: =IF(R23>1,P22,P22+1) -> 2000 | Q23: =VLOOKUP(P23,L:M,2,0) -> 71250 | R23: 7 | S23: =(R23-1)*(Q35-Q23)/12+Q23 -> 71921.5
L24: 2018 | M24: 75000 | P24: =IF(R24>1,P23,P23+1) -> 2000 | Q24: =VLOOKUP(P24,L:M,2,0) -> 71250 | R24: 8 | S24: =(R24-1)*(Q36-Q24)/12+Q24 -> 72033.417
P25: =IF(R25>1,P24,P24+1) -> 2000 | Q25: =VLOOKUP(P25,L:M,2,0) -> 71250 | R25: 9 | S25: =(R25-1)*(Q37-Q25)/12+Q25 -> 72145.333
B26: 1973 | C26: 1974 | D26: 1975 | E26: 1976 | F26: 1977 | G26: 1978 | H26: 1979 | I26: 1979\r1 | P26: =IF(R26>1,P25,P25+1) -> 2000 | Q26: =VLOOKUP(P26,L:M,2,0) -> 71250 | R26: 10 | S26: =(R26-1)*(Q38-Q26)/12+Q26 -> 72257.25
P27: =IF(R27>1,P26,P26+1) -> 2000 | Q27: =VLOOKUP(P27,L:M,2,0) -> 71250 | R27: 11 | S27: =(R27-1)*(Q39-Q27)/12+Q27 -> 72369.167
A28: All housing units | B28: 75407 | C28: 77462 | D28: 78821 | E28: 80189 | F28: 81645 | G28: 83496 | H28: 85061 | I28: 85735 | P28: =IF(R28>1,P27,P27+1) -> 2000 | Q28: =VLOOKUP(P28,L:M,2,0) -> 71250 | R28: 12 | S28: =(R28-1)*(Q40-Q28)/12+Q28 -> 72481.083
P29: =IF(R29>1,P28,P28+1) -> 2001 | Q29: =VLOOKUP(P29,L:M,2,0) -> 72593 | R29: 1 | S29: =(R29-1)*(Q41-Q29)/12+Q29 -> 72593
A30: ..Vacant | B30: 6558 | C30: 6904 | D30: 6896 | E30: 6774 | F30: 6861 | G30: 6948 | H30: 7129 | I30: 7589 | P30: =IF(R30>1,P29,P29+1) -> 2001 | Q30: =VLOOKUP(P30,L:M,2,0) -> 72593 | R30: 2 | S30: =(R30-1)*(Q42-Q30)/12+Q30 -> 72686.333
A31: ….Year-round vacant | B31: 4851 | C31: 5155 | D31: 5202 | E31: 5190 | F31: 5224 | G31: 5260 | H31: 5415 | I31: 5893 | P31: =IF(R31>1,P30,P30+1) -> 2001 | Q31: =VLOOKUP(P31,L:M,2,0) -> 72593 | R31: 3 | S31: =(R31-1)*(Q43-Q31)/12+Q31 -> 72779.667
A32: …...For rent | B32: 1521 | C32: 1661 | D32: 1647 | E32: 1546 | F32: 1472 | G32: 1433 | H32: 1431 | I32: 1579 | P32: =IF(R32>1,P31,P31+1) -> 2001 | Q32: =VLOOKUP(P32,L:M,2,0) -> 72593 | R32: 4 | S32: =(R32-1)*(Q44-Q32)/12+Q32 -> 72873
A33: …...For sale only | B33: 467 | C33: 557 | D33: 591 | E33: 598 | F33: 574 | G33: 524 | H33: 566 | I33: 607 | P33: =IF(R33>1,P32,P32+1) -> 2001 | Q33: =VLOOKUP(P33,L:M,2,0) -> 72593 | R33: 5 | S33: =(R33-1)*(Q45-Q33)/12+Q33 -> 72966.333
A34: …...Rented or sold | B34: 524 | C34: 543 | D34: 536 | E34: 564 | F34: 651 | G34: 650 | H34: 640 | I34: 705 | P34: =IF(R34>1,P33,P33+1) -> 2001 | Q34: =VLOOKUP(P34,L:M,2,0) -> 72593 | R34: 6 | S34: =(R34-1)*(Q46-Q34)/12+Q34 -> 73059.667
A35: …...Held off market | B35: 2340 | C35: 2393 | D35: 2429 | E35: 2482 | F35: 2528 | G35: 2653 | H35: 2778 | I35: 3003 | P35: =IF(R35>1,P34,P34+1) -> 2001 | Q35: =VLOOKUP(P35,L:M,2,0) -> 72593 | R35: 7 | S35: =(R35-1)*(Q47-Q35)/12+Q35 -> 73153
A36: ……...Occasional use | B36: 588 | C36: 617 | D36: 649 | E36: 705 | F36: 707 | G36: 689 | H36: 710 | I36: 794 | P36: =IF(R36>1,P35,P35+1) -> 2001 | Q36: =VLOOKUP(P36,L:M,2,0) -> 72593 | R36: 8 | S36: =(R36-1)*(Q48-Q36)/12+Q36 -> 73246.333
A37: ……...URE | B37: 433 | C37: 452 | D37: 470 | E37: 467 | F37: 438 | G37: 467 | H37: 541 | I37: 591 | P37: =IF(R37>1,P36,P36+1) -> 2001 | Q37: =VLOOKUP(P37,L:M,2,0) -> 72593 | R37: 9 | S37: =(R37-1)*(Q49-Q37)/12+Q37 -> 73339.667
A38: ……...Other | B38: 1320 | C38: 1325 | D38: 1309 | E38: 1310 | F38: 1383 | G38: 1498 | H38: 1528 | I38: 1618 | P38: =IF(R38>1,P37,P37+1) -> 2001 | Q38: =VLOOKUP(P38,L:M,2,0) -> 72593 | R38: 10 | S38: =(R38-1)*(Q50-Q38)/12+Q38 -> 73433
P39: =IF(R39>1,P38,P38+1) -> 2001 | Q39: =VLOOKUP(P39,L:M,2,0) -> 72593 | R39: 11 | S39: =(R39-1)*(Q51-Q39)/12+Q39 -> 73526.333
A40: ….Seasonal | B40: 1706 | C40: 1750 | D40: 1694 | E40: 1584 | F40: 1637 | G40: 1688 | H40: 1714 | I40: 1696 | P40: =IF(R40>1,P39,P39+1) -> 2001 | Q40: =VLOOKUP(P40,L:M,2,0) -> 72593 | R40: 12 | S40: =(R40-1)*(Q52-Q40)/12+Q40 -> 73619.667
P41: =IF(R41>1,P40,P40+1) -> 2002 | Q41: =VLOOKUP(P41,L:M,2,0) -> 73713 | R41: 1 | S41: =(R41-1)*(Q53-Q41)/12+Q41 -> 73713
A42: ..Total occupied | B42: 68849 | C42: 70558 | D42: 71925 | E42: 73415 | F42: 74784 | G42: 76548 | H42: 77932 | I42: 78146 | P42: =IF(R42>1,P41,P41+1) -> 2002 | Q42: =VLOOKUP(P42,L:M,2,0) -> 73713 | R42: 2 | S42: =(R42-1)*(Q54-Q42)/12+Q42 -> 73510.083
A43: ….Owner | B43: 44424 | C43: 45615 | D43: 46463 | E43: 47518 | F43: 48461 | G43: 49739 | H43: 51086 | I43: 50972 | P43: =IF(R43>1,P42,P42+1) -> 2002 | Q43: =VLOOKUP(P43,L:M,2,0) -> 73713 | R43: 3 | S43: =(R43-1)*(Q55-Q43)/12+Q43 -> 73307.167
A44: ….Renter | B44: 24425 | C44: 24943 | D44: 25462 | E44: 25897 | F44: 26324 | G44: 26810 | H44: 26847 | I44: 27174 | P44: =IF(R44>1,P43,P43+1) -> 2002 | Q44: =VLOOKUP(P44,L:M,2,0) -> 73713 | R44: 4 | S44: =(R44-1)*(Q56-Q44)/12+Q44 -> 73104.25
P45: =IF(R45>1,P44,P44+1) -> 2002 | Q45: =VLOOKUP(P45,L:M,2,0) -> 73713 | R45: 5 | S45: =(R45-1)*(Q57-Q45)/12+Q45 -> 72901.333
P46: =IF(R46>1,P45,P45+1) -> 2002 | Q46: =VLOOKUP(P46,L:M,2,0) -> 73713 | R46: 6 | S46: =(R46-1)*(Q58-Q46)/12+Q46 -> 72698.417
B47: 1980 | C47: 1981 | D47: 1981\r2 | E47: 1982 | F47: 1983 | G47: 1984 | H47: 1985 | I47: 1986\1 | P47: =IF(R47>1,P46,P46+1) -> 2002 | Q47: =VLOOKUP(P47,L:M,2,0) -> 73713 | R47: 7 | S47: =(R47-1)*(Q59-Q47)/12+Q47 -> 72495.5
P48: =IF(R48>1,P47,P47+1) -> 2002 | Q48: =VLOOKUP(P48,L:M,2,0) -> 73713 | R48: 8 | S48: =(R48-1)*(Q60-Q48)/12+Q48 -> 72292.583
A49: All housing units | B49: 87739 | C49: 88988 | D49: 90862 | E49: 91876 | F49: 93044 | G49: 95256 | H49: 97333 | I49: 99318 | P49: =IF(R49>1,P48,P48+1) -> 2002 | Q49: =VLOOKUP(P49,L:M,2,0) -> 73713 | R49: 9 | S49: =(R49-1)*(Q61-Q49)/12+Q49 -> 72089.667
P50: =IF(R50>1,P49,P49+1) -> 2002 | Q50: =VLOOKUP(P50,L:M,2,0) -> 73713 | R50: 10 | S50: =(R50-1)*(Q62-Q50)/12+Q50 -> 71886.75
A51: ..Vacant | B51: 8101 | C51: 7967 | D51: 8070 | E51: 8145 | F51: 8479 | G51: 8910 | H51: 9446 | I51: 10173 | P51: =IF(R51>1,P50,P50+1) -> 2002 | Q51: =VLOOKUP(P51,L:M,2,0) -> 73713 | R51: 11 | S51: =(R51-1)*(Q63-Q51)/12+Q51 -> 71683.833
A52: ….Year-round vacant | B52: 5996 | C52: 6034 | D52: 6136 | E52: 6369 | F52: 6693 | G52: 7080 | H52: 7400 | I52: 7821 | P52: =IF(R52>1,P51,P51+1) -> 2002 | Q52: =VLOOKUP(P52,L:M,2,0) -> 73713 | R52: 12 | S52: =(R52-1)*(Q64-Q52)/12+Q52 -> 71480.917
A53: …...For rent | B53: 1575 | C53: 1500 | D53: 1524 | E53: 1670 | F53: 1810 | G53: 1934 | H53: 2221 | I53: 2588 | P53: =IF(R53>1,P52,P52+1) -> 2003 | Q53: =VLOOKUP(P53,L:M,2,0) -> 71278 | R53: 1 | S53: =(R53-1)*(Q65-Q53)/12+Q53 -> 71278
A54: …...For sale only | B54: 734 | C54: 746 | D54: 759 | E54: 843 | F54: 862 | G54: 947 | H54: 1006 | I54: 937 | P54: =IF(R54>1,P53,P53+1) -> 2003 | Q54: =VLOOKUP(P54,L:M,2,0) -> 71278 | R54: 2 | S54: =(R54-1)*(Q66-Q54)/12+Q54 -> 71342.667
A55: …...Rented or sold | B55: 623 | C55: 585 | D55: 595 | E55: 554 | F55: 633 | G55: 664 | H55: 664 | I55: 683 | P55: =IF(R55>1,P54,P54+1) -> 2003 | Q55: =VLOOKUP(P55,L:M,2,0) -> 71278 | R55: 3 | S55: =(R55-1)*(Q67-Q55)/12+Q55 -> 71407.333
A56: …...Held off market | B56: 3064 | C56: 3203 | D56: 3259 | E56: 3302 | F56: 3389 | G56: 3535 | H56: 3510 | I56: 3614 | P56: =IF(R56>1,P55,P55+1) -> 2003 | Q56: =VLOOKUP(P56,L:M,2,0) -> 71278 | R56: 4 | S56: =(R56-1)*(Q68-Q56)/12+Q56 -> 71472
A57: ……...Occasional use | B57: 814 | C57: 884 | D57: 909 | E57: 959 | F57: 926 | G57: 992 | H57: 977 | I57: 991 | P57: =IF(R57>1,P56,P56+1) -> 2003 | Q57: =VLOOKUP(P57,L:M,2,0) -> 71278 | R57: 5 | S57: =(R57-1)*(Q69-Q57)/12+Q57 -> 71536.667
A58: ……...URE | B58: 568 | C58: 605 | D58: 615 | E58: 588 | F58: 642 | G58: 622 | H58: 659 | I58: 741 | P58: =IF(R58>1,P57,P57+1) -> 2003 | Q58: =VLOOKUP(P58,L:M,2,0) -> 71278 | R58: 6 | S58: =(R58-1)*(Q70-Q58)/12+Q58 -> 71601.333
A59: ……...Other | B59: 1683 | C59: 1715 | D59: 1735 | E59: 1754 | F59: 1821 | G59: 1921 | H59: 1875 | I59: 1883 | P59: =IF(R59>1,P58,P58+1) -> 2003 | Q59: =VLOOKUP(P59,L:M,2,0) -> 71278 | R59: 7 | S59: =(R59-1)*(Q71-Q59)/12+Q59 -> 71666
P60: =IF(R60>1,P59,P59+1) -> 2003 | Q60: =VLOOKUP(P60,L:M,2,0) -> 71278 | R60: 8 | S60: =(R60-1)*(Q72-Q60)/12+Q60 -> 71730.667
A61: ….Seasonal | B61: 2106 | C61: 1934 | D61: 1934 | E61: 1776 | F61: 1787 | G61: 1830 | H61: 2046 | I61: 2352 | P61: =IF(R61>1,P60,P60+1) -> 2003 | Q61: =VLOOKUP(P61,L:M,2,0) -> 71278 | R61: 9 | S61: =(R61-1)*(Q73-Q61)/12+Q61 -> 71795.333
P62: =IF(R62>1,P61,P61+1) -> 2003 | Q62: =VLOOKUP(P62,L:M,2,0) -> 71278 | R62: 10 | S62: =(R62-1)*(Q74-Q62)/12+Q62 -> 71860
A63: ..Total occupied | B63: 79638 | C63: 81020 | D63: 82793 | E63: 83731 | F63: 84565 | G63: 86346 | H63: 87887 | I63: 89145 | P63: =IF(R63>1,P62,P62+1) -> 2003 | Q63: =VLOOKUP(P63,L:M,2,0) -> 71278 | R63: 11 | S63: =(R63-1)*(Q75-Q63)/12+Q63 -> 71924.667
A64: ….Owner | B64: 52223 | C64: 53007 | D64: 54084 | E64: 54237 | F64: 54671 | G64: 55671 | H64: 56152 | I64: 56844 | P64: =IF(R64>1,P63,P63+1) -> 2003 | Q64: =VLOOKUP(P64,L:M,2,0) -> 71278 | R64: 12 | S64: =(R64-1)*(Q76-Q64)/12+Q64 -> 71989.333
A65: ….Renter | B65: 27415 | C65: 28013 | D65: 28709 | E65: 29495 | F65: 29894 | G65: 30675 | H65: 31736 | I65: 32302 | P65: =IF(R65>1,P64,P64+1) -> 2004 | Q65: =VLOOKUP(P65,L:M,2,0) -> 72054 | R65: 1 | S65: =(R65-1)*(Q77-Q65)/12+Q65 -> 72054
P66: =IF(R66>1,P65,P65+1) -> 2004 | Q66: =VLOOKUP(P66,L:M,2,0) -> 72054 | R66: 2 | S66: =(R66-1)*(Q78-Q66)/12+Q66 -> 72180.75
P67: =IF(R67>1,P66,P66+1) -> 2004 | Q67: =VLOOKUP(P67,L:M,2,0) -> 72054 | R67: 3 | S67: =(R67-1)*(Q79-Q67)/12+Q67 -> 72307.5
B68: 1987\2 | C68: 1988 | D68: 1989 | E68: 1989\r3 | F68: 1990 | G68: 1991 | H68: 1992 | I68: 1993 | P68: =IF(R68>1,P67,P67+1) -> 2004 | Q68: =VLOOKUP(P68,L:M,2,0) -> 72054 | R68: 4 | S68: =(R68-1)*(Q80-Q68)/12+Q68 -> 72434.25
P69: =IF(R69>1,P68,P68+1) -> 2004 | Q69: =VLOOKUP(P69,L:M,2,0) -> 72054 | R69: 5 | S69: =(R69-1)*(Q81-Q69)/12+Q69 -> 72561
A70: All housing units | B70: 101811 | C70: 103653 | D70: 104970 | E70: 105729 | F70: 106283 | G70: 107276 | H70: 108316 | I70: 109716 | P70: =IF(R70>1,P69,P69+1) -> 2004 | Q70: =VLOOKUP(P70,L:M,2,0) -> 72054 | R70: 6 | S70: =(R70-1)*(Q82-Q70)/12+Q70 -> 72687.75
P71: =IF(R71>1,P70,P70+1) -> 2004 | Q71: =VLOOKUP(P71,L:M,2,0) -> 72054 | R71: 7 | S71: =(R71-1)*(Q83-Q71)/12+Q71 -> 72814.5
A72: ..Vacant | B72: 11294 | C72: 11633 | D72: 11481 | E72: 12240 | F72: 12059 | G72: 12023 | H72: 11926 | I72: 11988 | P72: =IF(R72>1,P71,P71+1) -> 2004 | Q72: =VLOOKUP(P72,L:M,2,0) -> 72054 | R72: 8 | S72: =(R72-1)*(Q84-Q72)/12+Q72 -> 72941.25
A73: ….Year-round vacant | B73: 8265 | C73: 8533 | D73: 8518 | E73: 9349 | F73: 9128 | G73: 9137 | H73: 8932 | I73: 8883 | P73: =IF(R73>1,P72,P72+1) -> 2004 | Q73: =VLOOKUP(P73,L:M,2,0) -> 72054 | R73: 9 | S73: =(R73-1)*(Q85-Q73)/12+Q73 -> 73068
A74: …...For rent | B74: 2752 | C74: 2802 | D74: 2611 | E74: 2732 | F74: 2662 | G74: 2780 | H74: 2769 | I74: 2791 | P74: =IF(R74>1,P73,P73+1) -> 2004 | Q74: =VLOOKUP(P74,L:M,2,0) -> 72054 | R74: 10 | S74: =(R74-1)*(Q86-Q74)/12+Q74 -> 73194.75
A75: …...For sale only | B75: 978 | C75: 968 | D75: 986 | E75: 1082 | F75: 1064 | G75: 1070 | H75: 970 | I75: 887 | P75: =IF(R75>1,P74,P74+1) -> 2004 | Q75: =VLOOKUP(P75,L:M,2,0) -> 72054 | R75: 11 | S75: =(R75-1)*(Q87-Q75)/12+Q75 -> 73321.5
A76: …...Rented or sold | B76: 688 | C76: 678 | D76: 661 | E76: 705 | F76: 660 | G76: 602 | H76: 628 | I76: 624 | P76: =IF(R76>1,P75,P75+1) -> 2004 | Q76: =VLOOKUP(P76,L:M,2,0) -> 72054 | R76: 12 | S76: =(R76-1)*(Q88-Q76)/12+Q76 -> 73448.25
A77: …...Held off market | B77: 3848 | C77: 4085 | D77: 4260 | E77: 4830 | F77: 4742 | G77: 4686 | H77: 4564 | I77: 4581 | P77: =IF(R77>1,P76,P76+1) -> 2005 | Q77: =VLOOKUP(P77,L:M,2,0) -> 73575 | R77: 1 | S77: =(R77-1)*(Q89-Q77)/12+Q77 -> 73575
A78: ……...Occasional use | B78: 1066 | C78: 1213 | D78: 1297 | E78: 1565 | F78: 1485 | G78: 1494 | H78: 1443 | I78: 1510 | P78: =IF(R78>1,P77,P77+1) -> 2005 | Q78: =VLOOKUP(P78,L:M,2,0) -> 73575 | R78: 2 | S78: =(R78-1)*(Q90-Q78)/12+Q78 -> 73656.5
A79: ……...URE | B79: 787 | C79: 887 | D79: 948 | E79: 1014 | F79: 1068 | G79: 1084 | H79: 1011 | I79: 980 | P79: =IF(R79>1,P78,P78+1) -> 2005 | Q79: =VLOOKUP(P79,L:M,2,0) -> 73575 | R79: 3 | S79: =(R79-1)*(Q91-Q79)/12+Q79 -> 73738
A80: ……...Other | B80: 1996 | C80: 1985 | D80: 2014 | E80: 2251 | F80: 2189 | G80: 2107 | H80: 2111 | I80: 2091 | P80: =IF(R80>1,P79,P79+1) -> 2005 | Q80: =VLOOKUP(P80,L:M,2,0) -> 73575 | R80: 4 | S80: =(R80-1)*(Q92-Q80)/12+Q80 -> 73819.5
P81: =IF(R81>1,P80,P80+1) -> 2005 | Q81: =VLOOKUP(P81,L:M,2,0) -> 73575 | R81: 5 | S81: =(R81-1)*(Q93-Q81)/12+Q81 -> 73901
A82: ….Seasonal | B82: 3029 | C82: 3100 | D82: 2963 | E82: 2891 | F82: 2931 | G82: 2886 | H82: 2994 | I82: 3105 | P82: =IF(R82>1,P81,P81+1) -> 2005 | Q82: =VLOOKUP(P82,L:M,2,0) -> 73575 | R82: 6 | S82: =(R82-1)*(Q94-Q82)/12+Q82 -> 73982.5
P83: =IF(R83>1,P82,P82+1) -> 2005 | Q83: =VLOOKUP(P83,L:M,2,0) -> 73575 | R83: 7 | S83: =(R83-1)*(Q95-Q83)/12+Q83 -> 74064
A84: ..Total occupied | B84: 90517 | C84: 92020 | D84: 93489 | E84: 93489 | F84: 94224 | G84: 95253 | H84: 96391 | I84: 97728 | P84: =IF(R84>1,P83,P83+1) -> 2005 | Q84: =VLOOKUP(P84,L:M,2,0) -> 73575 | R84: 8 | S84: =(R84-1)*(Q96-Q84)/12+Q84 -> 74145.5
A85: ….Owner | B85: 57915 | C85: 58700 | D85: 59755 | E85: 59755 | F85: 60248 | G85: 61010 | H85: 61823 | I85: 62998 | P85: =IF(R85>1,P84,P84+1) -> 2005 | Q85: =VLOOKUP(P85,L:M,2,0) -> 73575 | R85: 9 | S85: =(R85-1)*(Q97-Q85)/12+Q85 -> 74227
A86: ….Renter | B86: 32602 | C86: 33320 | D86: 33734 | E86: 33734 | F86: 33976 | G86: 34242 | H86: 34568 | I86: 34730 | P86: =IF(R86>1,P85,P85+1) -> 2005 | Q86: =VLOOKUP(P86,L:M,2,0) -> 73575 | R86: 10 | S86: =(R86-1)*(Q98-Q86)/12+Q86 -> 74308.5
P87: =IF(R87>1,P86,P86+1) -> 2005 | Q87: =VLOOKUP(P87,L:M,2,0) -> 73575 | R87: 11 | S87: =(R87-1)*(Q99-Q87)/12+Q87 -> 74390
P88: =IF(R88>1,P87,P87+1) -> 2005 | Q88: =VLOOKUP(P88,L:M,2,0) -> 73575 | R88: 12 | S88: =(R88-1)*(Q100-Q88)/12+Q88 -> 74471.5
B89: 1993\r4 | C89: 1994 | D89: 1995 | E89: 1996 | F89: 1997 | G89: 1998 | H89: 1999 | I89: 2000 | P89: =IF(R89>1,P88,P88+1) -> 2006 | Q89: =VLOOKUP(P89,L:M,2,0) -> 74553 | R89: 1 | S89: =(R89-1)*(Q101-Q89)/12+Q89 -> 74553
P90: =IF(R90>1,P89,P89+1) -> 2006 | Q90: =VLOOKUP(P90,L:M,2,0) -> 74553 | R90: 2 | S90: =(R90-1)*(Q102-Q90)/12+Q90 -> 74621.917
A91: All housing units | B91: 109611 | C91: 110952 | D91: 112655 | E91: 114139 | F91: 115621 | G91: 117282 | H91: 119044 | I91: 119628 | P91: =IF(R91>1,P90,P90+1) -> 2006 | Q91: =VLOOKUP(P91,L:M,2,0) -> 74553 | R91: 3 | S91: =(R91-1)*(Q103-Q91)/12+Q91 -> 74690.833
P92: =IF(R92>1,P91,P91+1) -> 2006 | Q92: =VLOOKUP(P92,L:M,2,0) -> 74553 | R92: 4 | S92: =(R92-1)*(Q104-Q92)/12+Q92 -> 74759.75
A93: ..Vacant | B93: 11894 | C93: 12257 | D93: 12669 | E93: 13155 | F93: =+F94+F103 -> 13419 | G93: =+G94+G103 -> 13748 | H93: =+H94+H103 -> 14116 | I93: =+I94+I103 -> 13908 | P93: =IF(R93>1,P92,P92+1) -> 2006 | Q93: =VLOOKUP(P93,L:M,2,0) -> 74553 | R93: 5 | S93: =(R93-1)*(Q105-Q93)/12+Q93 -> 74828.667
A94: ….Year-round vacant | B94: 8937 | C94: 9229 | D94: 9570 | E94: 9945 | F94: 10114 | G94: 10516 | H94: 10848 | I94: 10439 | P94: =IF(R94>1,P93,P93+1) -> 2006 | Q94: =VLOOKUP(P94,L:M,2,0) -> 74553 | R94: 6 | S94: =(R94-1)*(Q106-Q94)/12+Q94 -> 74897.583
A95: …...For rent | B95: 2809 | C95: 2858 | D95: 2946 | E95: 3008 | F95: 2978 | G95: 3046 | H95: 3119 | I95: 3024 | P95: =IF(R95>1,P94,P94+1) -> 2006 | Q95: =VLOOKUP(P95,L:M,2,0) -> 74553 | R95: 7 | S95: =(R95-1)*(Q107-Q95)/12+Q95 -> 74966.5
A96: …...For sale only | B96: 894 | C96: 953 | D96: 1022 | E96: 1082 | F96: 1133 | G96: 1205 | H96: 1184 | I96: 1148 | P96: =IF(R96>1,P95,P95+1) -> 2006 | Q96: =VLOOKUP(P96,L:M,2,0) -> 74553 | R96: 8 | S96: =(R96-1)*(Q108-Q96)/12+Q96 -> 75035.417
A97: …...Rented or sold | B97: 625 | C97: 772 | D97: 810 | E97: 834 | F97: 867 | G97: 927 | H97: 956 | I97: 856 | P97: =IF(R97>1,P96,P96+1) -> 2006 | Q97: =VLOOKUP(P97,L:M,2,0) -> 74553 | R97: 9 | S97: =(R97-1)*(Q109-Q97)/12+Q97 -> 75104.333
A98: …...Held off market | B98: 4609 | C98: 4646 | D98: 4793 | E98: 5022 | F98: 5136 | G98: 5338 | H98: 5589 | I98: 5411 | P98: =IF(R98>1,P97,P97+1) -> 2006 | Q98: =VLOOKUP(P98,L:M,2,0) -> 74553 | R98: 10 | S98: =(R98-1)*(Q110-Q98)/12+Q98 -> 75173.25
A99: ……...Occasional use | B99: 1508 | C99: 1612 | D99: 1667 | E99: 1709 | F99: 1818 | G99: 1792 | H99: 1948 | I99: 1892 | P99: =IF(R99>1,P98,P98+1) -> 2006 | Q99: =VLOOKUP(P99,L:M,2,0) -> 74553 | R99: 11 | S99: =(R99-1)*(Q111-Q99)/12+Q99 -> 75242.167
A100: ……...URE | B100: 994 | C100: 815 | D100: 801 | E100: 852 | F100: 885 | G100: 910 | H100: 965 | I100: 1037 | P100: =IF(R100>1,P99,P99+1) -> 2006 | Q100: =VLOOKUP(P100,L:M,2,0) -> 74553 | R100: 12 | S100: =(R100-1)*(Q112-Q100)/12+Q100 -> 75311.083
A101: ……...Other | B101: 2108 | C101: 2219 | D101: 2325 | E101: 2461 | F101: 2433 | G101: 2636 | H101: 2676 | I101: 2482 | P101: =IF(R101>1,P100,P100+1) -> 2007 | Q101: =VLOOKUP(P101,L:M,2,0) -> 75380 | R101: 1 | S101: =(R101-1)*(Q113-Q101)/12+Q101 -> 75380
...

Sheet EHS
A1: Security | B1: ETSLTOTL Index | D1: Seasonally adjusted annual rate
A2: Start Date | B2: 36191
A3: End Date | B3: 42429
A4: Period | B4: M
A6: Date | B6: PX_LAST | C6: FIRST_REVISION
A7: =_xll.BDH(B1,B6:C6,B2,B3,"Dir=V","Dts=S","Sort=D","Quote=C","QtTyp=P","Days=T",CONCATENATE("Per=c",B4),"DtFmt=D","UseDPDF=Y","cols=3;rows=206") -> #NAME? | B7: 5.08 | C7: #N/A N/A
A8: 42400 | B8: 5.47 | C8: #N/A N/A
A9: 42369 | B9: 5.45 | C9: 5.45
A10: 42338 | B10: 4.86 | C10: #N/A N/A
A11: 42308 | B11: 5.29 | C11: 5.32
A12: 42277 | B12: 5.44 | C12: #N/A N/A
A13: 42247 | B13: 5.29 | C13: 5.3
A14: 42216 | B14: 5.48 | C14: 5.58
A15: 42185 | B15: 5.41 | C15: 5.48
A16: 42155 | B16: 5.29 | C16: 5.32
A17: 42124 | B17: 5.14 | C17: 5.09
A18: 42094 | B18: 5.25 | C18: 5.21
A19: 42063 | B19: 4.97 | C19: 4.89
A20: 42035 | B20: 4.93 | C20: #N/A N/A
A21: 42004 | B21: 5.07 | C21: 5.07
A22: 41973 | B22: 5.04 | C22: 4.92
A23: 41943 | B23: 5.14 | C23: 5.25
A24: 41912 | B24: 5.03 | C24: 5.18
A25: 41882 | B25: 4.96 | C25: #N/A N/A
A26: 41851 | B26: 4.99 | C26: 5.14
A27: 41820 | B27: 4.97 | C27: 5.03
A28: 41790 | B28: 4.9 | C28: 4.91
A29: 41759 | B29: 4.78 | C29: 4.66
A30: 41729 | B30: 4.74 | C30: #N/A N/A
A31: 41698 | B31: 4.72 | C31: #N/A N/A
A32: 41670 | B32: 4.74 | C32: #N/A N/A
A33: 41639 | B33: 4.86 | C33: #N/A N/A
A34: 41608 | B34: 4.92 | C34: 4.82
A35: 41578 | B35: 5.04 | C35: #N/A N/A
A36: 41547 | B36: 5.14 | C36: #N/A N/A
A37: 41517 | B37: 5.26 | C37: 5.39
A38: 41486 | B38: 5.27 | C38: #N/A N/A
A39: 41455 | B39: 5.11 | C39: 5.06
A40: 41425 | B40: 5.14 | C40: 5.14
A41: 41394 | B41: 5.09 | C41: #N/A N/A
A42: 41364 | B42: 5.07 | C42: 4.94
A43: 41333 | B43: 5.06 | C43: 4.95
A44: 41305 | B44: 4.98 | C44: 4.94
A45: 41274 | B45: 4.89 | C45: 4.9
A46: 41243 | B46: 4.96 | C46: 4.99
A47: 41213 | B47: 4.79 | C47: 4.76
A48: 41182 | B48: 4.71 | C48: 4.69
A49: 41152 | B49: 4.76 | C49: 4.83
A50: 41121 | B50: 4.53 | C50: #N/A N/A
A51: 41090 | B51: 4.47 | C51: #N/A N/A
A52: 41060 | B52: 4.6 | C52: 4.62
A53: 41029 | B53: 4.59 | C53: #N/A N/A
A54: 40999 | B54: 4.52 | C54: 4.47
A55: 40968 | B55: 4.58 | C55: 4.6
A56: 40939 | B56: 4.48 | C56: 4.63
A57: 40908 | B57: 4.35 | C57: 4.38
A58: 40877 | B58: 4.39 | C58: 4.39
A59: 40847 | B59: 4.34 | C59: 4.25
A60: 40816 | B60: 4.33 | C60: 4.9
A61: 40786 | B61: 4.38 | C61: 5.06
A62: 40755 | B62: 4.15 | C62: #N/A N/A
A63: 40724 | B63: 4.23 | C63: 4.84
A64: 40694 | B64: 4.14 | C64: #N/A N/A
A65: 40663 | B65: 4.17 | C65: 5
A66: 40633 | B66: 4.26 | C66: 5.09
A67: 40602 | B67: 4.16 | C67: 4.92
A68: 40574 | B68: 4.42 | C68: 5.4
A69: 40543 | B69: 4.27 | C69: 5.22
A70: 40512 | B70: 4.02 | C70: 4.7
A71: 40482 | B71: 3.83 | C71: #N/A N/A
A72: 40451 | B72: 3.84 | C72: #N/A N/A
A73: 40421 | B73: 3.68 | C73: 4.12
A74: 40390 | B74: 3.45 | C74: 3.84
A75: 40359 | B75: 4.45 | C75: 5.26
A76: 40329 | B76: 4.88 | C76: #N/A N/A
A77: 40298 | B77: 4.82 | C77: 5.79
A78: 40268 | B78: 4.49 | C78: 5.36
A79: 40237 | B79: 4.27 | C79: 5.01
A80: 40209 | B80: 4.19 | C80: #N/A N/A
A81: 40178 | B81: 4.4 | C81: 5.44
A82: 40147 | B82: 5.44 | C82: #N/A N/A
A83: 40117 | B83: 5.02 | C83: 6.09
A84: 40086 | B84: 4.62 | C84: 5.54
A85: 40056 | B85: 4.45 | C85: 5.09
A86: 40025 | B86: 4.37 | C86: #N/A N/A
A87: 39994 | B87: 4.1 | C87: #N/A N/A
A88: 39964 | B88: 4 | C88: 4.72
A89: 39933 | B89: 3.9 | C89: 4.66
A90: 39903 | B90: 3.86 | C90: 4.55
A91: 39872 | B91: 3.97 | C91: #N/A N/A
A92: 39844 | B92: 3.82 | C92: #N/A N/A
A93: 39813 | B93: 4.01 | C93: #N/A N/A
A94: 39782 | B94: 3.77 | C94: 4.45
A95: 39752 | B95: 4.09 | C95: 4.91
A96: 39721 | B96: 4.27 | C96: 5.14
A97: 39691 | B97: 4.19 | C97: #N/A N/A
A98: 39660 | B98: 4.15 | C98: 5.02
A99: 39629 | B99: 4.09 | C99: 4.85
A100: 39599 | B100: 4.14 | C100: #N/A N/A
A101: 39568 | B101: 4.11 | C101: #N/A N/A
...

Sheet Turnover EHS
B1: Existing Home Sale(M) | C1: Housing Stock(K) | D1: Turnover EHS | E1: OTM Turnover MBS | F1: OTM Turnover MBS- 6m ma | G1: Diff | H1: OTM Refi * 3
A2: 36191 | B2: 5.23 | C2: ='Housing Stock'!S5 -> 70097 | D2: =B2/C2*1000 -> 0.074610896 | E2: ='OTM Turnover MBS'!C57/100 -> 0.024263375 | G2: =D2-E2 -> 0.050347521 | H2: ='OTM Refi'!B57/100*3 -> 0
A3: 36219 | B3: 5.1 | C3: ='Housing Stock'!S6 -> 70193.083 | D3: =B3/C3*1000 -> 0.072656731 | E3: ='OTM Turnover MBS'!C58/100 -> 0.025644127 | G3: =D3-E3 -> 0.047012604 | H3: ='OTM Refi'!B58/100*3 -> 0
A4: 36250 | B4: 5.15 | C4: ='Housing Stock'!S7 -> 70289.167 | D4: =B4/C4*1000 -> 0.073268759 | E4: ='OTM Turnover MBS'!C59/100 -> 0.0209915 | G4: =D4-E4 -> 0.052277259 | H4: ='OTM Refi'!B59/100*3 -> 0
A5: 36280 | B5: 5.08 | C5: ='Housing Stock'!S8 -> 70385.25 | D5: =B5/C5*1000 -> 0.072174213 | E5: ='OTM Turnover MBS'!C60/100 -> 0.029760818 | G5: =D5-E5 -> 0.042413395 | H5: ='OTM Refi'!B60/100*3 -> 0.00037754991
A6: 36311 | B6: 5.19 | C6: ='Housing Stock'!S9 -> 70481.333 | D6: =B6/C6*1000 -> 0.073636518 | E6: ='OTM Turnover MBS'!C61/100 -> 0.022461584 | G6: =D6-E6 -> 0.051174935 | H6: ='OTM Refi'!B61/100*3 -> 0.00091803033
A7: 36341 | B7: 5.43 | C7: ='Housing Stock'!S10 -> 70577.417 | D7: =B7/C7*1000 -> 0.076936792 | E7: ='OTM Turnover MBS'!C62/100 -> 0.032910223 | F7: =AVERAGE(E5:E7) -> 0.028377542 | G7: =D7-F7 -> 0.04855925 | H7: ='OTM Refi'!B62/100*3 -> 0.0014041312
A8: 36372 | B8: 5.25 | C8: ='Housing Stock'!S11 -> 70673.5 | D8: =B8/C8*1000 -> 0.07428527 | E8: ='OTM Turnover MBS'!C63/100 -> 0.056656474 | F8: =AVERAGE(E3:E8) -> 0.031404121 | G8: =D8-F8 -> 0.042881148 | H8: ='OTM Refi'!B63/100*3 -> 0.0012218846
A9: 36403 | B9: 5.23 | C9: ='Housing Stock'!S12 -> 70769.583 | D9: =B9/C9*1000 -> 0.073901806 | E9: ='OTM Turnover MBS'!C64/100 -> 0.052260865 | F9: =AVERAGE(E4:E9) -> 0.035840244 | G9: =D9-F9 -> 0.038061562 | H9: ='OTM Refi'!B64/100*3 -> 0.001205011
A10: 36433 | B10: 5.12 | C10: ='Housing Stock'!S13 -> 70865.667 | D10: =B10/C10*1000 -> 0.072249373 | E10: ='OTM Turnover MBS'!C65/100 -> 0.067444859 | F10: =AVERAGE(E5:E10) -> 0.043582471 | G10: =D10-F10 -> 0.028666903 | H10: ='OTM Refi'!B65/100*3 -> 0.00096084334
A11: 36464 | B11: 5.11 | C11: ='Housing Stock'!S14 -> 70961.75 | D11: =B11/C11*1000 -> 0.072010625 | E11: ='OTM Turnover MBS'!C66/100 -> 0.055302774 | F11: =AVERAGE(E6:E11) -> 0.047839463 | G11: =D11-F11 -> 0.024171162 | H11: ='OTM Refi'!B66/100*3 -> 0.0008792166
A12: 36494 | B12: 5.09 | C12: ='Housing Stock'!S15 -> 71057.833 | D12: =B12/C12*1000 -> 0.071631793 | E12: ='OTM Turnover MBS'!C67/100 -> 0.059474906 | F12: =AVERAGE(E7:E12) -> 0.05400835 | G12: =D12-F12 -> 0.017623443 | H12: ='OTM Refi'!B67/100*3 -> 0.00064960917
A13: 36525 | B13: 5.08 | C13: ='Housing Stock'!S16 -> 71153.917 | D13: =B13/C13*1000 -> 0.071394524 | E13: ='OTM Turnover MBS'!C68/100 -> 0.05817003 | F13: =AVERAGE(E8:E13) -> 0.058218318 | G13: =D13-F13 -> 0.013176206 | H13: ='OTM Refi'!B68/100*3 -> 0.00050638984
A14: 36556 | B14: 5.23 | C14: ='Housing Stock'!S17 -> 71250 | D14: =B14/C14*1000 -> 0.073403509 | E14: ='OTM Turnover MBS'!C69/100 -> 0.064966066 | F14: =AVERAGE(E9:E14) -> 0.05960325 | G14: =D14-F14 -> 0.013800259 | H14: ='OTM Refi'!B69/100*3 -> 0.00075124767
A15: 36585 | B15: 5.12 | C15: ='Housing Stock'!S18 -> 71361.917 | D15: =B15/C15*1000 -> 0.071746952 | E15: ='OTM Turnover MBS'!C70/100 -> 0.062111102 | F15: =AVERAGE(E10:E15) -> 0.061244956 | G15: =D15-F15 -> 0.010501996 | H15: ='OTM Refi'!B70/100*3 -> 0.0007538995
A16: 36616 | B16: 5.19 | C16: ='Housing Stock'!S19 -> 71473.833 | D16: =B16/C16*1000 -> 0.072613987 | E16: ='OTM Turnover MBS'!C71/100 -> 0.059012155 | F16: =AVERAGE(E11:E16) -> 0.059839506 | G16: =D16-F16 -> 0.012774481 | H16: ='OTM Refi'!B71/100*3 -> 0.00085630358
A17: 36646 | B17: 5.2 | C17: ='Housing Stock'!S20 -> 71585.75 | D17: =B17/C17*1000 -> 0.072640155 | E17: ='OTM Turnover MBS'!C72/100 -> 0.062799266 | F17: =AVERAGE(E12:E17) -> 0.061088921 | G17: =D17-F17 -> 0.011551234 | H17: ='OTM Refi'!B72/100*3 -> 0.0012932355
A18: 36677 | B18: 5.11 | C18: ='Housing Stock'!S21 -> 71697.667 | D18: =B18/C18*1000 -> 0.071271497 | E18: ='OTM Turnover MBS'!C73/100 -> 0.060251888 | F18: =AVERAGE(E13:E18) -> 0.061218418 | G18: =D18-F18 -> 0.010053078 | H18: ='OTM Refi'!B73/100*3 -> 0.0018200146
A19: 36707 | B19: 5.13 | C19: ='Housing Stock'!S22 -> 71809.583 | D19: =B19/C19*1000 -> 0.071438933 | E19: ='OTM Turnover MBS'!C74/100 -> 0.069298497 | F19: =AVERAGE(E14:E19) -> 0.063073162 | G19: =D19-F19 -> 0.0083657704 | H19: ='OTM Refi'!B74/100*3 -> 0.001424066
... A60: 37955 | B60: 6.23 | C60: ='Housing Stock'!S63 -> 71924.667 | D60: =B60/C60*1000 -> 0.086618406 | E60: ='OTM Turnover MBS'!C115/100 -> 0.028194274 | F60: =AVERAGE(E55:E60) -> 0.026730532 | G60: =D60-F60 -> 0.059887874 | H60: ='OTM Refi'!B115/100*3 -> 0.008919175
A61: 37986 | B61: 6.49 | C61: ='Housing Stock'!S64 -> 71989.333 | D61: =B61/C61*1000 -> 0.090152245 | E61: ='OTM Turnover MBS'!C116/100 -> 0.031053751 | F61: =AVERAGE(E56:E61) -> 0.031703638 | G61: =D61-F61 -> 0.058448607 | H61: ='OTM Refi'!B116/100*3 -> 0.01054325 | J61: 0.01
A62: 38017 | B62: 6.23 | C62: ='Housing Stock'!S65 -> 72054 | D62: =B62/C62*1000 -> 0.086462931 | E62: ='OTM Turnover MBS'!C117/100 -> 0.036707043 | F62: =AVERAGE(E57:E62) -> 0.037821478 | G62: =D62-F62 -> 0.048641452 | H62: ='OTM Refi'!B117/100*3 -> 0.01083052 | J62: =1-(1-J61)^(1/12) -> 0.00083717736
A63: 38046 | B63: 6.41 | C63: ='Housing Stock'!S66 -> 72180.75 | D63: =B63/C63*1000 -> 0.088804841 | E63: ='OTM Turnover MBS'!C118/100 -> 0.035604696 | F63: =AVERAGE(E58:E63) -> 0.041134434 | G63: =D63-F63 -> 0.047670407 | H63: ='OTM Refi'!B118/100*3 -> 0.011273158
A64: 38077 | B64: 6.66 | C64: ='Housing Stock'!S67 -> 72307.5 | D64: =B64/C64*1000 -> 0.092106628 | E64: ='OTM Turnover MBS'!C119/100 -> 0.044805894 | F64: =AVERAGE(E59:E64) -> 0.035050546 | G64: =D64-F64 -> 0.057056082 | H64: ='OTM Refi'!B119/100*3 -> 0.011646262
A65: 38107 | B65: 6.73 | C65: ='Housing Stock'!S68 -> 72434.25 | D65: =B65/C65*1000 -> 0.092911848 | E65: ='OTM Turnover MBS'!C120/100 -> 0.04676644 | F65: =AVERAGE(E60:E65) -> 0.037188683 | G65: =D65-F65 -> 0.055723165 | H65: ='OTM Refi'!B120/100*3 -> 0.013470849
A66: 38138 | B66: 6.85 | C66: ='Housing Stock'!S69 -> 72561 | D66: =B66/C66*1000 -> 0.09440333 | E66: ='OTM Turnover MBS'!C121/100 -> 0.067252951 | F66: =AVERAGE(E61:E66) -> 0.043698462 | G66: =D66-F66 -> 0.050704867 | H66: ='OTM Refi'!B121/100*3 -> 0.01273114
A67: 38168 | B67: 6.92 | C67: ='Housing Stock'!S70 -> 72687.75 | D67: =B67/C67*1000 -> 0.095201736 | E67: ='OTM Turnover MBS'!C122/100 -> 0.078936077 | F67: =AVERAGE(E62:E67) -> 0.05167885 | G67: =D67-F67 -> 0.043522886 | H67: ='OTM Refi'!B122/100*3 -> 0.011535985
A68: 38199 | B68: 6.84 | C68: ='Housing Stock'!S71 -> 72814.5 | D68: =B68/C68*1000 -> 0.093937334 | E68: ='OTM Turnover MBS'!C123/100 -> 0.071092295 | F68: =AVERAGE(E63:E68) -> 0.057409725 | G68: =D68-F68 -> 0.036527608 | H68: ='OTM Refi'!B123/100*3 -> 0.013235107
A69: 38230 | B69: 6.7 | C69: ='Housing Stock'!S72 -> 72941.25 | D69: =B69/C69*1000 -> 0.091854746 | E69: ='OTM Turnover MBS'!C124/100 -> 0.063286757 | F69: =AVERAGE(E64:E69) -> 0.062023402 | G69: =D69-F69 -> 0.029831344 | H69: ='OTM Refi'!B124/100*3 -> 0.016550796
A70: 38260 | B70: 6.68 | C70: ='Housing Stock'!S73 -> 73068 | D70: =B70/C70*1000 -> 0.091421689 | E70: ='OTM Turnover MBS'!C125/100 -> 0.071177051 | F70: =AVERAGE(E65:E70) -> 0.066418595 | G70: =D70-F70 -> 0.025003094 | H70: ='OTM Refi'!B125/100*3 -> 0.019465952
A71: 38291 | B71: 6.85 | C71: ='Housing Stock'!S74 -> 73194.75 | D71: =B71/C71*1000 -> 0.093585947 | E71: ='OTM Turnover MBS'!C126/100 -> 0.066572516 | F71: =AVERAGE(E66:E71) -> 0.069719608 | G71: =D71-F71 -> 0.023866339 | H71: ='OTM Refi'!B126/100*3 -> 0.020578175
A72: 38321 | B72: 6.96 | C72: ='Housing Stock'!S75 -> 73321.5 | D72: =B72/C72*1000 -> 0.094924408 | E72: ='OTM Turnover MBS'!C127/100 -> 0.078037302 | F72: =AVERAGE(E67:E72) -> 0.071517 | G72: =D72-F72 -> 0.023407408 | H72: ='OTM Refi'!B127/100*3 -> 0.021056302
A73: 38352 | B73: 6.89 | C73: ='Housing Stock'!S76 -> 73448.25 | D73: =B73/C73*1000 -> 0.093807545 | E73: ='OTM Turnover MBS'!C128/100 -> 0.084012087 | F73: =AVERAGE(E68:E73) -> 0.072363001 | G73: =D73-F73 -> 0.021444543 | H73: ='OTM Refi'!B128/100*3 -> 0.021816546
A74: 38383 | B74: 7.1 | C74: ='Housing Stock'!S77 -> 73575 | D74: =B74/C74*1000 -> 0.09650017 | E74: ='OTM Turnover MBS'!C129/100 -> 0.078062566 | F74: =AVERAGE(E69:E74) -> 0.073524713 | G74: =D74-F74 -> 0.022975457 | H74: ='OTM Refi'!B129/100*3 -> 0.022868134
... A205: 42369 | B205: 5.45 | C205: ='Housing Stock'!S208 -> 75072.667 | D205: =B205/C205*1000 -> 0.072596329 | E205: ='OTM Turnover MBS'!C260/100 -> 0.039071189 | F205: =AVERAGE(E200:E205) -> 0.03795772 | G205: =D205-F205 -> 0.034638609 | H205: ='OTM Refi'!B260/100*3 -> 0.0032527388
A206: 42400 | B206: 5.48 | C206: ='Housing Stock'!S209 -> 75106 | D206: =B206/C206*1000 -> 0.072963545
A207: 42429 | B207: 5.2 | C207: ='Housing Stock'!S210 -> 75097.167 | D207: =B207/C207*1000 -> 0.069243624
A208: 42460 | B208: 5.39 | C208: ='Housing Stock'!S211 -> 75088.333 | D208: =B208/C208*1000 -> 0.071782123
A209: 42490 | B209: 5.48 | C209: ='Housing Stock'!S212 -> 75079.5 | D209: =B209/C209*1000 -> 0.072989298
A210: 42521 | B210: 5.47 | C210: ='Housing Stock'!S213 -> 75070.667 | D210: =B210/C210*1000 -> 0.072864679
A211: 42551 | B211: 5.48 | C211: ='Housing Stock'!S214 -> 75061.833 | D211: =B211/C211*1000 -> 0.073006477
A212: 42582 | B212: 5.33 | C212: ='Housing Stock'!S215 -> 75053 | D212: =B212/C212*1000 -> 0.071016482
A213: 42613 | B213: 5.34 | C213: ='Housing Stock'!S216 -> 75044.167 | D213: =B213/C213*1000 -> 0.071158096
A214: 42643 | B214: 5.47 | C214: ='Housing Stock'!S217 -> 75035.333 | D214: =B214/C214*1000 -> 0.07289899
A215: 42674 | B215: 5.53 | C215: ='Housing Stock'!S218 -> 75026.5 | D215: =B215/C215*1000 -> 0.07370729
A216: 42704 | B216: 5.6 | C216: ='Housing Stock'!S219 -> 75017.667 | D216: =B216/C216*1000 -> 0.074649083
A217: 42735 | B217: 5.51 | C217: ='Housing Stock'!S220 -> 75008.833 | D217: =B217/C217*1000 -> 0.073458015
... A222: 42886 | B222: 5.62 | C222: ='Housing Stock'!S225 -> 75000 | D222: =B222/C222*1000 -> 0.074933333
A223: 42916 | C223: ='Housing Stock'!S226 -> 75000

Sheet OTM Turnover MBS
C1: y_vals.act
A2: [1,] | B2: 34366 | C2: 0.73656777
A3: [2,] | B3: 34394 | C3: 0.88997227
A4: [3,] | B4: 34486 | C4: 0.77389678
A5: [4,] | B5: 34516 | C5: 3.3083775
A6: [5,] | B6: 34547 | C6: 3.1378462
A7: [6,] | B7: 34578 | C7: 3.8636187
A8: [7,] | B8: 34608 | C8: 3.362162
A9: [8,] | B9: 34639 | C9: 3.98567
A10: [9,] | B10: 34669 | C10: 3.9019009
A11: [10,] | B11: 34700 | C11: 4.2943868
A12: [11,] | B12: 34731 | C12: 3.5697073
A13: [12,] | B13: 34759 | C13: 2.9104906
... A263: [262,] | B263: 42430 | C263: 2.1667663

Sheet Mtg Rate
B1: rate | G1: hpa2yr | H1: Multiplier
A2: 36161 | B2: 6.76625 | F2: 34366 | G2: 105.02 | H2: =IF(G2<110,0,IF(G2<=125,(G2-110)/($K$2-$K$3),1)) -> 0 | J2: Upper | K2: 125
A3: 36192 | B3: 6.8075 | F3: 34394 | G3: 104.97 | H3: =IF(G3<110,0,IF(G3<=125,(G3-110)/($K$2-$K$3),1)) -> 0 | J3: Lower | K3: 110
A4: 36220 | B4: 7.015 | F4: 34486 | G4: 105.64 | H4: =IF(G4<110,0,IF(G4<=125,(G4-110)/($K$2-$K$3),1)) -> 0
A5: 36251 | B5: 6.911 | F5: 34516 | G5: 105.39 | H5: =IF(G5<110,0,IF(G5<=125,(G5-110)/($K$2-$K$3),1)) -> 0 | U5: (110%, 0) and (125%, 1).
A6: 36281 | B6: 7.145 | F6: 34547 | G6: 105.14 | H6: =IF(G6<110,0,IF(G6<=125,(G6-110)/($K$2-$K$3),1)) -> 0
A7: 36312 | B7: 7.55 | F7: 34578 | G7: 104.89 | H7: =IF(G7<110,0,IF(G7<=125,(G7-110)/($K$2-$K$3),1)) -> 0
A8: 36342 | B8: 7.632 | F8: 34608 | G8: 104.68 | H8: =IF(G8<110,0,IF(G8<=125,(G8-110)/($K$2-$K$3),1)) -> 0
A9: 36373 | B9: 7.9425 | F9: 34639 | G9: 104.47 | H9: =IF(G9<110,0,IF(G9<=125,(G9-110)/($K$2-$K$3),1)) -> 0
A10: 36404 | B10: 7.81625 | F10: 34669 | G10: 104.26 | H10: =IF(G10<110,0,IF(G10<=125,(G10-110)/($K$2-$K$3),1)) -> 0
A11: 36434 | B11: 7.852 | F11: 34700 | G11: 104.43 | H11: =IF(G11<110,0,IF(G11<=125,(G11-110)/($K$2-$K$3),1)) -> 0
A12: 36465 | B12: 7.7375 | F12: 34731 | G12: 104.61 | H12: =IF(G12<110,0,IF(G12<=125,(G12-110)/($K$2-$K$3),1)) -> 0
A13: 36495 | B13: 7.912 | F13: 34759 | G13: 104.78 | H13: =IF(G13<110,0,IF(G13<=125,(G13-110)/($K$2-$K$3),1)) -> 0
A14: 36526 | B14: 8.21 | F14: 34790 | G14: 105.02 | H14: =IF(G14<110,0,IF(G14<=125,(G14-110)/($K$2-$K$3),1)) -> 0
A15: 36557 | B15: 8.31875 | F15: 34820 | G15: 105.25 | H15: =IF(G15<110,0,IF(G15<=125,(G15-110)/($K$2-$K$3),1)) -> 0
A16: 36586 | B16: 8.235 | F16: 34851 | G16: 105.49 | H16: =IF(G16<110,0,IF(G16<=125,(G16-110)/($K$2-$K$3),1)) -> 0
A17: 36617 | B17: 8.14625 | F17: 34881 | G17: 105.74 | H17: =IF(G17<110,0,IF(G17<=125,(G17-110)/($K$2-$K$3),1)) -> 0
... A209: 42461 | B209: 3.465 | F209: 40787 | G209: 93.89 | H209: =IF(G209<110,0,IF(G209<=125,(G209-110)/($K$2-$K$3),1)) -> 0
F210: 40817 | G210: 94.26 | H210: =IF(G210<110,0,IF(G210<=125,(G210-110)/($K$2-$K$3),1)) -> 0
F211: 40848 | G211: 94.63 | H211: =IF(G211<110,0,IF(G211<=125,(G211-110)/($K$2-$K$3),1)) -> 0
F212: 40878 | G212: 95.01 | H212: =IF(G212<110,0,IF(G212<=125,(G212-110)/($K$2-$K$3),1)) -> 0
F213: 40909 | G213: 95.06 | H213: =IF(G213<110,0,IF(G213<=125,(G213-110)/($K$2-$K$3),1)) -> 0
F214: 40940 | G214: 95.12 | H214: =IF(G214<110,0,IF(G214<=125,(G214-110)/($K$2-$K$3),1)) -> 0
F215: 40969 | G215: 95.17 | H215: =IF(G215<110,0,IF(G215<=125,(G215-110)/($K$2-$K$3),1)) -> 0
F216: 41000 | G216: 95.34 | H216: =IF(G216<110,0,IF(G216<=125,(G216-110)/($K$2-$K$3),1)) -> 0
F217: 41030 | G217: 95.5 | H217: =IF(G217<110,0,IF(G217<=125,(G217-110)/($K$2-$K$3),1)) -> 0
F218: 41061 | G218: 95.67 | H218: =IF(G218<110,0,IF(G218<=125,(G218-110)/($K$2-$K$3),1)) -> 0
F219: 41091 | G219: 95.77 | H219: =IF(G219<110,0,IF(G219<=125,(G219-110)/($K$2-$K$3),1)) -> 0
F220: 41122 | G220: 95.88 | H220: =IF(G220<110,0,IF(G220<=125,(G220-110)/($K$2-$K$3),1)) -> 0
F221: 41153 | G221: 95.98 | H221: =IF(G221<110,0,IF(G221<=125,(G221-110)/($K$2-$K$3),1)) -> 0
... F263: 42430 | G263: 111.18 | H263: =IF(G263<110,0,IF(G263<=125,(G263-110)/($K$2-$K$3),1)) -> 0.078666667

Sheet OTM Refi
B1: smm.OTMrefi | C1: Rate | D1: hpa2yr | E1: cltv
A2: 34366 | B2: 0 | C2: 0.68463785 | D2: 0 | E2: 1
A3: 34394 | B3: 0 | C3: 0.68970429 | D3: 0 | E3: 1
A4: 34486 | B4: 0 | C4: 0.29594662 | D4: 0 | E4: 0.9993453
A5: 34516 | B5: 0 | C5: 0.30254042 | D5: 0 | E5: 0.99993915
A6: 34547 | B6: 0 | C6: 0.24002375 | D6: 0 | E6: 0.99991998
A7: 34578 | B7: 0 | C7: 0.28452538 | D7: 0 | E7: 0.999949
A8: 34608 | B8: 0 | C8: 0.24262641 | D8: 0 | E8: 0.99993615
A9: 34639 | B9: 0 | C9: 0.2084918 | D9: 0 | E9: 0.99990148
A10: 34669 | B10: 0 | C10: 0.15396001 | D10: 0 | E10: 0.99981207
A11: 34700 | B11: 0 | C11: 0.15212178 | D11: 0 | E11: 0.99981678
A12: 34731 | B12: 0 | C12: 0.15934843 | D12: 0 | E12: 0.99989065
A13: 34759 | B13: 0 | C13: 0.21101043 | D13: 0 | E13: 0.99996065
... A263: 42430 | B263: 0.017035644 | C263: 0.56672062 | D263: 0.078666667 | E263: 0.1485433

Sheet model vs actual
B1: actual | C1: model | D1: Diff | E1: actual-6m ma | F1: model-6m ma | G1: Diff-6m ma
A2: 34366 | B2: 0.52955312 | C2: 1.2219269 | D2: =C2-B2 -> 0.69237378
A3: 34394 | B3: 0.84380792 | C3: 1.945278 | D3: =C3-B3 -> 1.1014701
A4: 34486 | B4: 0.95963463 | C4: 1.1848702 | D4: =C4-B4 -> 0.22523558
A5: 34516 | B5: 3.8799472 | C5: 3.5802243 | D5: =C5-B5 -> -0.29972297
A6: 34547 | B6: 3.7538245 | C6: 3.6710838 | D6: =C6-B6 -> -0.082740743
A7: 34578 | B7: 3.8824669 | C7: 3.2984967 | D7: =C7-B7 -> -0.58397015 | E7: =AVERAGE(B2:B7) -> 2.3082057 | F7: =AVERAGE(C2:C7) -> 2.4836466 | G7: =F7-E7 -> 0.17544093
A8: 34608 | B8: 3.3455065 | C8: 3.2346733 | D8: =C8-B8 -> -0.11083317 | E8: =AVERAGE(B3:B8) -> 2.7775313 | F8: =AVERAGE(C3:C8) -> 2.8191044 | G8: =F8-E8 -> 0.041573104
A9: 34639 | B9: 3.5968463 | C9: 2.9043882 | D9: =C9-B9 -> -0.69245814 | E9: =AVERAGE(B4:B9) -> 3.236371 | F9: =AVERAGE(C4:C9) -> 2.9789561 | G9: =F9-E9 -> -0.25741493
A10: 34669 | B10: 3.6329631 | C10: 2.812532 | D10: =C10-B10 -> -0.82043106 | E10: =AVERAGE(B5:B10) -> 3.6819258 | F10: =AVERAGE(C5:C10) -> 3.250233 | G10: =F10-E10 -> -0.43169271
A11: 34700 | B11: 2.953825 | C11: 2.1187145 | D11: =C11-B11 -> -0.83511044 | E11: =AVERAGE(B6:B11) -> 3.527572 | F11: =AVERAGE(C6:C11) -> 3.0066481 | G11: =F11-E11 -> -0.52092395
A12: 34731 | B12: 2.5759916 | C12: 2.3256376 | D12: =C12-B12 -> -0.25035403 | E12: =AVERAGE(B7:B12) -> 3.3312666 | F12: =AVERAGE(C7:C12) -> 2.7824071 | G12: =F12-E12 -> -0.5488595
A13: 34759 | B13: 2.7608684 | C13: 3.4104257 | D13: =C13-B13 -> 0.64955732 | E13: =AVERAGE(B8:B13) -> 3.1443335 | F13: =AVERAGE(C8:C13) -> 2.8010619 | G13: =F13-E13 -> -0.34327159
A14: 34790 | B14: 3.3240019 | C14: 4.305967 | D14: =C14-B14 -> 0.98196501 | E14: =AVERAGE(B9:B14) -> 3.1407494 | F14: =AVERAGE(C9:C14) -> 2.9796108 | G14: =F14-E14 -> -0.16113856
A15: 34820 | B15: 3.4429434 | C15: 4.8025196 | D15: =C15-B15 -> 1.3595762 | E15: =AVERAGE(B10:B15) -> 3.1150989 | F15: =AVERAGE(C10:C15) -> 3.2959661 | G15: =F15-E15 -> 0.18086717
A16: 34851 | B16: 4.2943509 | C16: 5.7713103 | D16: =C16-B16 -> 1.4769594 | E16: =AVERAGE(B11:B16) -> 3.2253302 | F16: =AVERAGE(C11:C16) -> 3.7890958 | G16: =F16-E16 -> 0.56376558
A17: 34881 | B17: 4.5426026 | C17: 5.9571943 | D17: =C17-B17 -> 1.4145917 | E17: =AVERAGE(B12:B17) -> 3.4901265 | F17: =AVERAGE(C12:C17) -> 4.4288424 | G17: =F17-E17 -> 0.93871594
A18: 34912 | B18: 4.967469 | C18: 6.2090126 | D18: =C18-B18 -> 1.2415435 | E18: =AVERAGE(B13:B18) -> 3.888706 | F18: =AVERAGE(C13:C18) -> 5.0760716 | G18: =F18-E18 -> 1.1873655
... A263: 42430 | B263: 2.0550057 | C263: 2.3137704 | D263: =C263-B263 -> 0.25876473 | E263: =AVERAGE(B258:B263) -> 2.6757601 | F263: =AVERAGE(C258:C263) -> 4.2385629 | G263: =F263-E263 -> 1.5628028
