Workbook

Sheet Refi Index Weekly
A1: Asof | B1: MBAVREFI | C1: Lagged | D1: Month
A2: 39815 | B2: 5904.5 | C2: =A2+6*7 -> 39857 | D2: =C2-DAY(C2)+1 -> 39845
A3: 39822 | B3: 7414.1 | C3: =A3+6*7 -> 39864 | D3: =C3-DAY(C3)+1 -> 39845
A4: 39829 | B4: 6491.8 | C4: =A4+6*7 -> 39871 | D4: =C4-DAY(C4)+1 -> 39845
A5: 39836 | B5: 3373.9 | C5: =A5+6*7 -> 39878 | D5: =C5-DAY(C5)+1 -> 39873
A6: 39843 | B6: 3906.3 | C6: =A6+6*7 -> 39885 | D6: =C6-DAY(C6)+1 -> 39873
A7: 39850 | B7: 2722.7 | C7: =A7+6*7 -> 39892 | D7: =C7-DAY(C7)+1 -> 39873
A8: 39857 | B8: 4472.9 | C8: =A8+6*7 -> 39899 | D8: =C8-DAY(C8)+1 -> 39873
A9: 39864 | B9: 3618 | C9: =A9+6*7 -> 39906 | D9: =C9-DAY(C9)+1 -> 39904
A10: 39871 | B10: 3063.4 | C10: =A10+6*7 -> 39913 | D10: =C10-DAY(C10)+1 -> 39904
A11: 39878 | B11: 3470.7 | C11: =A11+6*7 -> 39920 | D11: =C11-DAY(C11)+1 -> 39904
A12: 39885 | B12: 4497.6 | C12: =A12+6*7 -> 39927 | D12: =C12-DAY(C12)+1 -> 39904
A13: 39892 | B13: 6363.2 | C13: =A13+6*7 -> 39934 | D13: =C13-DAY(C13)+1 -> 39934
... A489: 43224 | B489: 1098.4 | C489: =A489+6*7 -> 43266 | D489: =C489-DAY(C489)+1 -> 43252

Sheet Refi Index Monthly
A1: Row Labels | B1: Average of MBAVREFI | E1: Asof | F1: Average of MBAVREFI | G1: Flag | I1: Cutoff
A2: 39845 | B2: 6603.4667 | E2: 39845 | F2: 6603.4667 | G2: =IF(F2<$I$2,1,0) -> 0 | I2: 1810
A3: 39873 | B3: 3618.95 | E3: 39873 | F3: 3618.95 | G3: =IF(F3<$I$2,1,0) -> 0
A4: 39904 | B4: 3662.425 | E4: 39904 | F4: 3662.425 | G4: =IF(F4<$I$2,1,0) -> 0
A5: 39934 | B5: 6477.84 | E5: 39934 | F5: 6477.84 | G5: =IF(F5<$I$2,1,0) -> 0
A6: 39965 | B6: 4915.125 | E6: 39965 | F6: 4915.125 | G6: =IF(F6<$I$2,1,0) -> 0
A7: 39995 | B7: 2712.82 | E7: 39995 | F7: 2712.82 | G7: =IF(F7<$I$2,1,0) -> 0
A8: 40026 | B8: 1822.25 | E8: 40026 | F8: 1822.25 | G8: =IF(F8<$I$2,1,0) -> 0
A9: 40057 | B9: 1923.775 | E9: 40057 | F9: 1923.775 | G9: =IF(F9<$I$2,1,0) -> 0
A10: 40087 | B10: 2476.96 | E10: 40087 | F10: 2476.96 | G10: =IF(F10<$I$2,1,0) -> 0
A11: 40118 | B11: 3104.25 | E11: 40118 | F11: 3104.25 | G11: =IF(F11<$I$2,1,0) -> 0
A12: 40148 | B12: 2789.875 | E12: 40148 | F12: 2789.875 | G12: =IF(F12<$I$2,1,0) -> 0
A13: 40179 | B13: 2994.98 | E13: 40179 | F13: 2994.98 | G13: =IF(F13<$I$2,1,0) -> 0
A14: 40210 | B14: 2264.2 | E14: 40210 | F14: 2264.2 | G14: =IF(F14<$I$2,1,0) -> 0
... A113: 43221 | B113: 1144.725 | E113: 43221 | F113: 1144.725 | G113: =IF(F113<$I$2,1,0) -> 1

Sheet Compare
A1: asof | B1: media_effect | C1: refi_index | D1: CPR
A2: 41456 | B2: 63.705 | C2: =VLOOKUP(A2,'Refi Index Monthly'!E:F,2,0) -> 3354.4 | D2: 30.908343
A3: 41487 | B3: 47.8 | C3: =VLOOKUP(A3,'Refi Index Monthly'!E:F,2,0) -> 2550.44 | D3: 23.81467
A4: 41518 | B4: 39.79 | C4: =VLOOKUP(A4,'Refi Index Monthly'!E:F,2,0) -> 2154.3 | D4: 16.971264
A5: 41548 | B5: 35.3 | C5: =VLOOKUP(A5,'Refi Index Monthly'!E:F,2,0) -> 1779.575 | D5: 15.412828
A6: 41579 | B6: 38.695 | C6: =VLOOKUP(A6,'Refi Index Monthly'!E:F,2,0) -> 1985.44 | D6: 13.556214
A7: 41609 | B7: 42.7 | C7: =VLOOKUP(A7,'Refi Index Monthly'!E:F,2,0) -> 2088.425 | D7: 14.317263
A8: 41640 | B8: 37.04 | C8: =VLOOKUP(A8,'Refi Index Monthly'!E:F,2,0) -> 1637.96 | D8: 11.145575
A9: 41671 | B9: 32.245 | C9: =VLOOKUP(A9,'Refi Index Monthly'!E:F,2,0) -> 1475.775 | D9: 10.113937
A10: 41699 | B10: 34.58 | C10: =VLOOKUP(A10,'Refi Index Monthly'!E:F,2,0) -> 1668.225 | D10: 12.074553
A11: 41791 | B11: 37.655 | C11: =VLOOKUP(A11,'Refi Index Monthly'!E:F,2,0) -> 1347.475 | D11: 15.775417
A12: 41730 | B12: 36.695 | C12: =VLOOKUP(A12,'Refi Index Monthly'!E:F,2,0) -> 1538.725 | D12: 12.827752
A13: 41760 | B13: 35.55 | C13: =VLOOKUP(A13,'Refi Index Monthly'!E:F,2,0) -> 1384.44 | D13: 13.766494
... A59: 43191 | B59: 14.565 | C59: =VLOOKUP(A59,'Refi Index Monthly'!E:F,2,0) -> 1155.3 | D59: 11.801883
