Workbook
Name temp: 'ppm risk premium'!#REF!
Name temp: 'Refi%'!$AA$3:$AB$236
Name temp_1: 'ppm risk premium'!#REF!
Name temp_2: 'ppm risk premium'!#REF!
Name temp1: 'LIBOR 1m'!#REF!

Sheet Data Set
B3: IOS Index
B4: Date | C4: Monthly Hedge Return (%) | D4: OAS | E4: IOS + TBA Carry | F4: Realized Vol (Annualized %) | G4: Yield Curve 10-2 (bps) | H4: Prepayment Risk Premium (bps) | I4: Px/Coupon | J4: LIBOR 1m | K4: Refi Pct Pool | L4: Refi Pct Loan | M4: Refi Index | N4: CC | O4: CC Changes (bps) | P4: IOS + TBA + Curve Monthly Return
B5: 40633 | C5: ='Return&Carry'!C3*100 -> 3.2147753 | D5: 12.454245 | E5: ='Return&Carry'!D3*100 -> 1.0991114 | F5: =VLOOKUP(TEXT(B5,"yyyy-mm-dd"),OneWeekMtgRatesDataTable7[],4,0)*SQRT(225)*100 -> 74.358832 | G5: =VLOOKUP(B5,'Yield Curve'!B5:G52,6,0)*100 -> 266.4 | H5: =VLOOKUP(B5,'ppm risk premium'!C:J,8,0)*100 -> 75.537102 | I5: 5.4040031 | J5: =VLOOKUP(B5,'LIBOR 1m'!D:F,3,0) -> 0.24345 | K5: =VLOOKUP(B5,'Refi%'!AE:AF,2,0) -> 0.59330693 | L5: =VLOOKUP(B5,'Refi%'!AH:AI,2,0) -> 0.42787865 | M5: =VLOOKUP(B5,'Refi%'!L:P,4,0) -> 2194.4 | N5: =VLOOKUP(B5,'Realized Vol'!H:J,2,0) -> 4.2632122 | O5: =VLOOKUP(B5,'Realized Vol'!H:J,3,0) -> 0
B6: 40662 | C6: ='Return&Carry'!C4*100 -> 3.9945301 | D6: -13.523942 | E6: ='Return&Carry'!D4*100 -> 1.0984369 | F6: =VLOOKUP(TEXT(B6,"yyyy-mm-dd"),OneWeekMtgRatesDataTable7[],4,0)*SQRT(225)*100 -> 60.151042 | G6: =VLOOKUP(B6,'Yield Curve'!B6:G53,6,0)*100 -> 268.7 | H6: =VLOOKUP(B6,'ppm risk premium'!C:J,8,0)*100 -> 90.935152 | I6: 5.4712823 | J6: =VLOOKUP(B6,'LIBOR 1m'!D:F,3,0) -> 0.21025 | K6: =VLOOKUP(B6,'Refi%'!AE:AF,2,0) -> 0.60214742 | L6: =VLOOKUP(B6,'Refi%'!AH:AI,2,0) -> 0.46921692 | M6: =VLOOKUP(B6,'Refi%'!L:P,4,0) -> 2220.1 | N6: =VLOOKUP(B6,'Realized Vol'!H:J,2,0) -> 4.0911415 | O6: =VLOOKUP(B6,'Realized Vol'!H:J,3,0) -> -17.207069
B7: 40694 | C7: ='Return&Carry'!C5*100 -> 3.6836949 | D7: -39.195911 | E7: ='Return&Carry'!D5*100 -> 1.2359979 | F7: =VLOOKUP(TEXT(B7,"yyyy-mm-dd"),OneWeekMtgRatesDataTable7[],4,0)*SQRT(225)*100 -> 48.820059 | G7: =VLOOKUP(B7,'Yield Curve'!B7:G54,6,0)*100 -> 258.5 | H7: =VLOOKUP(B7,'ppm risk premium'!C:J,8,0)*100 -> 105.18016 | I7: 5.4954374 | J7: =VLOOKUP(B7,'LIBOR 1m'!D:F,3,0) -> 0.19043 | K7: =VLOOKUP(B7,'Refi%'!AE:AF,2,0) -> 0.64966367 | L7: =VLOOKUP(B7,'Refi%'!AH:AI,2,0) -> 0.52390304 | M7: =VLOOKUP(B7,'Refi%'!L:P,4,0) -> 2619.7 | N7: =VLOOKUP(B7,'Realized Vol'!H:J,2,0) -> 3.9323543 | O7: =VLOOKUP(B7,'Realized Vol'!H:J,3,0) -> -15.878724
B8: 40724 | C8: ='Return&Carry'!C6*100 -> -0.89725231 | D8: -71.812763 | E8: ='Return&Carry'!D6*100 -> 1.1611305 | F8: =VLOOKUP(TEXT(B8,"yyyy-mm-dd"),OneWeekMtgRatesDataTable7[],4,0)*SQRT(225)*100 -> 51.642384 | G8: =VLOOKUP(B8,'Yield Curve'!B8:G55,6,0)*100 -> 270 | H8: =VLOOKUP(B8,'ppm risk premium'!C:J,8,0)*100 -> 95.512376 | I8: 5.5415672 | J8: =VLOOKUP(B8,'LIBOR 1m'!D:F,3,0) -> 0.18555 | K8: =VLOOKUP(B8,'Refi%'!AE:AF,2,0) -> 0.60136348 | L8: =VLOOKUP(B8,'Refi%'!AH:AI,2,0) -> 0.50471571 | M8: =VLOOKUP(B8,'Refi%'!L:P,4,0) -> 2527.5 | N8: =VLOOKUP(B8,'Realized Vol'!H:J,2,0) -> 4.0210178 | O8: =VLOOKUP(B8,'Realized Vol'!H:J,3,0) -> 8.8663527
B9: 40753 | C9: ='Return&Carry'!C7*100 -> -0.70542452 | D9: 14.555567 | E9: ='Return&Carry'!D7*100 -> 0.94859999 | F9: =VLOOKUP(TEXT(B9,"yyyy-mm-dd"),OneWeekMtgRatesDataTable7[],4,0)*SQRT(225)*100 -> 60.008169 | G9: =VLOOKUP(B9,'Yield Curve'!B9:G56,6,0)*100 -> 243.9 | H9: =VLOOKUP(B9,'ppm risk premium'!C:J,8,0)*100 -> 113.62597 | I9: 5.2080149 | J9: =VLOOKUP(B9,'LIBOR 1m'!D:F,3,0) -> 0.1911 | K9: =VLOOKUP(B9,'Refi%'!AE:AF,2,0) -> 0.81158019 | L9: =VLOOKUP(B9,'Refi%'!AH:AI,2,0) -> 0.5882383 | M9: =VLOOKUP(B9,'Refi%'!L:P,4,0) -> 2974.1 | N9: =VLOOKUP(B9,'Realized Vol'!H:J,2,0) -> 3.8088239 | O9: =VLOOKUP(B9,'Realized Vol'!H:J,3,0) -> -21.219393
B10: 40786 | C10: ='Return&Carry'!C8*100 -> -12.940149 | D10: 413.13076 | E10: ='Return&Carry'!D8*100 -> 0.98897456 | F10: =VLOOKUP(TEXT(B10,"yyyy-mm-dd"),OneWeekMtgRatesDataTable7[],4,0)*SQRT(225)*100 -> 99.218155 | G10: =VLOOKUP(B10,'Yield Curve'!B10:G57,6,0)*100 -> 202.2 | H10: =VLOOKUP(B10,'ppm risk premium'!C:J,8,0)*100 -> 130.72057 | I10: 4.1199718 | J10: =VLOOKUP(B10,'LIBOR 1m'!D:F,3,0) -> 0.2215 | K10: =VLOOKUP(B10,'Refi%'!AE:AF,2,0) -> 0.84239131 | L10: =VLOOKUP(B10,'Refi%'!AH:AI,2,0) -> 0.71579101 | M10: =VLOOKUP(B10,'Refi%'!L:P,4,0) -> 3601.3 | N10: =VLOOKUP(B10,'Realized Vol'!H:J,2,0) -> 3.4273948 | O10: =VLOOKUP(B10,'Realized Vol'!H:J,3,0) -> -38.142906
B11: 40816 | C11: ='Return&Carry'!C9*100 -> -10.646399 | D11: 707.36595 | E11: ='Return&Carry'!D9*100 -> 1.4023414 | F11: =VLOOKUP(TEXT(B11,"yyyy-mm-dd"),OneWeekMtgRatesDataTable7[],4,0)*SQRT(225)*100 -> 121.17161 | G11: =VLOOKUP(B11,'Yield Curve'!B11:G58,6,0)*100 -> 167.3 | H11: =VLOOKUP(B11,'ppm risk premium'!C:J,8,0)*100 -> 154.82914 | I11: 3.3173716 | J11: =VLOOKUP(B11,'LIBOR 1m'!D:F,3,0) -> 0.23944 | K11: =VLOOKUP(B11,'Refi%'!AE:AF,2,0) -> 0.95732166 | L11: =VLOOKUP(B11,'Refi%'!AH:AI,2,0) -> 0.81810634 | M11: =VLOOKUP(B11,'Refi%'!L:P,4,0) -> 4241.8 | N11: =VLOOKUP(B11,'Realized Vol'!H:J,2,0) -> 3.0385262 | O11: =VLOOKUP(B11,'Realized Vol'!H:J,3,0) -> -38.886865
B12: 40847 | C12: ='Return&Carry'!C10*100 -> 2.3593585 | D12: 688.11427 | E12: ='Return&Carry'!D10*100 -> 1.2905992 | F12: =VLOOKUP(TEXT(B12,"yyyy-mm-dd"),OneWeekMtgRatesDataTable7[],4,0)*SQRT(225)*100 -> 126.4888 | G12: =VLOOKUP(B12,'Yield Curve'!B12:G59,6,0)*100 -> 190.8 | H12: =VLOOKUP(B12,'ppm risk premium'!C:J,8,0)*100 -> 147.63692 | I12: 3.4720778 | J12: =VLOOKUP(B12,'LIBOR 1m'!D:F,3,0) -> 0.24528 | K12: =VLOOKUP(B12,'Refi%'!AE:AF,2,0) -> 0.91081164 | L12: =VLOOKUP(B12,'Refi%'!AH:AI,2,0) -> 0.78009743 | M12: =VLOOKUP(B12,'Refi%'!L:P,4,0) -> 3695 | N12: =VLOOKUP(B12,'Realized Vol'!H:J,2,0) -> 3.251577 | O12: =VLOOKUP(B12,'Realized Vol'!H:J,3,0) -> 21.305085
B13: 40877 | C13: ='Return&Carry'!C11*100 -> 1.4407939 | D13: 623.10169 | E13: ='Return&Carry'!D11*100 -> 0.70135917 | F13: =VLOOKUP(TEXT(B13,"yyyy-mm-dd"),OneWeekMtgRatesDataTable7[],4,0)*SQRT(225)*100 -> 107.84839 | G13: =VLOOKUP(B13,'Yield Curve'!B13:G60,6,0)*100 -> 180.9 | H13: =VLOOKUP(B13,'ppm risk premium'!C:J,8,0)*100 -> 152.67358 | I13: 3.4446943 | J13: =VLOOKUP(B13,'LIBOR 1m'!D:F,3,0) -> 0.27144 | K13: =VLOOKUP(B13,'Refi%'!AE:AF,2,0) -> 0.94713699 | L13: =VLOOKUP(B13,'Refi%'!AH:AI,2,0) -> 0.79059241 | M13: =VLOOKUP(B13,'Refi%'!L:P,4,0) -> 2941.3 | N13: =VLOOKUP(B13,'Realized Vol'!H:J,2,0) -> 3.1770193 | O13: =VLOOKUP(B13,'Realized Vol'!H:J,3,0) -> -7.4557679
B14: 40907 | C14: ='Return&Carry'!C12*100 -> 0.5832688 | D14: 610.59818 | E14: ='Return&Carry'!D12*100 -> 0.39545841 | F14: =VLOOKUP(TEXT(B14,"yyyy-mm-dd"),OneWeekMtgRatesDataTable7[],4,0)*SQRT(225)*100 -> 84.15733 | G14: =VLOOKUP(B14,'Yield Curve'!B14:G61,6,0)*100 -> 162.9 | H14: =VLOOKUP(B14,'ppm risk premium'!C:J,8,0)*100 -> 163.19337 | I14: 3.3659589 | J14: =VLOOKUP(B14,'LIBOR 1m'!D:F,3,0) -> 0.2953 | K14: =VLOOKUP(B14,'Refi%'!AE:AF,2,0) -> 0.96357256 | L14: =VLOOKUP(B14,'Refi%'!AH:AI,2,0) -> 0.83026537 | M14: =VLOOKUP(B14,'Refi%'!L:P,4,0) -> 3608.1 | N14: =VLOOKUP(B14,'Realized Vol'!H:J,2,0) -> 3.0169009 | O14: =VLOOKUP(B14,'Realized Vol'!H:J,3,0) -> -16.011846
B15: 40939 | C15: ='Return&Carry'!C13*100 -> -3.0247515 | D15: 465.33199 | E15: ='Return&Carry'!D13*100 -> 0.93155585 | F15: =VLOOKUP(TEXT(B15,"yyyy-mm-dd"),OneWeekMtgRatesDataTable7[],4,0)*SQRT(225)*100 -> 67.218531 | G15: =VLOOKUP(B15,'Yield Curve'!B15:G62,6,0)*100 -> 158.4 | H15: =VLOOKUP(B15,'ppm risk premium'!C:J,8,0)*100 -> 165.8527 | I15: 3.0653812 | J15: =VLOOKUP(B15,'LIBOR 1m'!D:F,3,0) -> 0.26475 | K15: =VLOOKUP(B15,'Refi%'!AE:AF,2,0) -> 0.95587728 | L15: =VLOOKUP(B15,'Refi%'!AH:AI,2,0) -> 0.8394901 | M15: =VLOOKUP(B15,'Refi%'!L:P,4,0) -> 4184.3 | N15: =VLOOKUP(B15,'Realized Vol'!H:J,2,0) -> 2.7762953 | O15: =VLOOKUP(B15,'Realized Vol'!H:J,3,0) -> -24.060559
B16: 40968 | C16: ='Return&Carry'!C14*100 -> 11.557044 | D16: 220.00245 | E16: ='Return&Carry'!D14*100 -> 1.7106233 | F16: =VLOOKUP(TEXT(B16,"yyyy-mm-dd"),OneWeekMtgRatesDataTable7[],4,0)*SQRT(225)*100 -> 70.470813 | G16: =VLOOKUP(B16,'Yield Curve'!B16:G64,6,0)*100 -> 167.8 | H16: =VLOOKUP(B16,'ppm risk premium'!C:J,8,0)*100 -> 146.65326 | I16: 3.4491554 | J16: =VLOOKUP(B16,'LIBOR 1m'!D:F,3,0) -> 0.2435 | K16: =VLOOKUP(B16,'Refi%'!AE:AF,2,0) -> 0.91287036 | L16: =VLOOKUP(B16,'Refi%'!AH:AI,2,0) -> 0.75098985 | M16: =VLOOKUP(B16,'Refi%'!L:P,4,0) -> 4379.1 | N16: =VLOOKUP(B16,'Realized Vol'!H:J,2,0) -> 2.8817315 | O16: =VLOOKUP(B16,'Realized Vol'!H:J,3,0) -> 10.543628
B17: 40998 | C17: ='Return&Carry'!C15*100 -> 7.140025 | D17: 105.25489 | E17: ='Return&Carry'!D15*100 -> 1.0372253 | F17: =VLOOKUP(TEXT(B17,"yyyy-mm-dd"),OneWeekMtgRatesDataTable7[],4,0)*SQRT(225)*100 -> 75.771275 | G17: =VLOOKUP(B17,'Yield Curve'!B17:G65,6,0)*100 -> 187.6 | H17: =VLOOKUP(B17,'ppm risk premium'!C:J,8,0)*100 -> 143.69569 | I17: 4.0219851 | J17: =VLOOKUP(B17,'LIBOR 1m'!D:F,3,0) -> 0.24125 | K17: =VLOOKUP(B17,'Refi%'!AE:AF,2,0) -> 0.89832187 | L17: =VLOOKUP(B17,'Refi%'!AH:AI,2,0) -> 0.74902453 | M17: =VLOOKUP(B17,'Refi%'!L:P,4,0) -> 3699.5 | N17: =VLOOKUP(B17,'Realized Vol'!H:J,2,0) -> 3.0669216 | O17: =VLOOKUP(B17,'Realized Vol'!H:J,3,0) -> 18.519003
B18: 41029 | C18: ='Return&Carry'!C16*100 -> -2.0065317 | D18: 167.5742 | E18: ='Return&Carry'!D16*100 -> 0.24221037 | F18: =VLOOKUP(TEXT(B18,"yyyy-mm-dd"),OneWeekMtgRatesDataTable7[],4,0)*SQRT(225)*100 -> 76.627445 | G18: =VLOOKUP(B18,'Yield Curve'!B18:G66,6,0)*100 -> 165.5 | H18: =VLOOKUP(B18,'ppm risk premium'!C:J,8,0)*100 -> 152.87223 | I18: 3.7693449 | J18: =VLOOKUP(B18,'LIBOR 1m'!D:F,3,0) -> 0.23875 | K18: =VLOOKUP(B18,'Refi%'!AE:AF,2,0) -> 0.91020621 | L18: =VLOOKUP(B18,'Refi%'!AH:AI,2,0) -> 0.8016259 | M18: =VLOOKUP(B18,'Refi%'!L:P,4,0) -> 3856 | N18: =VLOOKUP(B18,'Realized Vol'!H:J,2,0) -> 2.8585942 | O18: =VLOOKUP(B18,'Realized Vol'!H:J,3,0) -> -20.83274
B19: 41060 | C19: ='Return&Carry'!C17*100 -> -7.1845659 | D19: 286.25597 | E19: ='Return&Carry'!D17*100 -> 0.83669301 | F19: =VLOOKUP(TEXT(B19,"yyyy-mm-dd"),OneWeekMtgRatesDataTable7[],4,0)*SQRT(225)*100 -> 73.169285 | G19: =VLOOKUP(B19,'Yield Curve'!B19:G69,6,0)*100 -> 131.6 | H19: =VLOOKUP(B19,'ppm risk premium'!C:J,8,0)*100 -> 166.16121 | I19: 3.2895729 | J19: =VLOOKUP(B19,'LIBOR 1m'!D:F,3,0) -> 0.23875 | K19: =VLOOKUP(B19,'Refi%'!AE:AF,2,0) -> 0.90149771 | L19: =VLOOKUP(B19,'Refi%'!AH:AI,2,0) -> 0.86801002 | M19: =VLOOKUP(B19,'Refi%'!L:P,4,0) -> 4736 | N19: =VLOOKUP(B19,'Realized Vol'!H:J,2,0) -> 2.6463905 | O19: =VLOOKUP(B19,'Realized Vol'!H:J,3,0) -> -21.220364
B20: 41089 | C20: ='Return&Carry'!C18*100 -> 4.3888393 | D20: 293.967 | E20: ='Return&Carry'!D18*100 -> 1.4315088 | F20: =VLOOKUP(TEXT(B20,"yyyy-mm-dd"),OneWeekMtgRatesDataTable7[],4,0)*SQRT(225)*100 -> 63.355131 | G20: =VLOOKUP(B20,'Yield Curve'!B20:G70,6,0)*100 -> 134.6 | H20: =VLOOKUP(B20,'ppm risk premium'!C:J,8,0)*100 -> 163.87567 | I20: 3.3792319 | J20: =VLOOKUP(B20,'LIBOR 1m'!D:F,3,0) -> 0.24575 | K20: =VLOOKUP(B20,'Refi%'!AE:AF,2,0) -> 0.89196946 | L20: =VLOOKUP(B20,'Refi%'!AH:AI,2,0) -> 0.86325673 | M20: =VLOOKUP(B20,'Refi%'!L:P,4,0) -> 4372.2 | N20: =VLOOKUP(B20,'Realized Vol'!H:J,2,0) -> 2.6237189 | O20: =VLOOKUP(B20,'Realized Vol'!H:J,3,0) -> -2.2671673
B21: 41121 | C21: ='Return&Carry'!C19*100 -> 6.2058843 | D21: 171.7155 | E21: ='Return&Carry'!D19*100 -> 1.1971428 | F21: =VLOOKUP(TEXT(B21,"yyyy-mm-dd"),OneWeekMtgRatesDataTable7[],4,0)*SQRT(225)*100 -> 78.601415 | G21: =VLOOKUP(B21,'Yield Curve'!B21:G71,6,0)*100 -> 127.1 | H21: =VLOOKUP(B21,'ppm risk premium'!C:J,8,0)*100 -> 177.12447 | I21: 3.3233894 | J21: =VLOOKUP(B21,'LIBOR 1m'!D:F,3,0) -> 0.2457 | K21: =VLOOKUP(B21,'Refi%'!AE:AF,2,0) -> 0.9800785 | L21: =VLOOKUP(B21,'Refi%'!AH:AI,2,0) -> 0.89684644 | M21: =VLOOKUP(B21,'Refi%'!L:P,4,0) -> 5492.1 | N21: =VLOOKUP(B21,'Realized Vol'!H:J,2,0) -> 2.3145961 | O21: =VLOOKUP(B21,'Realized Vol'!H:J,3,0) -> -30.912278
B22: 41152 | C22: ='Return&Carry'!C20*100 -> 6.012521 | D22: 79.354764 | E22: ='Return&Carry'!D20*100 -> 0.83837742 | F22: =VLOOKUP(TEXT(B22,"yyyy-mm-dd"),OneWeekMtgRatesDataTable7[],4,0)*SQRT(225)*100 -> 84.442873 | G22: =VLOOKUP(B22,'Yield Curve'!B22:G72,6,0)*100 -> 133.8 | H22: =VLOOKUP(B22,'ppm risk premium'!C:J,8,0)*100 -> 174.96399 | I22: 3.5430709 | J22: =VLOOKUP(B22,'LIBOR 1m'!D:F,3,0) -> 0.2305 | K22: =VLOOKUP(B22,'Refi%'!AE:AF,2,0) -> 0.97362867 | L22: =VLOOKUP(B22,'Refi%'!AH:AI,2,0) -> 0.88562576 | M22: =VLOOKUP(B22,'Refi%'!L:P,4,0) -> 4274.8 | N22: =VLOOKUP(B22,'Realized Vol'!H:J,2,0) -> 2.3689487 | O22: =VLOOKUP(B22,'Realized Vol'!H:J,3,0) -> 5.4352601
B23: 41180 | C23: ='Return&Carry'!C21*100 -> -3.9837098 | D23: 247.78681 | E23: ='Return&Carry'!D21*100 -> -0.206538 | F23: =VLOOKUP(TEXT(B23,"yyyy-mm-dd"),OneWeekMtgRatesDataTable7[],4,0)*SQRT(225)*100 -> 94.746297 | G23: =VLOOKUP(B23,'Yield Curve'!B:G,6,0)*100 -> 140.5 | H23: =VLOOKUP(B23,'ppm risk premium'!C:J,8,0)*100 -> 183.07274 | I23: 3.0962675 | J23: =VLOOKUP(B23,'LIBOR 1m'!D:F,3,0) -> 0.21425 | K23: =VLOOKUP(B23,'Refi%'!AE:AF,2,0) -> 0.96488793 | L23: =VLOOKUP(B23,'Refi%'!AH:AI,2,0) -> 0.91497224 | M23: =VLOOKUP(B23,'Refi%'!L:P,4,0) -> 5965.5 | N23: =VLOOKUP(B23,'Realized Vol'!H:J,2,0) -> 2.039914 | O23: =VLOOKUP(B23,'Realized Vol'!H:J,3,0) -> -32.903463
B24: 41213 | C24: ='Return&Carry'!C22*100 -> 0.15619117 | D24: 309.68944 | E24: ='Return&Carry'!D22*100 -> 0.6272732 | F24: =VLOOKUP(TEXT(B24,"yyyy-mm-dd"),OneWeekMtgRatesDataTable7[],4,0)*SQRT(225)*100 -> 89.651564 | G24: =VLOOKUP(B24,'Yield Curve'!B:G,6,0)*100 -> 140.5 | H24: =VLOOKUP(B24,'ppm risk premium'!C:J,8,0)*100 -> 183.01489 | I24: 3.169573 | J24: =VLOOKUP(B24,'LIBOR 1m'!D:F,3,0) -> 0.212 | K24: =VLOOKUP(B24,'Refi%'!AE:AF,2,0) -> 0.95372451 | L24: =VLOOKUP(B24,'Refi%'!AH:AI,2,0) -> 0.89827016 | M24: =VLOOKUP(B24,'Refi%'!L:P,4,0) -> 4550.7 | N24: =VLOOKUP(B24,'Realized Vol'!H:J,2,0) -> 2.1423497 | O24: =VLOOKUP(B24,'Realized Vol'!H:J,3,0) -> 10.243571
B25: 41243 | C25: ='Return&Carry'!C23*100 -> -3.7250679 | D25: 312.18894 | E25: ='Return&Carry'!D23*100 -> -0.28508676 | F25: =VLOOKUP(TEXT(B25,"yyyy-mm-dd"),OneWeekMtgRatesDataTable7[],4,0)*SQRT(225)*100 -> 93.740889 | G25: =VLOOKUP(B25,'Yield Curve'!B:G,6,0)*100 -> 136 | H25: =VLOOKUP(B25,'ppm risk premium'!C:J,8,0)*100 -> 179.2144 | I25: 3.0258975 | J25: =VLOOKUP(B25,'LIBOR 1m'!D:F,3,0) -> 0.2145 | K25: =VLOOKUP(B25,'Refi%'!AE:AF,2,0) -> 0.92988566 | L25: =VLOOKUP(B25,'Refi%'!AH:AI,2,0) -> 0.89026059 | M25: =VLOOKUP(B25,'Refi%'!L:P,4,0) -> 4943 | N25: =VLOOKUP(B25,'Realized Vol'!H:J,2,0) -> 2.0725335 | O25: =VLOOKUP(B25,'Realized Vol'!H:J,3,0) -> -6.9816196
B26: 41274 | C26: ='Return&Carry'!C24*100 -> 2.6619863 | D26: 327.64422 | E26: ='Return&Carry'!D24*100 -> 0.070328489 | F26: =VLOOKUP(TEXT(B26,"yyyy-mm-dd"),OneWeekMtgRatesDataTable7[],4,0)*SQRT(225)*100 -> 77.697859 | G26: =VLOOKUP(B26,'Yield Curve'!B:G,6,0)*100 -> 149.2 | H26: =VLOOKUP(B26,'ppm risk premium'!C:J,8,0)*100 -> 173.15728 | I26: 3.1411404 | J26: =VLOOKUP(B26,'LIBOR 1m'!D:F,3,0) -> 0.2087 | K26: =VLOOKUP(B26,'Refi%'!AE:AF,2,0) -> 0.9110383 | L26: =VLOOKUP(B26,'Refi%'!AH:AI,2,0) -> 0.8594083 | M26: =VLOOKUP(B26,'Refi%'!L:P,4,0) -> 3488.9 | N26: =VLOOKUP(B26,'Realized Vol'!H:J,2,0) -> 2.1517307 | O26: =VLOOKUP(B26,'Realized Vol'!H:J,3,0) -> 7.9197162
B27: 41305 | C27: ='Return&Carry'!C25*100 -> 2.8918724 | D27: 428.37293 | E27: ='Return&Carry'!D25*100 -> -0.4534384 | F27: =VLOOKUP(TEXT(B27,"yyyy-mm-dd"),OneWeekMtgRatesDataTable7[],4,0)*SQRT(225)*100 -> 73.886217 | G27: =VLOOKUP(B27,'Yield Curve'!B:G,6,0)*100 -> 171.8 | H27: =VLOOKUP(B27,'ppm risk premium'!C:J,8,0)*100 -> 142.18241 | I27: 3.4308576 | J27: =VLOOKUP(B27,'LIBOR 1m'!D:F,3,0) -> 0.1997 | K27: =VLOOKUP(B27,'Refi%'!AE:AF,2,0) -> 0.77474963 | L27: =VLOOKUP(B27,'Refi%'!AH:AI,2,0) -> 0.75499759 | M27: =VLOOKUP(B27,'Refi%'!L:P,4,0) -> 4579 | N27: =VLOOKUP(B27,'Realized Vol'!H:J,2,0) -> 2.5737676 | O27: =VLOOKUP(B27,'Realized Vol'!H:J,3,0) -> 42.203688
B28: 41333 | C28: ='Return&Carry'!C26*100 -> -0.18837838 | D28: 447.98054 | E28: ='Return&Carry'!D26*100 -> -0.44958852 | F28: =VLOOKUP(TEXT(B28,"yyyy-mm-dd"),OneWeekMtgRatesDataTable7[],4,0)*SQRT(225)*100 -> 58.653057 | G28: =VLOOKUP(B28,'Yield Curve'!B:G,6,0)*100 -> 165 | H28: =VLOOKUP(B28,'ppm risk premium'!C:J,8,0)*100 -> 147.2334 | I28: 3.4146508 | J28: =VLOOKUP(B28,'LIBOR 1m'!D:F,3,0) -> 0.2037 | K28: =VLOOKUP(B28,'Refi%'!AE:AF,2,0) -> 0.84309753 | L28: =VLOOKUP(B28,'Refi%'!AH:AI,2,0) -> 0.7712298 | M28: =VLOOKUP(B28,'Refi%'!L:P,4,0) -> 4724.9 | N28: =VLOOKUP(B28,'Realized Vol'!H:J,2,0) -> 2.5448374 | O28: =VLOOKUP(B28,'Realized Vol'!H:J,3,0) -> -2.8930159
B29: 41361 | C29: ='Return&Carry'!C27*100 -> 4.4045396 | D29: 342.66581 | E29: ='Return&Carry'!D27*100 -> 0.37234474 | F29: =VLOOKUP(TEXT(B29,"yyyy-mm-dd"),OneWeekMtgRatesDataTable7[],4,0)*SQRT(225)*100 -> 59.498817 | G29: =VLOOKUP(B29,'Yield Curve'!B:G,6,0)*100 -> 160.9 | H29: =VLOOKUP(B29,'ppm risk premium'!C:J,8,0)*100 -> #N/A | I29: 4.4592698 | J29: =VLOOKUP(B29,'LIBOR 1m'!D:F,3,0) -> 0.2037 | K29: =VLOOKUP(B29,'Refi%'!AE:AF,2,0) -> 0.76515105 | L29: =VLOOKUP(B29,'Refi%'!AH:AI,2,0) -> 0.72944016 | M29: =VLOOKUP(B29,'Refi%'!L:P,4,0) -> 4119.2 | N29: =VLOOKUP(B29,'Realized Vol'!H:J,2,0) -> 2.6143336 | O29: =VLOOKUP(B29,'Realized Vol'!H:J,3,0) -> 6.9496146
B30: 41394 | C30: ='Return&Carry'!C28*100 -> -9.0801514 | D30: 522.2402 | E30: ='Return&Carry'!D28*100 -> 0.25360138 | F30: =VLOOKUP(TEXT(B30,"yyyy-mm-dd"),OneWeekMtgRatesDataTable7[],4,0)*SQRT(225)*100 -> 52.140172 | G30: =VLOOKUP(B30,'Yield Curve'!B:G,6,0)*100 -> 146.4 | H30: =VLOOKUP(B30,'ppm risk premium'!C:J,8,0)*100 -> 155.10957 | I30: 3.9097834 | J30: =VLOOKUP(B30,'LIBOR 1m'!D:F,3,0) -> 0.1982 | K30: =VLOOKUP(B30,'Refi%'!AE:AF,2,0) -> 0.83356731 | L30: =VLOOKUP(B30,'Refi%'!AH:AI,2,0) -> 0.78570359 | M30: =VLOOKUP(B30,'Refi%'!L:P,4,0) -> 4854.1 | N30: =VLOOKUP(B30,'Realized Vol'!H:J,2,0) -> 2.3535374 | O30: =VLOOKUP(B30,'Realized Vol'!H:J,3,0) -> -26.079619
B31: 41425 | C31: ='Return&Carry'!C29*100 -> 7.8437853 | D31: 459.78735 | E31: ='Return&Carry'!D29*100 -> 0.51248107 | F31: =VLOOKUP(TEXT(B31,"yyyy-mm-dd"),OneWeekMtgRatesDataTable7[],4,0)*SQRT(225)*100 -> 73.191195 | G31: =VLOOKUP(B31,'Yield Curve'!B:G,6,0)*100 -> 185.7 | H31: =VLOOKUP(B31,'ppm risk premium'!C:J,8,0)*100 -> 93.167025 | I31: 4.7140275 | J31: =VLOOKUP(B31,'LIBOR 1m'!D:F,3,0) -> 0.19428 | K31: =VLOOKUP(B31,'Refi%'!AE:AF,2,0) -> 0.62532821 | L31: =VLOOKUP(B31,'Refi%'!AH:AI,2,0) -> 0.59469521 | M31: =VLOOKUP(B31,'Refi%'!L:P,4,0) -> 3163.6 | N31: =VLOOKUP(B31,'Realized Vol'!H:J,2,0) -> 2.9573135 | O31: =VLOOKUP(B31,'Realized Vol'!H:J,3,0) -> 60.377611
B32: 41453 | C32: ='Return&Carry'!C30*100 -> 4.9033765 | D32: 381.68905 | E32: ='Return&Carry'!D30*100 -> -0.3514015 | F32: =VLOOKUP(TEXT(B32,"yyyy-mm-dd"),OneWeekMtgRatesDataTable7[],4,0)*SQRT(225)*100 -> 88.427 | G32: =VLOOKUP(B32,'Yield Curve'!B:G,6,0)*100 -> 213.1 | H32: =VLOOKUP(B32,'ppm risk premium'!C:J,8,0)*100 -> 44.143013 | I32: 5.149796 | J32: =VLOOKUP(B32,'LIBOR 1m'!D:F,3,0) -> 0.19465 | K32: =VLOOKUP(B32,'Refi%'!AE:AF,2,0) -> 0.44439106 | L32: =VLOOKUP(B32,'Refi%'!AH:AI,2,0) -> 0.42100631 | M32: =VLOOKUP(B32,'Refi%'!L:P,4,0) -> 2573.4 | N32: =VLOOKUP(B32,'Realized Vol'!H:J,2,0) -> 3.3094497 | O32: =VLOOKUP(B32,'Realized Vol'!H:J,3,0) -> 35.213618
B33: 41486 | C33: ='Return&Carry'!C31*100 -> 4.5699741 | D33: 333.34539 | E33: ='Return&Carry'!D31*100 -> -0.44551319 | F33: =VLOOKUP(TEXT(B33,"yyyy-mm-dd"),OneWeekMtgRatesDataTable7[],4,0)*SQRT(225)*100 -> 111.39248 | G33: =VLOOKUP(B33,'Yield Curve'!B:G,6,0)*100 -> 228.3 | H33: =VLOOKUP(B33,'ppm risk premium'!C:J,8,0)*100 -> 38.950965 | I33: 5.4757381 | J33: =VLOOKUP(B33,'LIBOR 1m'!D:F,3,0) -> 0.18673 | K33: =VLOOKUP(B33,'Refi%'!AE:AF,2,0) -> 0.42516653 | L33: =VLOOKUP(B33,'Refi%'!AH:AI,2,0) -> 0.40693111 | M33: =VLOOKUP(B33,'Refi%'!L:P,4,0) -> 2218.3 | N33: =VLOOKUP(B33,'Realized Vol'!H:J,2,0) -> 3.4095393 | O33: =VLOOKUP(B33,'Realized Vol'!H:J,3,0) -> 10.008959
B34: 41516 | C34: ='Return&Carry'!C32*100 -> 2.4720201 | D34: 273.22546 | E34: ='Return&Carry'!D32*100 -> -0.2463078 | F34: =VLOOKUP(TEXT(B34,"yyyy-mm-dd"),OneWeekMtgRatesDataTable7[],4,0)*SQRT(225)*100 -> 116.17425 | G34: =VLOOKUP(B34,'Yield Curve'!B:G,6,0)*100 -> 236.6 | H34: =VLOOKUP(B34,'ppm risk premium'!C:J,8,0)*100 -> 30.462159 | I34: 5.6687393 | J34: =VLOOKUP(B34,'LIBOR 1m'!D:F,3,0) -> 0.18206 | K34: =VLOOKUP(B34,'Refi%'!AE:AF,2,0) -> 0.39522167 | L34: =VLOOKUP(B34,'Refi%'!AH:AI,2,0) -> 0.36106342 | M34: =VLOOKUP(B34,'Refi%'!L:P,4,0) -> 1909 | N34: =VLOOKUP(B34,'Realized Vol'!H:J,2,0) -> 3.5181083 | O34: =VLOOKUP(B34,'Realized Vol'!H:J,3,0) -> 10.856902
... B50: 42004 | C50: ='Return&Carry'!C48*100 -> -1.582885 | D50: -82.306012 | E50: ='Return&Carry'!D48*100 -> 1.1149482 | F50: =VLOOKUP(TEXT(B50,"yyyy-mm-dd"),OneWeekMtgRatesDataTable7[],4,0)*SQRT(225)*100 -> 56.938654 | G50: =VLOOKUP(B50,'Yield Curve'!B:G,6,0)*100 -> 149.8 | H50: =VLOOKUP(B50,'ppm risk premium'!C:J,8,0)*100 -> 80.850273 | I50: 5.8275205 | J50: =VLOOKUP(B50,'LIBOR 1m'!D:F,3,0) -> 0.17125 | K50: =VLOOKUP(B50,'Refi%'!AE:AF,2,0) -> 0.60249396 | L50: =VLOOKUP(B50,'Refi%'!AH:AI,2,0) -> 0.55220027 | M50: =VLOOKUP(B50,'Refi%'!L:P,4,0) -> 1347.6 | N50: =VLOOKUP(B50,'Realized Vol'!H:J,2,0) -> 2.8338661 | O50: =VLOOKUP(B50,'Realized Vol'!H:J,3,0) -> -1.1819122
B51: 42034 | C51: ='Return&Carry'!C49*100 -> -11.82102 | D51: 64.725409 | E51: ='Return&Carry'!D49*100 -> 1.10378 | F51: =VLOOKUP(TEXT(B51,"yyyy-mm-dd"),OneWeekMtgRatesDataTable7[],4,0)*SQRT(225)*100 -> 60.215273 | G51: =VLOOKUP(B51,'Yield Curve'!B:G,6,0)*100 -> 120.8 | H51: =VLOOKUP(B51,'ppm risk premium'!C:J,8,0)*100 -> 110.71066 | I51: 4.7819497 | J51: =VLOOKUP(B51,'LIBOR 1m'!D:F,3,0) -> 0.17125 | K51: =VLOOKUP(B51,'Refi%'!AE:AF,2,0) -> 0.76666901 | L51: =VLOOKUP(B51,'Refi%'!AH:AI,2,0) -> 0.70593684 | M51: =VLOOKUP(B51,'Refi%'!L:P,4,0) -> 2584.8 | N51: =VLOOKUP(B51,'Realized Vol'!H:J,2,0) -> 2.4526688 | O51: =VLOOKUP(B51,'Realized Vol'!H:J,3,0) -> -38.119735 | P51: =VLOOKUP(B51,'Return&Carry'!B:E,4,0)*100 -> -8.9367824
B52: 42062 | C52: ='Return&Carry'!C50*100 -> 11.15765 | D52: -86.739531 | E52: ='Return&Carry'!D50*100 -> 1.62244 | F52: =VLOOKUP(TEXT(B52,"yyyy-mm-dd"),OneWeekMtgRatesDataTable7[],4,0)*SQRT(225)*100 -> 73.252678 | G52: =VLOOKUP(B52,'Yield Curve'!B:G,6,0)*100 -> 137.6 | H52: =VLOOKUP(B52,'ppm risk premium'!C:J,8,0)*100 -> 89.112937 | I52: 5.5060135 | J52: =VLOOKUP(B52,'LIBOR 1m'!D:F,3,0) -> 0.173 | K52: =VLOOKUP(B52,'Refi%'!AE:AF,2,0) -> 0.62925392 | L52: =VLOOKUP(B52,'Refi%'!AH:AI,2,0) -> 0.60067933 | M52: =VLOOKUP(B52,'Refi%'!L:P,4,0) -> 1740.3 | N52: =VLOOKUP(B52,'Realized Vol'!H:J,2,0) -> 2.7365986 | O52: =VLOOKUP(B52,'Realized Vol'!H:J,3,0) -> 28.392978 | P52: =VLOOKUP(B52,'Return&Carry'!B:E,4,0)*100 -> 5.5289116
B53: 42094 | C53: -0.7 | D53: -96.814517 | E53: ='Return&Carry'!D51*100 -> 0.98971 | F53: =VLOOKUP(TEXT(B53,"yyyy-mm-dd"),OneWeekMtgRatesDataTable7[],4,0)*SQRT(225)*100 -> 78.458334 | G53: =VLOOKUP(B53,'Yield Curve'!B:G,6,0)*100 -> 137.9 | H53: =VLOOKUP(B53,'ppm risk premium'!C:J,8,0)*100 -> 93.534865 | I53: 5.3690219 | J53: =VLOOKUP(B53,'LIBOR 1m'!D:F,3,0) -> 0.17625 | K53: =VLOOKUP(B53,'Refi%'!AE:AF,2,0) -> 0.6427826 | L53: =VLOOKUP(B53,'Refi%'!AH:AI,2,0) -> 0.62973028 | M53: =VLOOKUP(B53,'Refi%'!L:P,4,0) -> 1941.6 | N53: =VLOOKUP(B53,'Realized Vol'!H:J,2,0) -> 2.6610352 | O53: =VLOOKUP(B53,'Realized Vol'!H:J,3,0) -> -7.556341 | P53: =VLOOKUP(B53,'Return&Carry'!B:E,4,0)*100 -> 1.1795069
B54: 42124 | C54: ='Return&Carry'!C52*100 -> 5.20696 | D54: 27.782091 | E54: ='Return&Carry'!D52*100 -> 0.23842 | F54: =VLOOKUP(TEXT(B54,"yyyy-mm-dd"),OneWeekMtgRatesDataTable7[],4,0)*SQRT(225)*100 -> 69.088668 | G54: =VLOOKUP(B54,'Yield Curve'!B:G,6,0)*100 -> 146.7 | H54: =VLOOKUP(B54,'ppm risk premium'!C:J,8,0)*100 -> 85.684588 | I54: 5.5645995 | J54: =VLOOKUP(B54,'LIBOR 1m'!D:F,3,0) -> 0.181 | K54: =VLOOKUP(B54,'Refi%'!AE:AF,2,0) -> 0.60856289 | L54: =VLOOKUP(B54,'Refi%'!AH:AI,2,0) -> 0.59145745 | M54: =VLOOKUP(B54,'Refi%'!L:P,4,0) -> 1559.4 | N54: =VLOOKUP(B54,'Realized Vol'!H:J,2,0) -> 2.7480147 | O54: =VLOOKUP(B54,'Realized Vol'!H:J,3,0) -> 8.6979562 | P54: =VLOOKUP(B54,'Return&Carry'!B:E,4,0)*100 -> 1.1911914
B55: 42153 | C55: ='Return&Carry'!C53*100 -> 1.25011 | D55: 27 | E55: ='Return&Carry'!D53*100 -> 0.36718 | F55: =VLOOKUP(TEXT(B55,"yyyy-mm-dd"),OneWeekMtgRatesDataTable7[],4,0)*SQRT(225)*100 -> 68.401578 | G55: =VLOOKUP(B55,'Yield Curve'!B:G,6,0)*100 -> 149.2 | H55: =VLOOKUP(B55,'ppm risk premium'!C:J,8,0)*100 -> 77.680787 | I55: 5.6626092 | J55: =VLOOKUP(B55,'LIBOR 1m'!D:F,3,0) -> 0.184 | K55: =VLOOKUP(B55,'Refi%'!AE:AF,2,0) -> 0.57203724 | L55: =VLOOKUP(B55,'Refi%'!AH:AI,2,0) -> 0.55658019 | M55: =VLOOKUP(B55,'Refi%'!L:P,4,0) -> 1233.9 | N55: =VLOOKUP(B55,'Realized Vol'!H:J,2,0) -> 2.8125589 | O55: =VLOOKUP(B55,'Realized Vol'!H:J,3,0) -> 6.4544219 | P55: =VLOOKUP(B55,'Return&Carry'!B:E,4,0)*100 -> -1.6640711
B56: 42185 | C56: ='Return&Carry'!C54*100 -> 4.67899 | D56: ='Return&Carry'!I55 -> 10 | E56: ='Return&Carry'!D54*100 -> 0.32145 | F56: =VLOOKUP(TEXT(B56,"yyyy-mm-dd"),OneWeekMtgRatesDataTable7[],4,0)*SQRT(225)*100 -> 75.446781 | G56: =VLOOKUP(B56,'Yield Curve'!B:G,6,0)*100 -> 169.8 | H56: =VLOOKUP(B56,'ppm risk premium'!C:J,8,0)*100 -> 53.102039 | I56: 6.1637474 | J56: =VLOOKUP(B56,'LIBOR 1m'!D:F,3,0) -> 0.1865 | K56: =VLOOKUP(B56,'Refi%'!AE:AF,2,0) -> 0.4424227 | L56: =VLOOKUP(B56,'Refi%'!AH:AI,2,0) -> 0.42167652 | M56: =VLOOKUP(B56,'Refi%'!L:P,4,0) -> 1246.1 | N56: =VLOOKUP(B56,'Realized Vol'!H:J,2,0) -> 3.0732804 | O56: =VLOOKUP(B56,'Realized Vol'!H:J,3,0) -> 26.07215 | P56: =VLOOKUP(B56,'Return&Carry'!B:E,4,0)*100 -> -0.65968608
B57: 42216 | C57: ='Return&Carry'!C55*100 -> -1.54512 | D57: ='Return&Carry'!I56 -> 14 | E57: ='Return&Carry'!D55*100 -> 0.1851 | F57: =VLOOKUP(TEXT(B57,"yyyy-mm-dd"),OneWeekMtgRatesDataTable7[],4,0)*SQRT(225)*100 -> 82.06165 | G57: =VLOOKUP(B57,'Yield Curve'!B:G,6,0)*100 -> 153.1 | H57: =VLOOKUP(B57,'ppm risk premium'!C:J,8,0)*100 -> 66.95469 | I57: 5.9295802 | J57: =VLOOKUP(B57,'LIBOR 1m'!D:F,3,0) -> 0.19175 | K57: =VLOOKUP(B57,'Refi%'!AE:AF,2,0) -> 0.51760959 | L57: =VLOOKUP(B57,'Refi%'!AH:AI,2,0) -> 0.50352879 | M57: 1418 | N57: =VLOOKUP(B57,'Realized Vol'!H:J,2,0) -> 2.9155081 | O57: =VLOOKUP(B57,'Realized Vol'!H:J,3,0) -> -15.777232 | P57: =VLOOKUP(B57,'Return&Carry'!B:E,4,0)*100 -> 1.1808852
B58: 42247 | C58: ='Return&Carry'!C56*100 -> 0.1421 | D58: ='Return&Carry'!I57 -> 21 | E58: ='Return&Carry'!D56*100 -> 0.48585 | F58: =VLOOKUP(TEXT(B58,"yyyy-mm-dd"),OneWeekMtgRatesDataTable7[],4,0)*SQRT(225)*100 -> 76.130205 | G58: =VLOOKUP(B58,'Yield Curve'!B:G,6,0)*100 -> 146.2 | H58: =VLOOKUP(B58,'ppm risk premium'!C:J,8,0)*100 -> 65.356773 | I58: 5.9246894 | J58: =VLOOKUP(B58,'LIBOR 1m'!D:F,3,0) -> 0.19855 | K58: =VLOOKUP(B58,'Refi%'!AE:AF,2,0) -> 0.50869439 | L58: =VLOOKUP(B58,'Refi%'!AH:AI,2,0) -> 0.47429076 | M58: 1545.5 | N58: =VLOOKUP(B58,'Realized Vol'!H:J,2,0) -> 2.934447 | O58: =VLOOKUP(B58,'Realized Vol'!H:J,3,0) -> 1.8938914 | P58: =VLOOKUP(B58,'Return&Carry'!B:E,4,0)*100 -> -1.5282507
B59: 42277 | C59: ='Return&Carry'!C57*100 -> -1.24888 | D59: ='Return&Carry'!I58 -> 40 | E59: ='Return&Carry'!D57*100 -> 0.60951 | F59: =VLOOKUP(TEXT(B59,"yyyy-mm-dd"),OneWeekMtgRatesDataTable7[],4,0)*SQRT(225)*100 -> 67.08368 | G59: =VLOOKUP(B59,'Yield Curve'!B:G,6,0)*100 -> 141.5 | H59: =VLOOKUP(B59,'ppm risk premium'!C:J,8,0)*100 -> 75.562508 | I59: 5.7022764 | J59: =VLOOKUP(B59,'LIBOR 1m'!D:F,3,0) -> 0.193 | K59: =VLOOKUP(B59,'Refi%'!AE:AF,2,0) -> 0.55419124 | L59: =VLOOKUP(B59,'Refi%'!AH:AI,2,0) -> 0.54454895 | M59: 1589.5 | N59: =VLOOKUP(B59,'Realized Vol'!H:J,2,0) -> 2.8018988 | O59: =VLOOKUP(B59,'Realized Vol'!H:J,3,0) -> -13.254823 | P59: =VLOOKUP(B59,'Return&Carry'!B:E,4,0)*100 -> -1.5878158
B60: 42307 | C60: ='Return&Carry'!C58*100 -> 0.19308 | D60: ='Return&Carry'!I59 -> 42.354177 | E60: ='Return&Carry'!D58*100 -> 0.55736 | F60: =VLOOKUP(TEXT(B60,"yyyy-mm-dd"),OneWeekMtgRatesDataTable7[],4,0)*SQRT(225)*100 -> 66.444255 | G60: =VLOOKUP(B60,'Yield Curve'!B:G,6,0)*100 -> 141.6 | H60: =VLOOKUP(B60,'ppm risk premium'!C:J,8,0)*100 -> 70.099645 | I60: 5.6929226 | J60: =VLOOKUP(B60,'LIBOR 1m'!D:F,3,0) -> 0.192 | K60: =VLOOKUP(B60,'Refi%'!AE:AF,2,0) -> 0.52637943 | L60: =VLOOKUP(B60,'Refi%'!AH:AI,2,0) -> 0.49795875 | M60: 1548.6 | N60: =VLOOKUP(B60,'Realized Vol'!H:J,2,0) -> 2.8444181 | O60: =VLOOKUP(B60,'Realized Vol'!H:J,3,0) -> 4.2519296 | P60: =VLOOKUP(B60,'Return&Carry'!B:E,4,0)*100 -> -0.13092872
B61: 42338 | C61: ='Return&Carry'!C59*100 -> 2.3941 | D61: ='Return&Carry'!I60 -> 2.7201383 | E61: ='Return&Carry'!D59*100 -> 0.54584 | F61: =VLOOKUP(TEXT(B61,"yyyy-mm-dd"),OneWeekMtgRatesDataTable7[],4,0)*SQRT(225)*100 -> 57.523447 | G61: =VLOOKUP(B61,'Yield Curve'!B:G,6,0)*100 -> 128.7 | H61: =VLOOKUP(B61,'ppm risk premium'!C:J,8,0)*100 -> 59.504813 | I61: 5.8931616 | J61: =VLOOKUP(B61,'LIBOR 1m'!D:F,3,0) -> 0.243 | K61: =VLOOKUP(B61,'Refi%'!AE:AF,2,0) -> 0.48084427 | L61: =VLOOKUP(B61,'Refi%'!AH:AI,2,0) -> 0.45629565 | M61: 1410.2 | N61: =VLOOKUP(B61,'Realized Vol'!H:J,2,0) -> 2.9474673 | O61: =VLOOKUP(B61,'Realized Vol'!H:J,3,0) -> 10.304916 | P61: =VLOOKUP(B61,'Return&Carry'!B:E,4,0)*100 -> 1.7776153
B62: 42369 | C62: ='Return&Carry'!C60*100 -> 1.144193 | D62: ='Return&Carry'!I61 -> 5.1687359 | E62: ='Return&Carry'!D60*100 -> 0.594921 | F62: =VLOOKUP(TEXT(B62,"yyyy-mm-dd"),OneWeekMtgRatesDataTable7[],4,0)*SQRT(225)*100 -> 59.88594 | G62: =VLOOKUP(B62,'Yield Curve'!B:G,6,0)*100 -> 121.7 | H62: =VLOOKUP(B62,'ppm risk premium'!C:J,8,0)*100 -> 55.771311 | I62: 5.97 | J62: =VLOOKUP(B62,'LIBOR 1m'!D:F,3,0) -> 0.4295 | K62: =VLOOKUP(B62,'Refi%'!AE:AF,2,0) -> 0.46126541 | L62: =VLOOKUP(B62,'Refi%'!AH:AI,2,0) -> 0.41899545 | M62: 1174.1 | N62: =VLOOKUP(B62,'Realized Vol'!H:J,2,0) -> 3.0053894 | O62: =VLOOKUP(B62,'Realized Vol'!H:J,3,0) -> 5.7922142 | P62: =VLOOKUP(B62,'Return&Carry'!B:E,4,0)*100 -> 1.3600137
B63: 42398 | C63: ='Return&Carry'!C61*100 -> -4.643 | D63: ='Return&Carry'!I62 -> 21.00007 | E63: ='Return&Carry'!D61*100 -> 0.744 | F63: =VLOOKUP(TEXT(B63,"yyyy-mm-dd"),OneWeekMtgRatesDataTable7[],4,0)*SQRT(225)*100 -> 56.504211 | G63: =VLOOKUP(B63,'Yield Curve'!B:G,6,0)*100 -> 115.6 | H63: =VLOOKUP(B63,'ppm risk premium'!C:J,8,0)*100 -> 85.231135 | I63: 5.3832849 | J63: =VLOOKUP(B63,'LIBOR 1m'!D:F,3,0) -> 0.425 | K63: =VLOOKUP(B63,'Refi%'!AE:AF,2,0) -> 0.62325064 | L63: =VLOOKUP(B63,'Refi%'!AH:AI,2,0) -> 0.59584332 | M63: 1726.6 | N63: =VLOOKUP(B63,'Realized Vol'!H:J,2,0) -> 2.6475345 | O63: =VLOOKUP(B63,'Realized Vol'!H:J,3,0) -> -35.785489 | P63: =VLOOKUP(B63,'Return&Carry'!B:E,4,0)*100 -> -2.0553532
B64: 42429 | C64: ='Return&Carry'!C62*100 -> -1.3916175 | D64: ='Return&Carry'!I63 -> -7 | E64: ='Return&Carry'!D62*100 -> 1.5813624 | F64: =VLOOKUP(TEXT(B64,"yyyy-mm-dd"),OneWeekMtgRatesDataTable7[],4,0)*SQRT(225)*100 -> 66.688669 | G64: =VLOOKUP(B64,'Yield Curve'!B:G,6,0)*100 -> 95.2 | H64: =VLOOKUP(B64,'ppm risk premium'!C:J,8,0)*100 -> 91.829483 | I64: 5.0705929 | J64: =VLOOKUP(B64,'LIBOR 1m'!D:F,3,0) -> 0.4405 | K64: =VLOOKUP(B64,'Refi%'!AE:AF,2,0) -> 0.66887904 | L64: =VLOOKUP(B64,'Refi%'!AH:AI,2,0) -> 0.62644641 | M64: 1992.9 | N64: =VLOOKUP(B64,'Realized Vol'!H:J,2,0) -> 2.5273546 | O64: =VLOOKUP(B64,'Realized Vol'!H:J,3,0) -> -12.017995 | P64: =VLOOKUP(B64,'Return&Carry'!B:E,4,0)*100 -> 0.51569268
B65: 42460 | C65: ='Return&Carry'!C63*100 -> 3.71096 | D65: ='Return&Carry'!I64 -> -6.080912 | E65: ='Return&Carry'!D63*100 -> 1.4346 | F65: =VLOOKUP(TEXT(B65,"yyyy-mm-dd"),OneWeekMtgRatesDataTable7[],4,0)*SQRT(225)*100 -> 65.422682 | G65: =VLOOKUP(B65,'Yield Curve'!B:G,6,0)*100 -> 105 | H65: =VLOOKUP(B65,'ppm risk premium'!C:J,8,0)*100 -> 93.10241 | I65: 5.1617922 | J65: =VLOOKUP(B65,'LIBOR 1m'!D:F,3,0) -> 0.43725 | K65: =VLOOKUP(B65,'Refi%'!AE:AF,2,0) -> 0.69383998 | L65: =VLOOKUP(B65,'Refi%'!AH:AI,2,0) -> 0.65199252 | M65: 1671.6 | N65: =VLOOKUP(B65,'Realized Vol'!H:J,2,0) -> 2.5397622 | O65: =VLOOKUP(B65,'Realized Vol'!H:J,3,0) -> 1.2407582 | P65: =VLOOKUP(B65,'Return&Carry'!B:E,4,0)*100 -> 1.3334686
B66: 42489 | C66: ='Return&Carry'!C64*100 -> 1.9170625 | D66: ='Return&Carry'!I65 -> -12.112024 | E66: ='Return&Carry'!D64*100 -> 1.0033953 | F66: =VLOOKUP(TEXT(B66,"yyyy-mm-dd"),OneWeekMtgRatesDataTable7[],4,0)*SQRT(225)*100 -> 62.627254 | G66: =VLOOKUP(B66,'Yield Curve'!B:G,6,0)*100 -> 104.7 | H66: =VLOOKUP(B66,'ppm risk premium'!C:J,8,0)*100 -> 93.746825 | I66: 5.1957184 | J66: =VLOOKUP(B66,'LIBOR 1m'!D:F,3,0) -> 0.43575 | K66: =VLOOKUP(B66,'Refi%'!AE:AF,2,0) -> 0.71527101 | L66: =VLOOKUP(B66,'Refi%'!AH:AI,2,0) -> 0.64269336 | M66: 1910.1 | N66: =VLOOKUP(B66,'Realized Vol'!H:J,2,0) -> 2.5646427 | O66: =VLOOKUP(B66,'Realized Vol'!H:J,3,0) -> 2.4880544 | P66: =VLOOKUP(B66,'Return&Carry'!B:E,4,0)*100 -> 1.2948296
B67: 42521 | C67: ='Return&Carry'!C65*100 -> 1.4548599 | D67: ='Return&Carry'!I66 -> -49.120471 | E67: ='Return&Carry'!D65*100 -> 0.99210031 | F67: =VLOOKUP(TEXT(B67,"yyyy-mm-dd"),OneWeekMtgRatesDataTable7[],4,0)*SQRT(225)*100 -> 56.097803 | G67: =VLOOKUP(B67,'Yield Curve'!B:G,6,0)*100 -> 95.5 | H67: =VLOOKUP(B67,'ppm risk premium'!C:J,8,0)*100 -> 91.377286 | I67: 5.2336141 | J67: =VLOOKUP(B67,'LIBOR 1m'!D:F,3,0) -> 0.46885 | K67: =VLOOKUP(B67,'Refi%'!AE:AF,2,0) -> 0.69065373 | L67: =VLOOKUP(B67,'Refi%'!AH:AI,2,0) -> 0.6300681 | M67: 1770.1 | N67: =VLOOKUP(B67,'Realized Vol'!H:J,2,0) -> 2.5912536 | O67: =VLOOKUP(B67,'Realized Vol'!H:J,3,0) -> 2.6610926 | P67: =VLOOKUP(B67,'Return&Carry'!B:E,4,0)*100 -> 3.5984196
B68: 42551 | C68: ='Return&Carry'!C66*100 -> 0.16153614 | D68: ='Return&Carry'!I67 -> -21.292388 | E68: ='Return&Carry'!D66*100 -> 1.4593297 | F68: =VLOOKUP(TEXT(B68,"yyyy-mm-dd"),OneWeekMtgRatesDataTable7[],4,0)*SQRT(225)*100 -> 58.788791 | G68: =VLOOKUP(B68,'Yield Curve'!B:G,6,0)*100 -> 90 | H68: =VLOOKUP(B68,'ppm risk premium'!C:J,8,0)*100 -> 115.11304 | I68: 4.6460953 | J68: =VLOOKUP(B68,'LIBOR 1m'!D:F,3,0) -> 0.46505 | K68: =VLOOKUP(B68,'Refi%'!AE:AF,2,0) -> 0.83531806 | L68: =VLOOKUP(B68,'Refi%'!AH:AI,2,0) -> 0.77887031 | M68: 2081.2 | N68: =VLOOKUP(B68,'Realized Vol'!H:J,2,0) -> 2.2474864 | O68: =VLOOKUP(B68,'Realized Vol'!H:J,3,0) -> -34.376726 | P68: =VLOOKUP(B68,'Return&Carry'!B:E,4,0)*100 -> 1.971612
B69: 42580 | C69: ='Return&Carry'!C67*100 -> 1.5508709 | D69: ='Return&Carry'!I68 -> 27.775417 | E69: ='Return&Carry'!D67*100 -> 1.5573207 | F69: =VLOOKUP(TEXT(B69,"yyyy-mm-dd"),OneWeekMtgRatesDataTable7[],4,0)*SQRT(225)*100 -> 59.179755 | G69: =VLOOKUP(B69,'Yield Curve'!B:G,6,0)*100 -> 79.3 | H69: =VLOOKUP(B69,'ppm risk premium'!C:J,8,0)*100 -> 112.416 | I69: 4.4365051 | J69: =VLOOKUP(B69,'LIBOR 1m'!D:F,3,0) -> 0.4959 | K69: =VLOOKUP(B69,'Refi%'!AE:AF,2,0) -> 0.82208103 | L69: =VLOOKUP(B69,'Refi%'!AH:AI,2,0) -> 0.75066686 | M69: 2333 | N69: =VLOOKUP(B69,'Realized Vol'!H:J,2,0) -> 2.2658761 | O69: =VLOOKUP(B69,'Realized Vol'!H:J,3,0) -> 1.8389701 | P69: =VLOOKUP(B69,'Return&Carry'!B:E,4,0)*100 -> 4.1534439

Sheet Return&Carry
G1: IOS Index
B2: Date | C2: Monthly Hedge Return (%) | D2: IOS + TBA Carry (%) | E2: IOS + TBA + Curve Monthly Return (%) | G2: IOS | K2: IOS + TBA*
B3: 40633 | C3: =K4 -> 0.032147753 | D3: =J4 -> 0.010991114 | G3: Date | H3: Monthly Return (%) | I3: OAS | J3: IOS + TBA Carry (%) | K3: Monthly Return (%)
B4: 40662 | C4: =K5 -> 0.039945301 | D4: =J5 -> 0.010984369 | G4: 40633 | H4: 0.036885208 | I4: 12.454245 | J4: 0.010991114 | K4: 0.032147753
B5: 40694 | C5: =K6 -> 0.036836949 | D5: =J6 -> 0.012359979 | G5: 40662 | H5: 0.01824177 | I5: -13.523942 | J5: 0.010984369 | K5: 0.039945301
B6: 40724 | C6: =K7 -> -0.0089725231 | D6: =J7 -> 0.011611305 | G6: 40694 | H6: 0.0095136889 | I6: -39.195911 | J6: 0.012359979 | K6: 0.036836949
B7: 40753 | C7: =K8 -> -0.0070542452 | D7: =J8 -> 0.0094859999 | G7: 40724 | H7: 0.014594354 | I7: -71.812763 | J7: 0.011611305 | K7: -0.0089725231
B8: 40786 | C8: =K9 -> -0.12940149 | D8: =J9 -> 0.0098897456 | G8: 40753 | H8: -0.056499118 | I8: 14.555567 | J8: 0.0094859999 | K8: -0.0070542452
B9: 40816 | C9: =K10 -> -0.10646399 | D9: =J10 -> 0.014023414 | G9: 40786 | H9: -0.20415555 | I9: 413.13076 | J9: 0.0098897456 | K9: -0.12940149
B10: 40847 | C10: =K11 -> 0.023593585 | D10: =J11 -> 0.012905992 | G10: 40816 | H10: -0.18608869 | I10: 707.36595 | J10: 0.014023414 | K10: -0.10646399
B11: 40877 | C11: =K12 -> 0.014407939 | D11: =J12 -> 0.0070135917 | G11: 40847 | H11: 0.052849339 | I11: 688.11427 | J11: 0.012905992 | K11: 0.023593585
B12: 40907 | C12: =K13 -> 0.005832688 | D12: =J13 -> 0.0039545841 | G12: 40877 | H12: -0.0070201413 | I12: 623.10169 | J12: 0.0070135917 | K12: 0.014407939
B13: 40939 | C13: =K14 -> -0.030247515 | D13: =J14 -> 0.0093155585 | G13: 40907 | H13: -0.027877514 | I13: 610.59818 | J13: 0.0039545841 | K13: 0.005832688
B14: 40968 | C14: =K15 -> 0.11557044 | D14: =J15 -> 0.017106233 | G14: 40939 | H14: -0.088730633 | I14: 465.33199 | J14: 0.0093155585 | K14: -0.030247515
B15: 40998 | C15: =K16 -> 0.07140025 | D15: =J16 -> 0.010372253 | G15: 40968 | H15: 0.1267261 | I15: 220.00245 | J15: 0.017106233 | K15: 0.11557044
... B48: 42004 | C48: =K49 -> -0.01582885 | D48: =J49 -> 0.011149482 | G48: 41971 | H48: -0.033127567 | I48: -67.681506 | J48: 0.010005318 | K48: -0.0029385887
B49: 42034 | C49: =K50 -> -0.1182102 | D49: =J50 -> 0.0110378 | E49: -0.089367824 | G49: 42004 | H49: -0.026017102 | I49: -82.306012 | J49: 0.011149482 | K49: -0.01582885
B50: 42062 | C50: =K51 -> 0.1115765 | D50: =J51 -> 0.0162244 | E50: 0.055289116 | G50: 42034 | H50: -0.187301 | I50: 65 | J50: 0.0110378 | K50: -0.1182102
B51: 42094 | C51: =K52 -> -0.0070144 | D51: =J52 -> 0.0098971 | E51: 0.011795069 | G51: 42062 | H51: 0.167289 | I51: -87 | J51: 0.0162244 | K51: 0.1115765
B52: 42124 | C52: =K53 -> 0.0520696 | D52: =J53 -> 0.0023842 | E52: 0.011911914 | G52: 42094 | H52: -0.026037 | I52: -97 | J52: 0.0098971 | K52: -0.0070144
B53: 42153 | C53: =K54 -> 0.0125011 | D53: =J54 -> 0.0036718 | E53: -0.016640711 | G53: 42124 | H53: 0.060751 | I53: 28 | J53: 0.0023842 | K53: 0.0520696
B54: =G55 -> 42185 | C54: =K55 -> 0.0467899 | D54: =J55 -> 0.0032145 | E54: -0.0065968608 | G54: 42153 | H54: 0.017461 | I54: 27 | J54: 0.0036718 | K54: 0.0125011
B55: 42216 | C55: =K56 -> -0.0154512 | D55: =J56 -> 0.001851 | E55: 0.011808852 | G55: 42185 | H55: 0.091753 | I55: 10 | J55: 0.0032145 | K55: 0.0467899 | N55: 0.0031759822
B56: 42247 | C56: =K57 -> 0.001421 | D56: =J57 -> 0.0048585 | E56: -0.015282507 | G56: 42216 | H56: -0.043299 | I56: 14 | J56: 0.001851 | K56: -0.0154512
B57: 42277 | C57: =K58 -> -0.0124888 | D57: =J58 -> 0.0060951 | E57: -0.015878158 | G57: 42247 | H57: -0.002052 | I57: 21 | J57: 0.0048585 | K57: 0.001421
B58: 42307 | C58: =K59 -> 0.0019308 | D58: =J59 -> 0.0055736 | E58: -0.0013092872 | G58: 42277 | H58: -0.039848 | I58: 40 | J58: 0.0060951 | K58: -0.0124888
B59: 42338 | C59: =K60 -> 0.023941 | D59: =J60 -> 0.0054584 | E59: 0.017776153 | G59: 42307 | H59: 0.0036549 | I59: 42.354177 | J59: 0.0055736 | K59: 0.0019308
B60: 42369 | C60: =K61 -> 0.01144193 | D60: =J61 -> 0.00594921 | E60: 0.013600137 | G60: 42338 | H60: 0.0360099 | I60: 2.7201383 | J60: 0.0054584 | K60: 0.023941
B61: =G62 -> 42398 | C61: =K62 -> -0.04643 | D61: =J62 -> 0.00744 | E61: -0.020553532 | G61: 42369 | H61: 0.01644585 | I61: 5.1687359 | J61: 0.00594921 | K61: 0.01144193
B62: =G63 -> 42429 | C62: =K63 -> -0.013916175 | D62: =J63 -> 0.015813624 | E62: 0.0051569268 | G62: 42398 | H62: -0.10096 | I62: 21.00007 | J62: 0.00744 | K62: -0.04643
B63: =G64 -> 42460 | C63: =K64 -> 0.0371096 | D63: =J64 -> 0.014346 | E63: 0.013334686 | G63: 42429 | H63: -0.05336433 | I63: -7 | J63: 0.015813624 | K63: -0.013916175
B64: =G65 -> 42489 | C64: =K65 -> 0.019170625 | D64: =J65 -> 0.010033953 | E64: 0.012948296 | G64: 42460 | H64: 0.0207068 | I64: -6.080912 | J64: 0.014346 | K64: 0.0371096
B65: =G66 -> 42521 | C65: =K66 -> 0.014548599 | D65: =J66 -> 0.0099210031 | E65: 0.035984196 | G65: 42489 | H65: 0.0071656588 | I65: -12.112024 | J65: 0.010033953 | K65: 0.019170625
B66: =G67 -> 42551 | C66: =K67 -> 0.0016153614 | D66: =J67 -> 0.014593297 | E66: 0.01971612 | G66: 42521 | H66: 0.007286343 | I66: -49.120471 | J66: 0.0099210031 | K66: 0.014548599
B67: =G68 -> 42580 | C67: =K68 -> 0.015508709 | D67: =J68 -> 0.015573207 | E67: 0.041534439 | G67: 42551 | H67: -0.11389447 | I67: -21.292388 | J67: 0.014593297 | K67: 0.0016153614
G68: 42580 | H68: -0.044465962 | I68: 27.775417 | J68: 0.015573207 | K68: 0.015508709

Sheet Realized Vol
A1: AsOfDate | B1: SeriesNumValue | C1: dy | D1: vol1 | H1: Current Coupon Monthly Changes
A2: 2016-08-02 | B2: 2.3285238 | C2: =B2-B3 -> 0.03819809 | D2: =STDEV(C2:C61) -> 0.039786412 | H2: Date | I2: Current Coupon | J2: Changes
A3: 2016-08-01 | B3: 2.2903257 | C3: =B3-B4 -> 0.024449626 | D3: =STDEV(C3:C62) -> 0.039418423 | H3: ='Data Set'!B5 -> 40633 | I3: =VLOOKUP(TEXT(H3,"yyyy-mm-dd"),A:B,2,0) -> 4.2632122
A4: 2016-07-29 | B4: 2.2658761 | C4: =B4-B5 -> -0.055618841 | D4: =STDEV(C4:C63) -> 0.03945317 | H4: ='Data Set'!B6 -> 40662 | I4: =VLOOKUP(TEXT(H4,"yyyy-mm-dd"),A:B,2,0) -> 4.0911415 | J4: =(I4-I3)*100 -> -17.207069
A5: 2016-07-28 | B5: 2.3214949 | C5: =B5-B6 -> -0.020044751 | D5: =STDEV(C5:C64) -> 0.038899874 | H5: ='Data Set'!B7 -> 40694 | I5: =VLOOKUP(TEXT(H5,"yyyy-mm-dd"),A:B,2,0) -> 3.9323543 | J5: =(I5-I4)*100 -> -15.878724
A6: 2016-07-27 | B6: 2.3415397 | C6: =B6-B7 -> -0.04977488 | D6: =STDEV(C6:C65) -> 0.039539366 | H6: ='Data Set'!B8 -> 40724 | I6: =VLOOKUP(TEXT(H6,"yyyy-mm-dd"),A:B,2,0) -> 4.0210178 | J6: =(I6-I5)*100 -> 8.8663527
A7: 2016-07-26 | B7: 2.3913145 | C7: =B7-B8 -> 0.0085805126 | D7: =STDEV(C7:C66) -> 0.039564175 | H7: ='Data Set'!B9 -> 40753 | I7: =VLOOKUP(TEXT(H7,"yyyy-mm-dd"),A:B,2,0) -> 3.8088239 | J7: =(I7-I6)*100 -> -21.219393
A8: 2016-07-25 | B8: 2.382734 | C8: =B8-B9 -> 0.010366099 | D8: =STDEV(C8:C67) -> 0.039580197 | H8: ='Data Set'!B10 -> 40786 | I8: =VLOOKUP(TEXT(H8,"yyyy-mm-dd"),A:B,2,0) -> 3.4273948 | J8: =(I8-I7)*100 -> -38.142906
A9: 2016-07-22 | B9: 2.3723679 | C9: =B9-B10 -> 0.021502193 | D9: =STDEV(C9:C68) -> 0.039948336 | H9: ='Data Set'!B11 -> 40816 | I9: =VLOOKUP(TEXT(H9,"yyyy-mm-dd"),A:B,2,0) -> 3.0385262 | J9: =(I9-I8)*100 -> -38.886865
A10: 2016-07-21 | B10: 2.3508657 | C10: =B10-B11 -> 0.0040876676 | D10: =STDEV(C10:C69) -> 0.040162114 | H10: ='Data Set'!B12 -> 40847 | I10: =VLOOKUP(TEXT(H10,"yyyy-mm-dd"),A:B,2,0) -> 3.251577 | J10: =(I10-I9)*100 -> 21.305085
A11: 2016-07-20 | B11: 2.3467781 | C11: =B11-B12 -> 0.018745035 | D11: =STDEV(C11:C70) -> 0.040227536 | H11: ='Data Set'!B13 -> 40877 | I11: =VLOOKUP(TEXT(H11,"yyyy-mm-dd"),A:B,2,0) -> 3.1770193 | J11: =(I11-I10)*100 -> -7.4557679
A12: 2016-07-19 | B12: 2.328033 | C12: =B12-B13 -> -0.026675417 | D12: =STDEV(C12:C71) -> 0.04013471 | H12: ='Data Set'!B14 -> 40907 | I12: =VLOOKUP(TEXT(H12,"yyyy-mm-dd"),A:B,2,0) -> 3.0169009 | J12: =(I12-I11)*100 -> -16.011846
A13: 2016-07-18 | B13: 2.3547085 | C13: =B13-B14 -> -0.0040487962 | D13: =STDEV(C13:C72) -> 0.040118041 | H13: ='Data Set'!B15 -> 40939 | I13: =VLOOKUP(TEXT(H13,"yyyy-mm-dd"),A:B,2,0) -> 2.7762953 | J13: =(I13-I12)*100 -> -24.060559
A14: 2016-07-15 | B14: 2.3587572 | C14: =B14-B15 -> 0.045484382 | D14: =STDEV(C14:C73) -> 0.040202572 | H14: ='Data Set'!B16 -> 40968 | I14: =VLOOKUP(TEXT(H14,"yyyy-mm-dd"),A:B,2,0) -> 2.8817315 | J14: =(I14-I13)*100 -> 10.543628
A15: 2016-07-14 | B15: 2.3132729 | C15: =B15-B16 -> 0.035189356 | D15: =STDEV(C15:C74) -> 0.041210995 | H15: ='Data Set'!B17 -> 40998 | I15: =VLOOKUP(TEXT(H15,"yyyy-mm-dd"),A:B,2,0) -> 3.0669216 | J15: =(I15-I14)*100 -> 18.519003
... A65: 2016-05-03 | B65: 2.5475266 | C65: =B65-B66 -> -0.060794821 | D65: =STDEV(C65:C124) -> 0.042848646 | H65: ='Data Set'!B67 -> 42521 | I65: =VLOOKUP(TEXT(H65,"yyyy-mm-dd"),A:B,2,0) -> 2.5912536 | J65: =(I65-I64)*100 -> 2.6610926
A66: 2016-05-02 | B66: 2.6083214 | C66: =B66-B67 -> 0.043678695 | D66: =STDEV(C66:C125) -> 0.042141132 | H66: 42551 | I66: =VLOOKUP(TEXT(H66,"yyyy-mm-dd"),A:B,2,0) -> 2.2474864 | J66: =(I66-I65)*100 -> -34.376726
A67: 2016-04-29 | B67: 2.5646427 | C67: =B67-B68 -> -0.017647673 | D67: =STDEV(C67:C126) -> 0.041751503 | H67: 42580 | I67: =VLOOKUP(TEXT(H67,"yyyy-mm-dd"),A:B,2,0) -> 2.2658761 | J67: =(I67-I66)*100 -> 1.8389701
A68: 2016-04-28 | B68: 2.5822904 | C68: =B68-B69 -> -0.047722864 | D68: =STDEV(C68:C127) -> 0.041693693
A69: 2016-04-27 | B69: 2.6300132 | C69: =B69-B70 -> -0.046152892 | D69: =STDEV(C69:C128) -> 0.042879963
A70: 2016-04-26 | B70: 2.6761661 | C70: =B70-B71 -> 0.014642798 | D70: =STDEV(C70:C129) -> 0.04320438
A71: 2016-04-25 | B71: 2.6615233 | C71: =B71-B72 -> 0.0064988294 | D71: =STDEV(C71:C130) -> 0.043843734
A72: 2016-04-22 | B72: 2.6550245 | C72: =B72-B73 -> 0.014548096 | D72: =STDEV(C72:C131) -> 0.043982284
A73: 2016-04-21 | B73: 2.6404764 | C73: =B73-B74 -> 0.015421669 | D73: =STDEV(C73:C132) -> 0.043938861
A74: 2016-04-20 | B74: 2.6250547 | C74: =B74-B75 -> 0.081337936 | D74: =STDEV(C74:C133) -> 0.044137873
A75: 2016-04-19 | B75: 2.5437168 | C75: =B75-B76 -> 0.025603603 | D75: =STDEV(C75:C134) -> 0.042786777
A76: 2016-04-18 | B76: 2.5181132 | C76: =B76-B77 -> 0.0098083207 | D76: =STDEV(C76:C135) -> 0.042779969
A77: 2016-04-15 | B77: 2.5083049 | C77: =B77-B78 -> -0.0047670556 | D77: =STDEV(C77:C136) -> 0.042891471
A78: 2016-04-14 | B78: 2.5130719 | C78: =B78-B79 -> 0.00096758334 | D78: =STDEV(C78:C137) -> 0.043274968
A79: 2016-04-13 | B79: 2.5121043 | C79: =B79-B80 -> -0.013039854 | D79: =STDEV(C79:C138) -> 0.043290061
... A1813: 2009-05-07 | B1813: 4.0854192 | C1813: =B1813-B1814 -> 4.0854192 | D1813: =STDEV(C1813:C1872) -> #DIV/0!

Sheet Yield Curve
C3: Treasury Yields
B4: Date | C4: 2 | D4: 5 | E4: 10 | F4: 30 | G4: 10-2
B5: ='Data Set'!B5 -> 40633 | C5: =[1]!YBHIST("2 Year Treasury",$B5,"YldtoMat","govt","") -> 0.786 | D5: =[1]!YBHIST("5 Year Treasury",$B5,"YldtoMat","govt","") -> 2.223 | E5: =[1]!YBHIST("10 Year Treasury",$B5,"YldtoMat","govt","") -> 3.45 | F5: =[1]!YBHIST("30 Year Treasury",$B5,"YldtoMat","govt","") -> 4.507 | G5: =E5-C5 -> 2.664
B6: ='Data Set'!B6 -> 40662 | C6: =[1]!YBHIST("2 Year Treasury",$B6,"YldtoMat","govt","") -> 0.605 | D6: =[1]!YBHIST("5 Year Treasury",$B6,"YldtoMat","govt","") -> 1.97 | E6: =[1]!YBHIST("10 Year Treasury",$B6,"YldtoMat","govt","") -> 3.292 | F6: =[1]!YBHIST("30 Year Treasury",$B6,"YldtoMat","govt","") -> 4.404 | G6: =E6-C6 -> 2.687
B7: ='Data Set'!B7 -> 40694 | C7: =[1]!YBHIST("2 Year Treasury",$B7,"YldtoMat","govt","") -> 0.465 | D7: =[1]!YBHIST("5 Year Treasury",$B7,"YldtoMat","govt","") -> 1.686 | E7: =[1]!YBHIST("10 Year Treasury",$B7,"YldtoMat","govt","") -> 3.05 | F7: =[1]!YBHIST("30 Year Treasury",$B7,"YldtoMat","govt","") -> 4.215 | G7: =E7-C7 -> 2.585
B8: ='Data Set'!B8 -> 40724 | C8: =[1]!YBHIST("2 Year Treasury",$B8,"YldtoMat","govt","") -> 0.458 | D8: =[1]!YBHIST("5 Year Treasury",$B8,"YldtoMat","govt","") -> 1.754 | E8: =[1]!YBHIST("10 Year Treasury",$B8,"YldtoMat","govt","") -> 3.158 | F8: =[1]!YBHIST("30 Year Treasury",$B8,"YldtoMat","govt","") -> 4.382 | G8: =E8-C8 -> 2.7
B9: ='Data Set'!B9 -> 40753 | C9: =[1]!YBHIST("2 Year Treasury",$B9,"YldtoMat","govt","") -> 0.363 | D9: =[1]!YBHIST("5 Year Treasury",$B9,"YldtoMat","govt","") -> 1.369 | E9: =[1]!YBHIST("10 Year Treasury",$B9,"YldtoMat","govt","") -> 2.802 | F9: =[1]!YBHIST("30 Year Treasury",$B9,"YldtoMat","govt","") -> 4.133 | G9: =E9-C9 -> 2.439
B10: ='Data Set'!B10 -> 40786 | C10: =[1]!YBHIST("2 Year Treasury",$B10,"YldtoMat","govt","") -> 0.2 | D10: =[1]!YBHIST("5 Year Treasury",$B10,"YldtoMat","govt","") -> 0.95 | E10: =[1]!YBHIST("10 Year Treasury",$B10,"YldtoMat","govt","") -> 2.222 | F10: =[1]!YBHIST("30 Year Treasury",$B10,"YldtoMat","govt","") -> 3.595 | G10: =E10-C10 -> 2.022
B11: ='Data Set'!B11 -> 40816 | C11: =[1]!YBHIST("2 Year Treasury",$B11,"YldtoMat","govt","") -> 0.251 | D11: =[1]!YBHIST("5 Year Treasury",$B11,"YldtoMat","govt","") -> 0.963 | E11: =[1]!YBHIST("10 Year Treasury",$B11,"YldtoMat","govt","") -> 1.924 | F11: =[1]!YBHIST("30 Year Treasury",$B11,"YldtoMat","govt","") -> 2.92 | G11: =E11-C11 -> 1.673
B12: ='Data Set'!B12 -> 40847 | C12: =[1]!YBHIST("2 Year Treasury",$B12,"YldtoMat","govt","") -> 0.258 | D12: =[1]!YBHIST("5 Year Treasury",$B12,"YldtoMat","govt","") -> 1.006 | E12: =[1]!YBHIST("10 Year Treasury",$B12,"YldtoMat","govt","") -> 2.166 | F12: =[1]!YBHIST("30 Year Treasury",$B12,"YldtoMat","govt","") -> 3.199 | G12: =E12-C12 -> 1.908
B13: ='Data Set'!B13 -> 40877 | C13: =[1]!YBHIST("2 Year Treasury",$B13,"YldtoMat","govt","") -> 0.254 | D13: =[1]!YBHIST("5 Year Treasury",$B13,"YldtoMat","govt","") -> 0.949 | E13: =[1]!YBHIST("10 Year Treasury",$B13,"YldtoMat","govt","") -> 2.063 | F13: =[1]!YBHIST("30 Year Treasury",$B13,"YldtoMat","govt","") -> 3.061 | G13: =E13-C13 -> 1.809
B14: ='Data Set'!B14 -> 40907 | C14: =[1]!YBHIST("2 Year Treasury",$B14,"YldtoMat","govt","") -> 0.247 | D14: =[1]!YBHIST("5 Year Treasury",$B14,"YldtoMat","govt","") -> 0.837 | E14: =[1]!YBHIST("10 Year Treasury",$B14,"YldtoMat","govt","") -> 1.876 | F14: =[1]!YBHIST("30 Year Treasury",$B14,"YldtoMat","govt","") -> 2.89 | G14: =E14-C14 -> 1.629
B15: ='Data Set'!B15 -> 40939 | C15: =[1]!YBHIST("2 Year Treasury",$B15,"YldtoMat","govt","") -> 0.215 | D15: =[1]!YBHIST("5 Year Treasury",$B15,"YldtoMat","govt","") -> 0.709 | E15: =[1]!YBHIST("10 Year Treasury",$B15,"YldtoMat","govt","") -> 1.799 | F15: =[1]!YBHIST("30 Year Treasury",$B15,"YldtoMat","govt","") -> 2.934 | G15: =E15-C15 -> 1.584
B16: ='Data Set'!B16 -> 40968 | C16: =[1]!YBHIST("2 Year Treasury",$B16,"YldtoMat","govt","") -> 0.301 | D16: =[1]!YBHIST("5 Year Treasury",$B16,"YldtoMat","govt","") -> 0.873 | E16: =[1]!YBHIST("10 Year Treasury",$B16,"YldtoMat","govt","") -> 1.979 | F16: =[1]!YBHIST("30 Year Treasury",$B16,"YldtoMat","govt","") -> 3.086 | G16: =E16-C16 -> 1.678
... B69: ='Data Set'!B69 -> 42580 | C69: =[1]!YBHIST("2 Year Treasury",$B69,"YldtoMat","govt","") -> 0.663 | D69: =[1]!YBHIST("5 Year Treasury",$B69,"YldtoMat","govt","") -> 1.032 | E69: =[1]!YBHIST("10 Year Treasury",$B69,"YldtoMat","govt","") -> 1.456 | F69: =[1]!YBHIST("30 Year Treasury",$B69,"YldtoMat","govt","") -> 2.181 | G69: =E69-C69 -> 0.793

Sheet ppm risk premium
D3: Avg WAC | E3: Survey Rate | F3: Risk Premium(Weekly) | G3: CurretCoupon | H3: ServSpread | I3: Daily Mtg Rate | J3: Risk Premium(Daily) | L3: asOf | M3: MonthEnd | N3: AVGWAC | P3: asOf | Q3: Column1 | R3: RawRate | S3: Points | T3: Rate | V3: AsOfDate | W3: TickerName | X3: SeriesNumValue | Z3: AsofDate | AA3: ServicingSpread
C4: ='Data Set'!B5 -> 40633 | D4: =VLOOKUP(C4,M:N,2,0) -> 5.5386981 | E4: =VLOOKUP(C4,Q:T,4,0) -> 4.795 | F4: =D4-E4 -> 0.74369809 | G4: =VLOOKUP(TEXT(C4,"yyyy-mm-dd"),V:X,3,0) -> 4.2632122 | H4: =VLOOKUP(TEXT(C4,"yyyy-mm-dd"),Z:AA,2,0) -> 0.52011487 | I4: =G4+H4 -> 4.7833271 | J4: =D4-I4 -> 0.75537102 | L4: 42583 | M4: =IF(WEEKDAY(DATE(YEAR(L4),MONTH(L4)+1,0),2)=6,DATE(YEAR(L4),MONTH(L4)+1,0)-1,IF(WEEKDAY(DATE(YEAR(L4),MONTH(L4)+1,0),2)=7,DATE(YEAR(L4),MONTH(L4)+1,0)-2,DATE(YEAR(L4),MONTH(L4)+1,0))) -> 42613 | N4: 4.0313508 | P4: 2016-07-27 | Q4: =DATE(YEAR(OneWeekMtgRatesDataTable75[[#This Row],[asOf]]),MONTH(OneWeekMtgRatesDataTable75[[#This Row],[asOf]]),DAY(OneWeekMtgRatesDataTable75[[#This Row],[asOf]])) -> 42578 | R4: 3.48 | S4: 0.5 | T4: 3.355 | V4: 2016-08-02 | W4: FN_CMM_30Yr | X4: 2.3285238 | Z4: 2016-08-02 | AA4: 0.98723562
C5: ='Data Set'!B6 -> 40662 | D5: =VLOOKUP(C5,M:N,2,0) -> 5.5269247 | E5: =VLOOKUP(C5,Q:T,4,0) -> 4.635 | F5: =D5-E5 -> 0.8919247 | G5: =VLOOKUP(TEXT(C5,"yyyy-mm-dd"),V:X,3,0) -> 4.0911415 | H5: =VLOOKUP(TEXT(C5,"yyyy-mm-dd"),Z:AA,2,0) -> 0.52643167 | I5: =G5+H5 -> 4.6175732 | J5: =D5-I5 -> 0.90935152 | L5: 42552 | M5: =IF(WEEKDAY(DATE(YEAR(L5),MONTH(L5)+1,0),2)=6,DATE(YEAR(L5),MONTH(L5)+1,0)-1,IF(WEEKDAY(DATE(YEAR(L5),MONTH(L5)+1,0),2)=7,DATE(YEAR(L5),MONTH(L5)+1,0)-2,DATE(YEAR(L5),MONTH(L5)+1,0))) -> 42580 | N5: 4.3772716 | P5: 2016-07-26 | Q5: =DATE(YEAR(OneWeekMtgRatesDataTable75[[#This Row],[asOf]]),MONTH(OneWeekMtgRatesDataTable75[[#This Row],[asOf]]),DAY(OneWeekMtgRatesDataTable75[[#This Row],[asOf]])) -> 42577 | R5: 3.48 | S5: 0.5 | T5: 3.355 | V5: 2016-08-01 | W5: FN_CMM_30Yr | X5: 2.2903257 | Z5: 2016-08-01 | AA5: 0.98723562
C6: ='Data Set'!B7 -> 40694 | D6: =VLOOKUP(C6,M:N,2,0) -> 5.516896 | E6: =VLOOKUP(C6,Q:T,4,0) -> 4.45 | F6: =D6-E6 -> 1.066896 | G6: =VLOOKUP(TEXT(C6,"yyyy-mm-dd"),V:X,3,0) -> 3.9323543 | H6: =VLOOKUP(TEXT(C6,"yyyy-mm-dd"),Z:AA,2,0) -> 0.53274006 | I6: =G6+H6 -> 4.4650943 | J6: =D6-I6 -> 1.0518016 | L6: 42522 | M6: =IF(WEEKDAY(DATE(YEAR(L6),MONTH(L6)+1,0),2)=6,DATE(YEAR(L6),MONTH(L6)+1,0)-1,IF(WEEKDAY(DATE(YEAR(L6),MONTH(L6)+1,0),2)=7,DATE(YEAR(L6),MONTH(L6)+1,0)-2,DATE(YEAR(L6),MONTH(L6)+1,0))) -> 42551 | N6: 4.3888062 | P6: 2016-07-25 | Q6: =DATE(YEAR(OneWeekMtgRatesDataTable75[[#This Row],[asOf]]),MONTH(OneWeekMtgRatesDataTable75[[#This Row],[asOf]]),DAY(OneWeekMtgRatesDataTable75[[#This Row],[asOf]])) -> 42576 | R6: 3.48 | S6: 0.5 | T6: 3.355 | V6: 2016-07-29 | W6: FN_CMM_30Yr | X6: 2.2658761 | Z6: 2016-07-29 | AA6: 0.98723562
C7: ='Data Set'!B8 -> 40724 | D7: =VLOOKUP(C7,M:N,2,0) -> 5.5064525 | E7: =VLOOKUP(C7,Q:T,4,0) -> 4.525 | F7: =D7-E7 -> 0.98145252 | G7: =VLOOKUP(TEXT(C7,"yyyy-mm-dd"),V:X,3,0) -> 4.0210178 | H7: =VLOOKUP(TEXT(C7,"yyyy-mm-dd"),Z:AA,2,0) -> 0.53031097 | I7: =G7+H7 -> 4.5513288 | J7: =D7-I7 -> 0.95512376 | L7: 42491 | M7: =IF(WEEKDAY(DATE(YEAR(L7),MONTH(L7)+1,0),2)=6,DATE(YEAR(L7),MONTH(L7)+1,0)-1,IF(WEEKDAY(DATE(YEAR(L7),MONTH(L7)+1,0),2)=7,DATE(YEAR(L7),MONTH(L7)+1,0)-2,DATE(YEAR(L7),MONTH(L7)+1,0))) -> 42521 | N7: 4.3996487 | P7: 2016-07-22 | Q7: =DATE(YEAR(OneWeekMtgRatesDataTable75[[#This Row],[asOf]]),MONTH(OneWeekMtgRatesDataTable75[[#This Row],[asOf]]),DAY(OneWeekMtgRatesDataTable75[[#This Row],[asOf]])) -> 42573 | R7: 3.48 | S7: 0.5 | T7: 3.355 | V7: 2016-07-28 | W7: FN_CMM_30Yr | X7: 2.3214949 | Z7: 2016-07-28 | AA7: 0.98723562
C8: ='Data Set'!B9 -> 40753 | D8: =VLOOKUP(C8,M:N,2,0) -> 5.4966047 | E8: =VLOOKUP(C8,Q:T,4,0) -> 4.34 | F8: =D8-E8 -> 1.1566047 | G8: =VLOOKUP(TEXT(C8,"yyyy-mm-dd"),V:X,3,0) -> 3.8088239 | H8: =VLOOKUP(TEXT(C8,"yyyy-mm-dd"),Z:AA,2,0) -> 0.55152112 | I8: =G8+H8 -> 4.360345 | J8: =D8-I8 -> 1.1362597 | L8: 42461 | M8: =IF(WEEKDAY(DATE(YEAR(L8),MONTH(L8)+1,0),2)=6,DATE(YEAR(L8),MONTH(L8)+1,0)-1,IF(WEEKDAY(DATE(YEAR(L8),MONTH(L8)+1,0),2)=7,DATE(YEAR(L8),MONTH(L8)+1,0)-2,DATE(YEAR(L8),MONTH(L8)+1,0))) -> 42489 | N8: 4.4094702 | P8: 2016-07-21 | Q8: =DATE(YEAR(OneWeekMtgRatesDataTable75[[#This Row],[asOf]]),MONTH(OneWeekMtgRatesDataTable75[[#This Row],[asOf]]),DAY(OneWeekMtgRatesDataTable75[[#This Row],[asOf]])) -> 42572 | R8: 3.48 | S8: 0.5 | T8: 3.355 | V8: 2016-07-27 | W8: FN_CMM_30Yr | X8: 2.3415397 | Z8: 2016-07-27 | AA8: 0.98469007
C9: ='Data Set'!B10 -> 40786 | D9: =VLOOKUP(C9,M:N,2,0) -> 5.4853483 | E9: =VLOOKUP(C9,Q:T,4,0) -> 4.145 | F9: =D9-E9 -> 1.3403483 | G9: =VLOOKUP(TEXT(C9,"yyyy-mm-dd"),V:X,3,0) -> 3.4273948 | H9: =VLOOKUP(TEXT(C9,"yyyy-mm-dd"),Z:AA,2,0) -> 0.75074778 | I9: =G9+H9 -> 4.1781426 | J9: =D9-I9 -> 1.3072057 | L9: 42430 | M9: =IF(WEEKDAY(DATE(YEAR(L9),MONTH(L9)+1,0),2)=6,DATE(YEAR(L9),MONTH(L9)+1,0)-1,IF(WEEKDAY(DATE(YEAR(L9),MONTH(L9)+1,0),2)=7,DATE(YEAR(L9),MONTH(L9)+1,0)-2,DATE(YEAR(L9),MONTH(L9)+1,0))) -> 42460 | N9: 4.4192941 | P9: 2016-07-20 | Q9: =DATE(YEAR(OneWeekMtgRatesDataTable75[[#This Row],[asOf]]),MONTH(OneWeekMtgRatesDataTable75[[#This Row],[asOf]]),DAY(OneWeekMtgRatesDataTable75[[#This Row],[asOf]])) -> 42571 | R9: 3.45 | S9: 0.5 | T9: 3.325 | V9: 2016-07-26 | W9: FN_CMM_30Yr | X9: 2.3913145 | Z9: 2016-07-26 | AA9: 0.98469007
C10: ='Data Set'!B11 -> 40816 | D10: =VLOOKUP(C10,M:N,2,0) -> 5.4705693 | E10: =VLOOKUP(C10,Q:T,4,0) -> 3.89 | F10: =D10-E10 -> 1.5805693 | G10: =VLOOKUP(TEXT(C10,"yyyy-mm-dd"),V:X,3,0) -> 3.0385262 | H10: =VLOOKUP(TEXT(C10,"yyyy-mm-dd"),Z:AA,2,0) -> 0.88375178 | I10: =G10+H10 -> 3.9222779 | J10: =D10-I10 -> 1.5482914 | L10: 42401 | M10: =IF(WEEKDAY(DATE(YEAR(L10),MONTH(L10)+1,0),2)=6,DATE(YEAR(L10),MONTH(L10)+1,0)-1,IF(WEEKDAY(DATE(YEAR(L10),MONTH(L10)+1,0),2)=7,DATE(YEAR(L10),MONTH(L10)+1,0)-2,DATE(YEAR(L10),MONTH(L10)+1,0))) -> 42429 | N10: 4.4265496 | P10: 2016-07-19 | Q10: =DATE(YEAR(OneWeekMtgRatesDataTable75[[#This Row],[asOf]]),MONTH(OneWeekMtgRatesDataTable75[[#This Row],[asOf]]),DAY(OneWeekMtgRatesDataTable75[[#This Row],[asOf]])) -> 42570 | R10: 3.45 | S10: 0.5 | T10: 3.325 | V10: 2016-07-25 | W10: FN_CMM_30Yr | X10: 2.382734 | Z10: 2016-07-25 | AA10: 0.98469007
C11: ='Data Set'!B12 -> 40847 | D11: =VLOOKUP(C11,M:N,2,0) -> 5.4564254 | E11: =VLOOKUP(C11,Q:T,4,0) -> 3.925 | F11: =D11-E11 -> 1.5314254 | G11: =VLOOKUP(TEXT(C11,"yyyy-mm-dd"),V:X,3,0) -> 3.251577 | H11: =VLOOKUP(TEXT(C11,"yyyy-mm-dd"),Z:AA,2,0) -> 0.72847915 | I11: =G11+H11 -> 3.9800561 | J11: =D11-I11 -> 1.4763692 | L11: 42370 | M11: =IF(WEEKDAY(DATE(YEAR(L11),MONTH(L11)+1,0),2)=6,DATE(YEAR(L11),MONTH(L11)+1,0)-1,IF(WEEKDAY(DATE(YEAR(L11),MONTH(L11)+1,0),2)=7,DATE(YEAR(L11),MONTH(L11)+1,0)-2,DATE(YEAR(L11),MONTH(L11)+1,0))) -> 42398 | N11: 4.4319261 | P11: 2016-07-18 | Q11: =DATE(YEAR(OneWeekMtgRatesDataTable75[[#This Row],[asOf]]),MONTH(OneWeekMtgRatesDataTable75[[#This Row],[asOf]]),DAY(OneWeekMtgRatesDataTable75[[#This Row],[asOf]])) -> 42569 | R11: 3.45 | S11: 0.5 | T11: 3.325 | V11: 2016-07-22 | W11: FN_CMM_30Yr | X11: 2.3723679 | Z11: 2016-07-22 | AA11: 0.98469007
C12: ='Data Set'!B13 -> 40877 | D12: =VLOOKUP(C12,M:N,2,0) -> 5.4364669 | E12: =VLOOKUP(C12,Q:T,4,0) -> 3.925 | F12: =D12-E12 -> 1.5114669 | G12: =VLOOKUP(TEXT(C12,"yyyy-mm-dd"),V:X,3,0) -> 3.1770193 | H12: =VLOOKUP(TEXT(C12,"yyyy-mm-dd"),Z:AA,2,0) -> 0.73271176 | I12: =G12+H12 -> 3.9097311 | J12: =D12-I12 -> 1.5267358 | L12: 42339 | M12: =IF(WEEKDAY(DATE(YEAR(L12),MONTH(L12)+1,0),2)=6,DATE(YEAR(L12),MONTH(L12)+1,0)-1,IF(WEEKDAY(DATE(YEAR(L12),MONTH(L12)+1,0),2)=7,DATE(YEAR(L12),MONTH(L12)+1,0)-2,DATE(YEAR(L12),MONTH(L12)+1,0))) -> 42369 | N12: 4.4390051 | P12: 2016-07-15 | Q12: =DATE(YEAR(OneWeekMtgRatesDataTable75[[#This Row],[asOf]]),MONTH(OneWeekMtgRatesDataTable75[[#This Row],[asOf]]),DAY(OneWeekMtgRatesDataTable75[[#This Row],[asOf]])) -> 42566 | R12: 3.45 | S12: 0.5 | T12: 3.325 | V12: 2016-07-21 | W12: FN_CMM_30Yr | X12: 2.3508657 | Z12: 2016-07-21 | AA12: 0.98469007
C13: ='Data Set'!B14 -> 40907 | D13: =VLOOKUP(C13,M:N,2,0) -> 5.4070811 | E13: =VLOOKUP(C13,Q:T,4,0) -> 3.86 | F13: =D13-E13 -> 1.5470811 | G13: =VLOOKUP(TEXT(C13,"yyyy-mm-dd"),V:X,3,0) -> 3.0169009 | H13: =VLOOKUP(TEXT(C13,"yyyy-mm-dd"),Z:AA,2,0) -> 0.75824651 | I13: =G13+H13 -> 3.7751474 | J13: =D13-I13 -> 1.6319337 | L13: 42309 | M13: =IF(WEEKDAY(DATE(YEAR(L13),MONTH(L13)+1,0),2)=6,DATE(YEAR(L13),MONTH(L13)+1,0)-1,IF(WEEKDAY(DATE(YEAR(L13),MONTH(L13)+1,0),2)=7,DATE(YEAR(L13),MONTH(L13)+1,0)-2,DATE(YEAR(L13),MONTH(L13)+1,0))) -> 42338 | N13: 4.4463923 | P13: 2016-07-14 | Q13: =DATE(YEAR(OneWeekMtgRatesDataTable75[[#This Row],[asOf]]),MONTH(OneWeekMtgRatesDataTable75[[#This Row],[asOf]]),DAY(OneWeekMtgRatesDataTable75[[#This Row],[asOf]])) -> 42565 | R13: 3.45 | S13: 0.5 | T13: 3.325 | V13: 2016-07-20 | W13: FN_CMM_30Yr | X13: 2.3467781 | Z13: 2016-07-20 | AA13: 1.0377974
C14: ='Data Set'!B15 -> 40939 | D14: =VLOOKUP(C14,M:N,2,0) -> 5.3841265 | E14: =VLOOKUP(C14,Q:T,4,0) -> 3.82 | F14: =D14-E14 -> 1.5641265 | G14: =VLOOKUP(TEXT(C14,"yyyy-mm-dd"),V:X,3,0) -> 2.7762953 | H14: =VLOOKUP(TEXT(C14,"yyyy-mm-dd"),Z:AA,2,0) -> 0.9493042 | I14: =G14+H14 -> 3.7255995 | J14: =D14-I14 -> 1.658527 | L14: 42278 | M14: =IF(WEEKDAY(DATE(YEAR(L14),MONTH(L14)+1,0),2)=6,DATE(YEAR(L14),MONTH(L14)+1,0)-1,IF(WEEKDAY(DATE(YEAR(L14),MONTH(L14)+1,0),2)=7,DATE(YEAR(L14),MONTH(L14)+1,0)-2,DATE(YEAR(L14),MONTH(L14)+1,0))) -> 42307 | N14: 4.452556 | P14: 2016-07-13 | Q14: =DATE(YEAR(OneWeekMtgRatesDataTable75[[#This Row],[asOf]]),MONTH(OneWeekMtgRatesDataTable75[[#This Row],[asOf]]),DAY(OneWeekMtgRatesDataTable75[[#This Row],[asOf]])) -> 42564 | R14: 3.42 | S14: 0.5 | T14: 3.295 | V14: 2016-07-19 | W14: FN_CMM_30Yr | X14: 2.328033 | Z14: 2016-07-19 | AA14: 1.0377974
C15: ='Data Set'!B16 -> 40968 | D15: =VLOOKUP(C15,M:N,2,0) -> 5.3594349 | E15: =VLOOKUP(C15,Q:T,4,0) -> 3.85 | F15: =D15-E15 -> 1.5094349 | G15: =VLOOKUP(TEXT(C15,"yyyy-mm-dd"),V:X,3,0) -> 2.8817315 | H15: =VLOOKUP(TEXT(C15,"yyyy-mm-dd"),Z:AA,2,0) -> 1.0111707 | I15: =G15+H15 -> 3.8929022 | J15: =D15-I15 -> 1.4665326 | L15: 42248 | M15: =IF(WEEKDAY(DATE(YEAR(L15),MONTH(L15)+1,0),2)=6,DATE(YEAR(L15),MONTH(L15)+1,0)-1,IF(WEEKDAY(DATE(YEAR(L15),MONTH(L15)+1,0),2)=7,DATE(YEAR(L15),MONTH(L15)+1,0)-2,DATE(YEAR(L15),MONTH(L15)+1,0))) -> 42277 | N15: 4.4597228 | P15: 2016-07-12 | Q15: =DATE(YEAR(OneWeekMtgRatesDataTable75[[#This Row],[asOf]]),MONTH(OneWeekMtgRatesDataTable75[[#This Row],[asOf]]),DAY(OneWeekMtgRatesDataTable75[[#This Row],[asOf]])) -> 42563 | R15: 3.42 | S15: 0.5 | T15: 3.295 | V15: 2016-07-18 | W15: FN_CMM_30Yr | X15: 2.3547085 | Z15: 2016-07-18 | AA15: 1.0377974
... C61: ='Data Set'!B62 -> 42369 | D61: =VLOOKUP(C61,M:N,2,0) -> 4.4390051 | E61: =VLOOKUP(C61,Q:T,4,0) -> 3.87 | F61: =D61-E61 -> 0.56900514 | G61: =VLOOKUP(TEXT(C61,"yyyy-mm-dd"),V:X,3,0) -> 3.0053894 | H61: =VLOOKUP(TEXT(C61,"yyyy-mm-dd"),Z:AA,2,0) -> 0.87590263 | I61: =G61+H61 -> 3.881292 | J61: =D61-I61 -> 0.55771311 | L61: 40848 | M61: =IF(WEEKDAY(DATE(YEAR(L61),MONTH(L61)+1,0),2)=6,DATE(YEAR(L61),MONTH(L61)+1,0)-1,IF(WEEKDAY(DATE(YEAR(L61),MONTH(L61)+1,0),2)=7,DATE(YEAR(L61),MONTH(L61)+1,0)-2,DATE(YEAR(L61),MONTH(L61)+1,0))) -> 40877 | N61: 5.4364669 | P61: 2016-05-05 | Q61: =DATE(YEAR(OneWeekMtgRatesDataTable75[[#This Row],[asOf]]),MONTH(OneWeekMtgRatesDataTable75[[#This Row],[asOf]]),DAY(OneWeekMtgRatesDataTable75[[#This Row],[asOf]])) -> 42495 | R61: 3.57 | S61: 0.5 | T61: 3.445 | V61: 2016-05-11 | W61: FN_CMM_30Yr | X61: 2.5137547 | Z61: 2016-05-10 | AA61: 0.93901474
C62: ='Data Set'!B63 -> 42398 | D62: =VLOOKUP(C62,M:N,2,0) -> 4.4319261 | E62: =T4 -> 3.355 | F62: =D62-E62 -> 1.0769261 | G62: =VLOOKUP(TEXT(C62,"yyyy-mm-dd"),V:X,3,0) -> 2.6475345 | H62: =VLOOKUP(TEXT(C62,"yyyy-mm-dd"),Z:AA,2,0) -> 0.93208019 | I62: =G62+H62 -> 3.5796147 | J62: =D62-I62 -> 0.85231135 | L62: 40817 | M62: =IF(WEEKDAY(DATE(YEAR(L62),MONTH(L62)+1,0),2)=6,DATE(YEAR(L62),MONTH(L62)+1,0)-1,IF(WEEKDAY(DATE(YEAR(L62),MONTH(L62)+1,0),2)=7,DATE(YEAR(L62),MONTH(L62)+1,0)-2,DATE(YEAR(L62),MONTH(L62)+1,0))) -> 40847 | N62: 5.4564254 | P62: 2016-05-04 | Q62: =DATE(YEAR(OneWeekMtgRatesDataTable75[[#This Row],[asOf]]),MONTH(OneWeekMtgRatesDataTable75[[#This Row],[asOf]]),DAY(OneWeekMtgRatesDataTable75[[#This Row],[asOf]])) -> 42494 | R62: 3.61 | S62: 0.6 | T62: 3.51 | V62: 2016-05-10 | W62: FN_CMM_30Yr | X62: 2.5182073 | Z62: 2016-05-09 | AA62: 0.93901474
C63: 42429 | D63: =VLOOKUP(C63,M:N,2,0) -> 4.4265496 | G63: =VLOOKUP(TEXT(C63,"yyyy-mm-dd"),V:X,3,0) -> 2.5273546 | H63: =VLOOKUP(TEXT(C63,"yyyy-mm-dd"),Z:AA,2,0) -> 0.98090022 | I63: =G63+H63 -> 3.5082548 | J63: =D63-I63 -> 0.91829483 | L63: 40787 | M63: =IF(WEEKDAY(DATE(YEAR(L63),MONTH(L63)+1,0),2)=6,DATE(YEAR(L63),MONTH(L63)+1,0)-1,IF(WEEKDAY(DATE(YEAR(L63),MONTH(L63)+1,0),2)=7,DATE(YEAR(L63),MONTH(L63)+1,0)-2,DATE(YEAR(L63),MONTH(L63)+1,0))) -> 40816 | N63: 5.4705693 | P63: 2016-05-03 | Q63: =DATE(YEAR(OneWeekMtgRatesDataTable75[[#This Row],[asOf]]),MONTH(OneWeekMtgRatesDataTable75[[#This Row],[asOf]]),DAY(OneWeekMtgRatesDataTable75[[#This Row],[asOf]])) -> 42493 | R63: 3.61 | S63: 0.6 | T63: 3.51 | V63: 2016-05-09 | W63: FN_CMM_30Yr | X63: 2.5026837 | Z63: 2016-05-06 | AA63: 0.93901474
C64: 42460 | D64: =VLOOKUP(C64,M:N,2,0) -> 4.4192941 | G64: =VLOOKUP(TEXT(C64,"yyyy-mm-dd"),V:X,3,0) -> 2.5397622 | H64: =VLOOKUP(TEXT(C64,"yyyy-mm-dd"),Z:AA,2,0) -> 0.94850785 | I64: =G64+H64 -> 3.48827 | J64: =D64-I64 -> 0.9310241 | L64: 40756 | M64: =IF(WEEKDAY(DATE(YEAR(L64),MONTH(L64)+1,0),2)=6,DATE(YEAR(L64),MONTH(L64)+1,0)-1,IF(WEEKDAY(DATE(YEAR(L64),MONTH(L64)+1,0),2)=7,DATE(YEAR(L64),MONTH(L64)+1,0)-2,DATE(YEAR(L64),MONTH(L64)+1,0))) -> 40786 | N64: 5.4853483 | P64: 2016-05-02 | Q64: =DATE(YEAR(OneWeekMtgRatesDataTable75[[#This Row],[asOf]]),MONTH(OneWeekMtgRatesDataTable75[[#This Row],[asOf]]),DAY(OneWeekMtgRatesDataTable75[[#This Row],[asOf]])) -> 42492 | R64: 3.61 | S64: 0.6 | T64: 3.51 | V64: 2016-05-06 | W64: FN_CMM_30Yr | X64: 2.5169225 | Z64: 2016-05-05 | AA64: 0.93901474
C65: 42489 | D65: =VLOOKUP(C65,M:N,2,0) -> 4.4094702 | G65: =VLOOKUP(TEXT(C65,"yyyy-mm-dd"),V:X,3,0) -> 2.5646427 | H65: =VLOOKUP(TEXT(C65,"yyyy-mm-dd"),Z:AA,2,0) -> 0.90735928 | I65: =G65+H65 -> 3.472002 | J65: =D65-I65 -> 0.93746825 | L65: 40725 | M65: =IF(WEEKDAY(DATE(YEAR(L65),MONTH(L65)+1,0),2)=6,DATE(YEAR(L65),MONTH(L65)+1,0)-1,IF(WEEKDAY(DATE(YEAR(L65),MONTH(L65)+1,0),2)=7,DATE(YEAR(L65),MONTH(L65)+1,0)-2,DATE(YEAR(L65),MONTH(L65)+1,0))) -> 40753 | N65: 5.4966047 | P65: 2016-04-29 | Q65: =DATE(YEAR(OneWeekMtgRatesDataTable75[[#This Row],[asOf]]),MONTH(OneWeekMtgRatesDataTable75[[#This Row],[asOf]]),DAY(OneWeekMtgRatesDataTable75[[#This Row],[asOf]])) -> 42489 | R65: 3.61 | S65: 0.6 | T65: 3.51 | V65: 2016-05-05 | W65: FN_CMM_30Yr | X65: 2.5164664 | Z65: 2016-05-04 | AA65: 0.90735928
C66: 42521 | D66: =VLOOKUP(C66,M:N,2,0) -> 4.3996487 | G66: =VLOOKUP(TEXT(C66,"yyyy-mm-dd"),V:X,3,0) -> 2.5912536 | H66: =VLOOKUP(TEXT(C66,"yyyy-mm-dd"),Z:AA,2,0) -> 0.89462225 | I66: =G66+H66 -> 3.4858759 | J66: =D66-I66 -> 0.91377286 | L66: 40695 | M66: =IF(WEEKDAY(DATE(YEAR(L66),MONTH(L66)+1,0),2)=6,DATE(YEAR(L66),MONTH(L66)+1,0)-1,IF(WEEKDAY(DATE(YEAR(L66),MONTH(L66)+1,0),2)=7,DATE(YEAR(L66),MONTH(L66)+1,0)-2,DATE(YEAR(L66),MONTH(L66)+1,0))) -> 40724 | N66: 5.5064525 | P66: 2016-04-28 | Q66: =DATE(YEAR(OneWeekMtgRatesDataTable75[[#This Row],[asOf]]),MONTH(OneWeekMtgRatesDataTable75[[#This Row],[asOf]]),DAY(OneWeekMtgRatesDataTable75[[#This Row],[asOf]])) -> 42488 | R66: 3.61 | S66: 0.6 | T66: 3.51 | V66: 2016-05-04 | W66: FN_CMM_30Yr | X66: 2.5521453 | Z66: 2016-05-03 | AA66: 0.90735928
C67: 42551 | D67: =VLOOKUP(C67,M:N,2,0) -> 4.3888062 | G67: =VLOOKUP(TEXT(C67,"yyyy-mm-dd"),V:X,3,0) -> 2.2474864 | H67: =VLOOKUP(TEXT(C67,"yyyy-mm-dd"),Z:AA,2,0) -> 0.99018949 | I67: =G67+H67 -> 3.2376759 | J67: =D67-I67 -> 1.1511304 | L67: 40664 | M67: =IF(WEEKDAY(DATE(YEAR(L67),MONTH(L67)+1,0),2)=6,DATE(YEAR(L67),MONTH(L67)+1,0)-1,IF(WEEKDAY(DATE(YEAR(L67),MONTH(L67)+1,0),2)=7,DATE(YEAR(L67),MONTH(L67)+1,0)-2,DATE(YEAR(L67),MONTH(L67)+1,0))) -> 40694 | N67: 5.516896 | P67: 2016-04-27 | Q67: =DATE(YEAR(OneWeekMtgRatesDataTable75[[#This Row],[asOf]]),MONTH(OneWeekMtgRatesDataTable75[[#This Row],[asOf]]),DAY(OneWeekMtgRatesDataTable75[[#This Row],[asOf]])) -> 42487 | R67: 3.66 | S67: 0.6 | T67: 3.56 | V67: 2016-05-03 | W67: FN_CMM_30Yr | X67: 2.5475266 | Z67: 2016-04-29 | AA67: 0.90735928
C68: 42580 | D68: =VLOOKUP(C68,M:N,2,0) -> 4.3772716 | G68: =VLOOKUP(TEXT(C68,"yyyy-mm-dd"),V:X,3,0) -> 2.2658761 | H68: =VLOOKUP(TEXT(C68,"yyyy-mm-dd"),Z:AA,2,0) -> 0.98723562 | I68: =G68+H68 -> 3.2531117 | J68: =D68-I68 -> 1.12416 | L68: 40634 | M68: =IF(WEEKDAY(DATE(YEAR(L68),MONTH(L68)+1,0),2)=6,DATE(YEAR(L68),MONTH(L68)+1,0)-1,IF(WEEKDAY(DATE(YEAR(L68),MONTH(L68)+1,0),2)=7,DATE(YEAR(L68),MONTH(L68)+1,0)-2,DATE(YEAR(L68),MONTH(L68)+1,0))) -> 40662 | N68: 5.5269247 | P68: 2016-04-26 | Q68: =DATE(YEAR(OneWeekMtgRatesDataTable75[[#This Row],[asOf]]),MONTH(OneWeekMtgRatesDataTable75[[#This Row],[asOf]]),DAY(OneWeekMtgRatesDataTable75[[#This Row],[asOf]])) -> 42486 | R68: 3.66 | S68: 0.6 | T68: 3.56 | V68: 2016-05-02 | W68: FN_CMM_30Yr | X68: 2.6083214 | Z68: 2016-04-28 | AA68: 0.90735928
L69: 40603 | M69: =IF(WEEKDAY(DATE(YEAR(L69),MONTH(L69)+1,0),2)=6,DATE(YEAR(L69),MONTH(L69)+1,0)-1,IF(WEEKDAY(DATE(YEAR(L69),MONTH(L69)+1,0),2)=7,DATE(YEAR(L69),MONTH(L69)+1,0)-2,DATE(YEAR(L69),MONTH(L69)+1,0))) -> 40633 | N69: 5.5386981 | P69: 2016-04-25 | Q69: =DATE(YEAR(OneWeekMtgRatesDataTable75[[#This Row],[asOf]]),MONTH(OneWeekMtgRatesDataTable75[[#This Row],[asOf]]),DAY(OneWeekMtgRatesDataTable75[[#This Row],[asOf]])) -> 42485 | R69: 3.66 | S69: 0.6 | T69: 3.56 | V69: 2016-04-29 | W69: FN_CMM_30Yr | X69: 2.5646427 | Z69: 2016-04-27 | AA69: 0.94834769
L70: 40575 | M70: =IF(WEEKDAY(DATE(YEAR(L70),MONTH(L70)+1,0),2)=6,DATE(YEAR(L70),MONTH(L70)+1,0)-1,IF(WEEKDAY(DATE(YEAR(L70),MONTH(L70)+1,0),2)=7,DATE(YEAR(L70),MONTH(L70)+1,0)-2,DATE(YEAR(L70),MONTH(L70)+1,0))) -> 40602 | N70: 5.5560536 | P70: 2016-04-22 | Q70: =DATE(YEAR(OneWeekMtgRatesDataTable75[[#This Row],[asOf]]),MONTH(OneWeekMtgRatesDataTable75[[#This Row],[asOf]]),DAY(OneWeekMtgRatesDataTable75[[#This Row],[asOf]])) -> 42482 | R70: 3.66 | S70: 0.6 | T70: 3.56 | V70: 2016-04-28 | W70: FN_CMM_30Yr | X70: 2.5822904 | Z70: 2016-04-26 | AA70: 0.94834769
L71: 40544 | M71: =IF(WEEKDAY(DATE(YEAR(L71),MONTH(L71)+1,0),2)=6,DATE(YEAR(L71),MONTH(L71)+1,0)-1,IF(WEEKDAY(DATE(YEAR(L71),MONTH(L71)+1,0),2)=7,DATE(YEAR(L71),MONTH(L71)+1,0)-2,DATE(YEAR(L71),MONTH(L71)+1,0))) -> 40574 | N71: 5.5763437 | P71: 2016-04-21 | Q71: =DATE(YEAR(OneWeekMtgRatesDataTable75[[#This Row],[asOf]]),MONTH(OneWeekMtgRatesDataTable75[[#This Row],[asOf]]),DAY(OneWeekMtgRatesDataTable75[[#This Row],[asOf]])) -> 42481 | R71: 3.66 | S71: 0.6 | T71: 3.56 | V71: 2016-04-27 | W71: FN_CMM_30Yr | X71: 2.6300132 | Z71: 2016-04-25 | AA71: 0.94834769
L72: 40513 | M72: =IF(WEEKDAY(DATE(YEAR(L72),MONTH(L72)+1,0),2)=6,DATE(YEAR(L72),MONTH(L72)+1,0)-1,IF(WEEKDAY(DATE(YEAR(L72),MONTH(L72)+1,0),2)=7,DATE(YEAR(L72),MONTH(L72)+1,0)-2,DATE(YEAR(L72),MONTH(L72)+1,0))) -> 40543 | N72: 5.6013603 | P72: 2016-04-20 | Q72: =DATE(YEAR(OneWeekMtgRatesDataTable75[[#This Row],[asOf]]),MONTH(OneWeekMtgRatesDataTable75[[#This Row],[asOf]]),DAY(OneWeekMtgRatesDataTable75[[#This Row],[asOf]])) -> 42480 | R72: 3.59 | S72: 0.6 | T72: 3.49 | V72: 2016-04-26 | W72: FN_CMM_30Yr | X72: 2.6761661 | Z72: 2016-04-22 | AA72: 0.94834769
L73: 40483 | M73: =IF(WEEKDAY(DATE(YEAR(L73),MONTH(L73)+1,0),2)=6,DATE(YEAR(L73),MONTH(L73)+1,0)-1,IF(WEEKDAY(DATE(YEAR(L73),MONTH(L73)+1,0),2)=7,DATE(YEAR(L73),MONTH(L73)+1,0)-2,DATE(YEAR(L73),MONTH(L73)+1,0))) -> 40512 | N73: 5.6324669 | P73: 2016-04-19 | Q73: =DATE(YEAR(OneWeekMtgRatesDataTable75[[#This Row],[asOf]]),MONTH(OneWeekMtgRatesDataTable75[[#This Row],[asOf]]),DAY(OneWeekMtgRatesDataTable75[[#This Row],[asOf]])) -> 42479 | R73: 3.59 | S73: 0.6 | T73: 3.49 | V73: 2016-04-25 | W73: FN_CMM_30Yr | X73: 2.6615233 | Z73: 2016-04-21 | AA73: 0.94834769
L74: 40452 | M74: =IF(WEEKDAY(DATE(YEAR(L74),MONTH(L74)+1,0),2)=6,DATE(YEAR(L74),MONTH(L74)+1,0)-1,IF(WEEKDAY(DATE(YEAR(L74),MONTH(L74)+1,0),2)=7,DATE(YEAR(L74),MONTH(L74)+1,0)-2,DATE(YEAR(L74),MONTH(L74)+1,0))) -> 40480 | N74: 5.6590403 | P74: 2016-04-18 | Q74: =DATE(YEAR(OneWeekMtgRatesDataTable75[[#This Row],[asOf]]),MONTH(OneWeekMtgRatesDataTable75[[#This Row],[asOf]]),DAY(OneWeekMtgRatesDataTable75[[#This Row],[asOf]])) -> 42478 | R74: 3.59 | S74: 0.6 | T74: 3.49 | V74: 2016-04-22 | W74: FN_CMM_30Yr | X74: 2.6550245 | Z74: 2016-04-19 | AA74: 0.96247244
L75: 40422 | M75: =IF(WEEKDAY(DATE(YEAR(L75),MONTH(L75)+1,0),2)=6,DATE(YEAR(L75),MONTH(L75)+1,0)-1,IF(WEEKDAY(DATE(YEAR(L75),MONTH(L75)+1,0),2)=7,DATE(YEAR(L75),MONTH(L75)+1,0)-2,DATE(YEAR(L75),MONTH(L75)+1,0))) -> 40451 | N75: 5.6844643 | P75: 2016-04-15 | Q75: =DATE(YEAR(OneWeekMtgRatesDataTable75[[#This Row],[asOf]]),MONTH(OneWeekMtgRatesDataTable75[[#This Row],[asOf]]),DAY(OneWeekMtgRatesDataTable75[[#This Row],[asOf]])) -> 42475 | R75: 3.59 | S75: 0.6 | T75: 3.49 | V75: 2016-04-21 | W75: FN_CMM_30Yr | X75: 2.6404764 | Z75: 2016-04-15 | AA75: 0.96247244
L76: 40391 | M76: =IF(WEEKDAY(DATE(YEAR(L76),MONTH(L76)+1,0),2)=6,DATE(YEAR(L76),MONTH(L76)+1,0)-1,IF(WEEKDAY(DATE(YEAR(L76),MONTH(L76)+1,0),2)=7,DATE(YEAR(L76),MONTH(L76)+1,0)-2,DATE(YEAR(L76),MONTH(L76)+1,0))) -> 40421 | N76: 5.7099767 | P76: 2016-04-14 | Q76: =DATE(YEAR(OneWeekMtgRatesDataTable75[[#This Row],[asOf]]),MONTH(OneWeekMtgRatesDataTable75[[#This Row],[asOf]]),DAY(OneWeekMtgRatesDataTable75[[#This Row],[asOf]])) -> 42474 | R76: 3.59 | S76: 0.6 | T76: 3.49 | V76: 2016-04-20 | W76: FN_CMM_30Yr | X76: 2.6250547 | Z76: 2016-04-14 | AA76: 0.96247244
L77: 40360 | M77: =IF(WEEKDAY(DATE(YEAR(L77),MONTH(L77)+1,0),2)=6,DATE(YEAR(L77),MONTH(L77)+1,0)-1,IF(WEEKDAY(DATE(YEAR(L77),MONTH(L77)+1,0),2)=7,DATE(YEAR(L77),MONTH(L77)+1,0)-2,DATE(YEAR(L77),MONTH(L77)+1,0))) -> 40389 | N77: 5.7262138 | P77: 2016-04-13 | Q77: =DATE(YEAR(OneWeekMtgRatesDataTable75[[#This Row],[asOf]]),MONTH(OneWeekMtgRatesDataTable75[[#This Row],[asOf]]),DAY(OneWeekMtgRatesDataTable75[[#This Row],[asOf]])) -> 42473 | R77: 3.58 | S77: 0.5 | T77: 3.455 | V77: 2016-04-19 | W77: FN_CMM_30Yr | X77: 2.5437168 | Z77: 2016-04-13 | AA77: 0.94230167
L78: 40330 | M78: =IF(WEEKDAY(DATE(YEAR(L78),MONTH(L78)+1,0),2)=6,DATE(YEAR(L78),MONTH(L78)+1,0)-1,IF(WEEKDAY(DATE(YEAR(L78),MONTH(L78)+1,0),2)=7,DATE(YEAR(L78),MONTH(L78)+1,0)-2,DATE(YEAR(L78),MONTH(L78)+1,0))) -> 40359 | N78: 5.7403826 | P78: 2016-04-12 | Q78: =DATE(YEAR(OneWeekMtgRatesDataTable75[[#This Row],[asOf]]),MONTH(OneWeekMtgRatesDataTable75[[#This Row],[asOf]]),DAY(OneWeekMtgRatesDataTable75[[#This Row],[asOf]])) -> 42472 | R78: 3.58 | S78: 0.5 | T78: 3.455 | V78: 2016-04-18 | W78: FN_CMM_30Yr | X78: 2.5181132 | Z78: 2016-04-12 | AA78: 0.94230167
L79: 40299 | M79: =IF(WEEKDAY(DATE(YEAR(L79),MONTH(L79)+1,0),2)=6,DATE(YEAR(L79),MONTH(L79)+1,0)-1,IF(WEEKDAY(DATE(YEAR(L79),MONTH(L79)+1,0),2)=7,DATE(YEAR(L79),MONTH(L79)+1,0)-2,DATE(YEAR(L79),MONTH(L79)+1,0))) -> 40329 | N79: 5.7574015 | P79: 2016-04-11 | Q79: =DATE(YEAR(OneWeekMtgRatesDataTable75[[#This Row],[asOf]]),MONTH(OneWeekMtgRatesDataTable75[[#This Row],[asOf]]),DAY(OneWeekMtgRatesDataTable75[[#This Row],[asOf]])) -> 42471 | R79: 3.58 | S79: 0.5 | T79: 3.455 | V79: 2016-04-15 | W79: FN_CMM_30Yr | X79: 2.5083049 | Z79: 2016-04-11 | AA79: 0.94230167
L80: 40269 | M80: =IF(WEEKDAY(DATE(YEAR(L80),MONTH(L80)+1,0),2)=6,DATE(YEAR(L80),MONTH(L80)+1,0)-1,IF(WEEKDAY(DATE(YEAR(L80),MONTH(L80)+1,0),2)=7,DATE(YEAR(L80),MONTH(L80)+1,0)-2,DATE(YEAR(L80),MONTH(L80)+1,0))) -> 40298 | N80: 5.7816058 | P80: 2016-04-08 | Q80: =DATE(YEAR(OneWeekMtgRatesDataTable75[[#This Row],[asOf]]),MONTH(OneWeekMtgRatesDataTable75[[#This Row],[asOf]]),DAY(OneWeekMtgRatesDataTable75[[#This Row],[asOf]])) -> 42468 | R80: 3.58 | S80: 0.5 | T80: 3.455 | V80: 2016-04-14 | W80: FN_CMM_30Yr | X80: 2.5130719 | Z80: 2016-04-08 | AA80: 0.94230167
... L275: 34335 | M275: =IF(WEEKDAY(DATE(YEAR(L275),MONTH(L275)+1,0),2)=6,DATE(YEAR(L275),MONTH(L275)+1,0)-1,IF(WEEKDAY(DATE(YEAR(L275),MONTH(L275)+1,0),2)=7,DATE(YEAR(L275),MONTH(L275)+1,0)-2,DATE(YEAR(L275),MONTH(L275)+1,0))) -> 34365 | N275: 8.4205053 | P275: 2015-06-26 | Q275: =DATE(YEAR(OneWeekMtgRatesDataTable75[[#This Row],[asOf]]),MONTH(OneWeekMtgRatesDataTable75[[#This Row],[asOf]]),DAY(OneWeekMtgRatesDataTable75[[#This Row],[asOf]])) -> 42181 | R275: 4.08 | S275: 0.6 | T275: 3.98 | V275: 2015-07-02 | W275: FN_CMM_30Yr | X275: 3.1329454 | Z275: 2015-06-24 | AA275: 0.88133173
P276: 2015-06-25 | Q276: =DATE(YEAR(OneWeekMtgRatesDataTable75[[#This Row],[asOf]]),MONTH(OneWeekMtgRatesDataTable75[[#This Row],[asOf]]),DAY(OneWeekMtgRatesDataTable75[[#This Row],[asOf]])) -> 42180 | R276: 4.08 | S276: 0.6 | T276: 3.98 | V276: 2015-07-01 | W276: FN_CMM_30Yr | X276: 3.1627653 | Z276: 2015-06-23 | AA276: 0.85723885
P277: 2015-06-24 | Q277: =DATE(YEAR(OneWeekMtgRatesDataTable75[[#This Row],[asOf]]),MONTH(OneWeekMtgRatesDataTable75[[#This Row],[asOf]]),DAY(OneWeekMtgRatesDataTable75[[#This Row],[asOf]])) -> 42179 | R277: 4.02 | S277: 0.7 | T277: 3.945 | V277: 2015-06-30 | W277: FN_CMM_30Yr | X277: 3.0732804 | Z277: 2015-06-22 | AA277: 0.85723885
P278: 2015-06-23 | Q278: =DATE(YEAR(OneWeekMtgRatesDataTable75[[#This Row],[asOf]]),MONTH(OneWeekMtgRatesDataTable75[[#This Row],[asOf]]),DAY(OneWeekMtgRatesDataTable75[[#This Row],[asOf]])) -> 42178 | R278: 4.02 | S278: 0.7 | T278: 3.945 | V278: 2015-06-29 | W278: FN_CMM_30Yr | X278: 3.0851869 | Z278: 2015-06-19 | AA278: 0.85723885
P279: 2015-06-22 | Q279: =DATE(YEAR(OneWeekMtgRatesDataTable75[[#This Row],[asOf]]),MONTH(OneWeekMtgRatesDataTable75[[#This Row],[asOf]]),DAY(OneWeekMtgRatesDataTable75[[#This Row],[asOf]])) -> 42177 | R279: 4.02 | S279: 0.7 | T279: 3.945 | V279: 2015-06-26 | W279: FN_CMM_30Yr | X279: 3.2022688 | Z279: 2015-06-18 | AA279: 0.85723885
P280: 2015-06-19 | Q280: =DATE(YEAR(OneWeekMtgRatesDataTable75[[#This Row],[asOf]]),MONTH(OneWeekMtgRatesDataTable75[[#This Row],[asOf]]),DAY(OneWeekMtgRatesDataTable75[[#This Row],[asOf]])) -> 42174 | R280: 4.02 | S280: 0.7 | T280: 3.945 | V280: 2015-06-25 | W280: FN_CMM_30Yr | X280: 3.1158923 | Z280: 2015-06-17 | AA280: 0.85723885
P281: 2015-06-18 | Q281: =DATE(YEAR(OneWeekMtgRatesDataTable75[[#This Row],[asOf]]),MONTH(OneWeekMtgRatesDataTable75[[#This Row],[asOf]]),DAY(OneWeekMtgRatesDataTable75[[#This Row],[asOf]])) -> 42173 | R281: 4.02 | S281: 0.7 | T281: 3.945 | V281: 2015-06-24 | W281: FN_CMM_30Yr | X281: 3.0912606 | Z281: 2015-06-16 | AA281: 0.83278278
P282: 2015-06-17 | Q282: =DATE(YEAR(OneWeekMtgRatesDataTable75[[#This Row],[asOf]]),MONTH(OneWeekMtgRatesDataTable75[[#This Row],[asOf]]),DAY(OneWeekMtgRatesDataTable75[[#This Row],[asOf]])) -> 42172 | R282: 4 | S282: 0.7 | T282: 3.925 | V282: 2015-06-23 | W282: FN_CMM_30Yr | X282: 3.1219045 | Z282: 2015-06-15 | AA282: 0.83278278
P283: 2015-06-16 | Q283: =DATE(YEAR(OneWeekMtgRatesDataTable75[[#This Row],[asOf]]),MONTH(OneWeekMtgRatesDataTable75[[#This Row],[asOf]]),DAY(OneWeekMtgRatesDataTable75[[#This Row],[asOf]])) -> 42171 | R283: 4 | S283: 0.7 | T283: 3.925 | V283: 2015-06-22 | W283: FN_CMM_30Yr | X283: 3.0761569 | Z283: 2015-06-12 | AA283: 0.83278278
P284: 2015-06-15 | Q284: =DATE(YEAR(OneWeekMtgRatesDataTable75[[#This Row],[asOf]]),MONTH(OneWeekMtgRatesDataTable75[[#This Row],[asOf]]),DAY(OneWeekMtgRatesDataTable75[[#This Row],[asOf]])) -> 42170 | R284: 4 | S284: 0.7 | T284: 3.925 | V284: 2015-06-19 | W284: FN_CMM_30Yr | X284: 2.9822174 | Z284: 2015-06-11 | AA284: 0.83278278
P285: 2015-06-12 | Q285: =DATE(YEAR(OneWeekMtgRatesDataTable75[[#This Row],[asOf]]),MONTH(OneWeekMtgRatesDataTable75[[#This Row],[asOf]]),DAY(OneWeekMtgRatesDataTable75[[#This Row],[asOf]])) -> 42167 | R285: 4 | S285: 0.7 | T285: 3.925 | V285: 2015-06-18 | W285: FN_CMM_30Yr | X285: 3.0468019 | Z285: 2015-06-10 | AA285: 0.83278278
P286: 2015-06-11 | Q286: =DATE(YEAR(OneWeekMtgRatesDataTable75[[#This Row],[asOf]]),MONTH(OneWeekMtgRatesDataTable75[[#This Row],[asOf]]),DAY(OneWeekMtgRatesDataTable75[[#This Row],[asOf]])) -> 42166 | R286: 4 | S286: 0.7 | T286: 3.925 | V286: 2015-06-17 | W286: FN_CMM_30Yr | X286: 3.0321615 | Z286: 2015-06-09 | AA286: 0.8546232
P287: 2015-06-10 | Q287: =DATE(YEAR(OneWeekMtgRatesDataTable75[[#This Row],[asOf]]),MONTH(OneWeekMtgRatesDataTable75[[#This Row],[asOf]]),DAY(OneWeekMtgRatesDataTable75[[#This Row],[asOf]])) -> 42165 | R287: 4.04 | S287: 0.6 | T287: 3.94 | V287: 2015-06-16 | W287: FN_CMM_30Yr | X287: 3.0537403 | Z287: 2015-06-08 | AA287: 0.8546232
... P1393: 2011-01-07 | Q1393: =DATE(YEAR(OneWeekMtgRatesDataTable75[[#This Row],[asOf]]),MONTH(OneWeekMtgRatesDataTable75[[#This Row],[asOf]]),DAY(OneWeekMtgRatesDataTable75[[#This Row],[asOf]])) -> 40550 | R1393: 4.71 | S1393: 0.8 | T1393: 4.66 | V1393: 2011-01-13 | W1393: FN_CMM_30Yr | X1393: 4.0727673 | Z1393: 2011-01-05 | AA1393: 0.56046507
P1394: 2011-01-06 | Q1394: =DATE(YEAR(OneWeekMtgRatesDataTable75[[#This Row],[asOf]]),MONTH(OneWeekMtgRatesDataTable75[[#This Row],[asOf]]),DAY(OneWeekMtgRatesDataTable75[[#This Row],[asOf]])) -> 40549 | R1394: 4.71 | S1394: 0.8 | T1394: 4.66 | V1394: 2011-01-12 | W1394: FN_CMM_30Yr | X1394: 4.1275517
P1395: 2011-01-05 | Q1395: =DATE(YEAR(OneWeekMtgRatesDataTable75[[#This Row],[asOf]]),MONTH(OneWeekMtgRatesDataTable75[[#This Row],[asOf]]),DAY(OneWeekMtgRatesDataTable75[[#This Row],[asOf]])) -> 40548 | R1395: 4.77 | S1395: 0.8 | T1395: 4.72 | V1395: 2011-01-11 | W1395: FN_CMM_30Yr | X1395: 4.1304636
P1396: 2011-01-04 | Q1396: =DATE(YEAR(OneWeekMtgRatesDataTable75[[#This Row],[asOf]]),MONTH(OneWeekMtgRatesDataTable75[[#This Row],[asOf]]),DAY(OneWeekMtgRatesDataTable75[[#This Row],[asOf]])) -> 40547 | R1396: 4.77 | S1396: 0.8 | T1396: 4.72
P1397: 2011-01-03 | Q1397: =DATE(YEAR(OneWeekMtgRatesDataTable75[[#This Row],[asOf]]),MONTH(OneWeekMtgRatesDataTable75[[#This Row],[asOf]]),DAY(OneWeekMtgRatesDataTable75[[#This Row],[asOf]])) -> 40546 | R1397: 4.77 | S1397: 0.8 | T1397: 4.72
P1398: 2010-12-31 | Q1398: =DATE(YEAR(OneWeekMtgRatesDataTable75[[#This Row],[asOf]]),MONTH(OneWeekMtgRatesDataTable75[[#This Row],[asOf]]),DAY(OneWeekMtgRatesDataTable75[[#This Row],[asOf]])) -> 40543 | R1398: 4.77 | S1398: 0.8 | T1398: 4.72
P1399: 2010-12-30 | Q1399: =DATE(YEAR(OneWeekMtgRatesDataTable75[[#This Row],[asOf]]),MONTH(OneWeekMtgRatesDataTable75[[#This Row],[asOf]]),DAY(OneWeekMtgRatesDataTable75[[#This Row],[asOf]])) -> 40542 | R1399: 4.77 | S1399: 0.8 | T1399: 4.72
P1400: 2010-12-29 | Q1400: =DATE(YEAR(OneWeekMtgRatesDataTable75[[#This Row],[asOf]]),MONTH(OneWeekMtgRatesDataTable75[[#This Row],[asOf]]),DAY(OneWeekMtgRatesDataTable75[[#This Row],[asOf]])) -> 40541 | R1400: 4.86 | S1400: 0.8 | T1400: 4.81
P1401: 2010-12-28 | Q1401: =DATE(YEAR(OneWeekMtgRatesDataTable75[[#This Row],[asOf]]),MONTH(OneWeekMtgRatesDataTable75[[#This Row],[asOf]]),DAY(OneWeekMtgRatesDataTable75[[#This Row],[asOf]])) -> 40540 | R1401: 4.86 | S1401: 0.8 | T1401: 4.81
P1402: 2010-12-27 | Q1402: =DATE(YEAR(OneWeekMtgRatesDataTable75[[#This Row],[asOf]]),MONTH(OneWeekMtgRatesDataTable75[[#This Row],[asOf]]),DAY(OneWeekMtgRatesDataTable75[[#This Row],[asOf]])) -> 40539 | R1402: 4.86 | S1402: 0.8 | T1402: 4.81
P1403: 2010-12-23 | Q1403: =DATE(YEAR(OneWeekMtgRatesDataTable75[[#This Row],[asOf]]),MONTH(OneWeekMtgRatesDataTable75[[#This Row],[asOf]]),DAY(OneWeekMtgRatesDataTable75[[#This Row],[asOf]])) -> 40535 | R1403: 4.86 | S1403: 0.8 | T1403: 4.81
P1404: 2010-12-22 | Q1404: =DATE(YEAR(OneWeekMtgRatesDataTable75[[#This Row],[asOf]]),MONTH(OneWeekMtgRatesDataTable75[[#This Row],[asOf]]),DAY(OneWeekMtgRatesDataTable75[[#This Row],[asOf]])) -> 40534 | R1404: 4.81 | S1404: 0.7 | T1404: 4.735
P1405: 2010-12-21 | Q1405: =DATE(YEAR(OneWeekMtgRatesDataTable75[[#This Row],[asOf]]),MONTH(OneWeekMtgRatesDataTable75[[#This Row],[asOf]]),DAY(OneWeekMtgRatesDataTable75[[#This Row],[asOf]])) -> 40533 | R1405: 4.81 | S1405: 0.7 | T1405: 4.735
P1406: 2010-12-20 | Q1406: =DATE(YEAR(OneWeekMtgRatesDataTable75[[#This Row],[asOf]]),MONTH(OneWeekMtgRatesDataTable75[[#This Row],[asOf]]),DAY(OneWeekMtgRatesDataTable75[[#This Row],[asOf]])) -> 40532 | R1406: 4.81 | S1406: 0.7 | T1406: 4.735
P1407: 2010-12-17 | Q1407: =DATE(YEAR(OneWeekMtgRatesDataTable75[[#This Row],[asOf]]),MONTH(OneWeekMtgRatesDataTable75[[#This Row],[asOf]]),DAY(OneWeekMtgRatesDataTable75[[#This Row],[asOf]])) -> 40529 | R1407: 4.81 | S1407: 0.7 | T1407: 4.735
... P1648: 2010-01-04 | Q1648: =DATE(YEAR(OneWeekMtgRatesDataTable75[[#This Row],[asOf]]),MONTH(OneWeekMtgRatesDataTable75[[#This Row],[asOf]]),DAY(OneWeekMtgRatesDataTable75[[#This Row],[asOf]])) -> 40182 | R1648: 5.09 | S1648: 0.7 | T1648: 5.015

Sheet LIBOR 1m
B2: TickerName | C2: asofdate | D2: Column1 | E2: SeriesType | F2: SeriesNumValue
B3: 1 Month LIBOR | C3: 2016-08-02 | D3: =DATE(YEAR(OneWeekMtgRatesDataTable756[[#This Row],[asofdate]]),MONTH(OneWeekMtgRatesDataTable756[[#This Row],[asofdate]]),DAY(OneWeekMtgRatesDataTable756[[#This Row],[asofdate]])) -> 42584 | E3: Rate | F3: 0.4939
B4: 1 Month LIBOR | C4: 2016-08-01 | D4: =DATE(YEAR(OneWeekMtgRatesDataTable756[[#This Row],[asofdate]]),MONTH(OneWeekMtgRatesDataTable756[[#This Row],[asofdate]]),DAY(OneWeekMtgRatesDataTable756[[#This Row],[asofdate]])) -> 42583 | E4: Rate | F4: 0.4939
B5: 1 Month LIBOR | C5: 2016-07-29 | D5: =DATE(YEAR(OneWeekMtgRatesDataTable756[[#This Row],[asofdate]]),MONTH(OneWeekMtgRatesDataTable756[[#This Row],[asofdate]]),DAY(OneWeekMtgRatesDataTable756[[#This Row],[asofdate]])) -> 42580 | E5: Rate | F5: 0.4959
B6: 1 Month LIBOR | C6: 2016-07-28 | D6: =DATE(YEAR(OneWeekMtgRatesDataTable756[[#This Row],[asofdate]]),MONTH(OneWeekMtgRatesDataTable756[[#This Row],[asofdate]]),DAY(OneWeekMtgRatesDataTable756[[#This Row],[asofdate]])) -> 42579 | E6: Rate | F6: 0.4939
B7: 1 Month LIBOR | C7: 2016-07-27 | D7: =DATE(YEAR(OneWeekMtgRatesDataTable756[[#This Row],[asofdate]]),MONTH(OneWeekMtgRatesDataTable756[[#This Row],[asofdate]]),DAY(OneWeekMtgRatesDataTable756[[#This Row],[asofdate]])) -> 42578 | E7: Rate | F7: 0.49565
B8: 1 Month LIBOR | C8: 2016-07-26 | D8: =DATE(YEAR(OneWeekMtgRatesDataTable756[[#This Row],[asofdate]]),MONTH(OneWeekMtgRatesDataTable756[[#This Row],[asofdate]]),DAY(OneWeekMtgRatesDataTable756[[#This Row],[asofdate]])) -> 42577 | E8: Rate | F8: 0.49265
B9: 1 Month LIBOR | C9: 2016-07-25 | D9: =DATE(YEAR(OneWeekMtgRatesDataTable756[[#This Row],[asofdate]]),MONTH(OneWeekMtgRatesDataTable756[[#This Row],[asofdate]]),DAY(OneWeekMtgRatesDataTable756[[#This Row],[asofdate]])) -> 42576 | E9: Rate | F9: 0.4909
B10: 1 Month LIBOR | C10: 2016-07-22 | D10: =DATE(YEAR(OneWeekMtgRatesDataTable756[[#This Row],[asofdate]]),MONTH(OneWeekMtgRatesDataTable756[[#This Row],[asofdate]]),DAY(OneWeekMtgRatesDataTable756[[#This Row],[asofdate]])) -> 42573 | E10: Rate | F10: 0.4904
B11: 1 Month LIBOR | C11: 2016-07-21 | D11: =DATE(YEAR(OneWeekMtgRatesDataTable756[[#This Row],[asofdate]]),MONTH(OneWeekMtgRatesDataTable756[[#This Row],[asofdate]]),DAY(OneWeekMtgRatesDataTable756[[#This Row],[asofdate]])) -> 42572 | E11: Rate | F11: 0.4879
B12: 1 Month LIBOR | C12: 2016-07-20 | D12: =DATE(YEAR(OneWeekMtgRatesDataTable756[[#This Row],[asofdate]]),MONTH(OneWeekMtgRatesDataTable756[[#This Row],[asofdate]]),DAY(OneWeekMtgRatesDataTable756[[#This Row],[asofdate]])) -> 42571 | E12: Rate | F12: 0.4874
B13: 1 Month LIBOR | C13: 2016-07-19 | D13: =DATE(YEAR(OneWeekMtgRatesDataTable756[[#This Row],[asofdate]]),MONTH(OneWeekMtgRatesDataTable756[[#This Row],[asofdate]]),DAY(OneWeekMtgRatesDataTable756[[#This Row],[asofdate]])) -> 42570 | E13: Rate | F13: 0.4853
B14: 1 Month LIBOR | C14: 2016-07-18 | D14: =DATE(YEAR(OneWeekMtgRatesDataTable756[[#This Row],[asofdate]]),MONTH(OneWeekMtgRatesDataTable756[[#This Row],[asofdate]]),DAY(OneWeekMtgRatesDataTable756[[#This Row],[asofdate]])) -> 42569 | E14: Rate | F14: 0.48655
... B1900: 1 Month LIBOR | C1900: 2009-01-02 | D1900: =DATE(YEAR(OneWeekMtgRatesDataTable756[[#This Row],[asofdate]]),MONTH(OneWeekMtgRatesDataTable756[[#This Row],[asofdate]]),DAY(OneWeekMtgRatesDataTable756[[#This Row],[asofdate]])) -> 39815 | E1900: Rate | F1900: 0.43

Sheet Refi%
AF1: Pool | AI1: Loan
W2: Bloomberg Refi Index | AA2: Loan Level Incentive | AE2: asof | AF2: 0 | AH2: asof | AI2: 0
C3: asOfDate | D3: Pool Level | E3: Loan Level | F3: Refi Index | G3: LL_Incentve | J3: Last Week | K3: asOfDate | M3: Pool Level | N3: Loan Level | X3: MBAVCMRS | AA3: asOfDate | AB3: refinanceible | AC3: bps | AE3: 42584 | AF3: 0.77758804 | AH3: 42584 | AI3: 0.72145946
C4: 40549 | D4: 0.6240217 | E4: 0.47799603 | F4: =VLOOKUP(C4+1,W:X,2,0) -> 2344.3 | G4: =VLOOKUP(C4,AA:AC,3,0) -> 90.117384 | H4: =MONTH(C4) -> 1 | I4: =IF(H4=H3,0,1) -> 1 | J4: =I5 -> 0 | W4: =_xll.BDH("MBAVCMRS Index","PX LAST","8/10/07",TODAY(),"cols=2;rows=402") -> #NAME? | X4: 2104.1 | AA4: 40549 | AB4: 0.90117384 | AC4: =AB4*100 -> 90.117384 | AE4: 42583 | AF4: 0.79847385 | AH4: 42583 | AI4: 0.74991295
C5: 40556 | D5: 0.62817294 | E5: 0.49650186 | F5: =VLOOKUP(C5+1,W:X,2,0) -> 2528.7 | G5: =VLOOKUP(C5,AA:AC,3,0) -> 95.957973 | H5: =MONTH(C5) -> 1 | I5: =IF(H5=H4,0,1) -> 0 | J5: =I6 -> 0 | W5: 39311 | X5: 1960.1 | AA5: 40556 | AB5: 0.95957973 | AC5: =AB5*100 -> 95.957973 | AE5: 42580 | AF5: 0.82208103 | AH5: 42580 | AI5: 0.75066686
C6: 40563 | D6: 0.62597731 | E6: 0.4802957 | F6: =VLOOKUP(C6+1,W:X,2,0) -> 2129.7 | G6: =VLOOKUP(C6,AA:AC,3,0) -> 93.037678 | H6: =MONTH(C6) -> 1 | I6: =IF(H6=H5,0,1) -> 0 | J6: =I7 -> 0 | W6: 39318 | X6: 1871.4 | AA6: 40563 | AB6: 0.93037678 | AC6: =AB6*100 -> 93.037678 | AE6: 42579 | AF6: 0.78994846 | AH6: 42579 | AI6: 0.74142289
C7: 40570 | D7: 0.62392159 | E7: 0.47679594 | F7: =VLOOKUP(C7+1,W:X,2,0) -> 2371.1 | G7: =VLOOKUP(C7,AA:AC,3,0) -> 89.630668 | H7: =MONTH(C7) -> 1 | I7: =IF(H7=H6,0,1) -> 0 | J7: =I8 -> 1 | K7: =IF(J7=1,EOMONTH(C7,0),"") -> 40574 | L7: =IF(WEEKDAY(K7,2)=6,K7-1,IF(WEEKDAY(K7,2)=7,K7-2,IF(J7=1,K7,""))) -> 40574 | M7: =IF(J7=1,D7,"") -> 0.62392159 | N7: =IF($J7=1,E7,"") -> 0.47679594 | O7: =IF($J7=1,F7,"") -> 2371.1 | P7: =IF($J7=1,G7,"") -> 89.630668 | W7: 39325 | X7: 1892.3 | AA7: 40570 | AB7: 0.89630668 | AC7: =AB7*100 -> 89.630668 | AE7: 42578 | AF7: 0.7828708 | AH7: 42578 | AI7: 0.71829909
C8: 40577 | D8: 0.60653142 | E8: 0.43462013 | F8: =VLOOKUP(C8+1,W:X,2,0) -> 2190.4 | G8: =VLOOKUP(C8,AA:AC,3,0) -> 80.302242 | H8: =MONTH(C8) -> 2 | I8: =IF(H8=H7,0,1) -> 1 | J8: =I9 -> 0 | K8: =IF(J8=1,EOMONTH(C8,0),"") | L8: =IF(WEEKDAY(K8,2)=6,K8-1,IF(WEEKDAY(K8,2)=7,K8-2,IF(J8=1,K8,""))) -> #VALUE! | M8: =IF(J8=1,D8,"") | N8: =IF($J8=1,E8,"") | O8: =IF($J8=1,F8,"") | P8: =IF($J8=1,G8,"") | W8: 39332 | X8: 2009.3 | AA8: 40577 | AB8: 0.80302242 | AC8: =AB8*100 -> 80.302242 | AE8: 42577 | AF8: 0.76565563 | AH8: 42577 | AI8: 0.67012951
C9: 40584 | D9: 0.50868798 | E9: 0.35529177 | F9: =VLOOKUP(C9+1,W:X,2,0) -> 1953.2 | G9: =VLOOKUP(C9,AA:AC,3,0) -> 59.492977 | H9: =MONTH(C9) -> 2 | I9: =IF(H9=H8,0,1) -> 0 | J9: =I10 -> 0 | K9: =IF(J9=1,EOMONTH(C9,0),"") | L9: =IF(WEEKDAY(K9,2)=6,K9-1,IF(WEEKDAY(K9,2)=7,K9-2,IF(J9=1,K9,""))) -> #VALUE! | M9: =IF(J9=1,D9,"") | N9: =IF($J9=1,E9,"") | O9: =IF($J9=1,F9,"") | P9: =IF($J9=1,G9,"") | W9: 39339 | X9: 2091.1 | AA9: 40584 | AB9: 0.59492977 | AC9: =AB9*100 -> 59.492977 | AE9: 42576 | AF9: 0.76995939 | AH9: 42576 | AI9: 0.70939356
C10: 40591 | D10: 0.52965902 | E10: 0.37678804 | F10: =VLOOKUP(C10+1,W:X,2,0) -> 2325.3 | G10: =VLOOKUP(C10,AA:AC,3,0) -> 64.332341 | H10: =MONTH(C10) -> 2 | I10: =IF(H10=H9,0,1) -> 0 | J10: =I11 -> 0 | K10: =IF(J10=1,EOMONTH(C10,0),"") | L10: =IF(WEEKDAY(K10,2)=6,K10-1,IF(WEEKDAY(K10,2)=7,K10-2,IF(J10=1,K10,""))) -> #VALUE! | M10: =IF(J10=1,D10,"") | N10: =IF($J10=1,E10,"") | O10: =IF($J10=1,F10,"") | P10: =IF($J10=1,G10,"") | W10: 39346 | X10: 2172.5 | AA10: 40591 | AB10: 0.64332341 | AC10: =AB10*100 -> 64.332341 | AE10: 42573 | AF10: 0.7739511 | AH10: 42573 | AI10: 0.71218191
C11: 40598 | D11: 0.57709504 | E11: 0.41551494 | F11: =VLOOKUP(C11+1,W:X,2,0) -> 2155.5 | G11: =VLOOKUP(C11,AA:AC,3,0) -> 71.591388 | H11: =MONTH(C11) -> 2 | I11: =IF(H11=H10,0,1) -> 0 | J11: =I12 -> 1 | K11: =IF(J11=1,EOMONTH(C11,0),"") -> 40602 | L11: =IF(WEEKDAY(K11,2)=6,K11-1,IF(WEEKDAY(K11,2)=7,K11-2,IF(J11=1,K11,""))) -> 40602 | M11: =IF(J11=1,D11,"") -> 0.57709504 | N11: =IF($J11=1,E11,"") -> 0.41551494 | O11: =IF($J11=1,F11,"") -> 2155.5 | P11: =IF($J11=1,G11,"") -> 71.591388 | W11: 39353 | X11: 2065.7 | AA11: 40598 | AB11: 0.71591388 | AC11: =AB11*100 -> 71.591388 | AE11: 42572 | AF11: 0.77993182 | AH11: 42572 | AI11: 0.71793846
C12: 40605 | D12: 0.59224776 | E12: 0.42215163 | F12: =VLOOKUP(C12+1,W:X,2,0) -> 2539.4 | G12: =VLOOKUP(C12,AA:AC,3,0) -> 72.287304 | H12: =MONTH(C12) -> 3 | I12: =IF(H12=H11,0,1) -> 1 | J12: =I13 -> 0 | K12: =IF(J12=1,EOMONTH(C12,0),"") | L12: =IF(WEEKDAY(K12,2)=6,K12-1,IF(WEEKDAY(K12,2)=7,K12-2,IF(J12=1,K12,""))) -> #VALUE! | M12: =IF(J12=1,D12,"") | N12: =IF($J12=1,E12,"") | O12: =IF($J12=1,F12,"") | P12: =IF($J12=1,G12,"") | W12: 39360 | X12: 2153.3 | AA12: 40605 | AB12: 0.72287304 | AC12: =AB12*100 -> 72.287304 | AE12: 42571 | AF12: 0.76210929 | AH12: 42571 | AI12: 0.66935077
C13: 40612 | D13: 0.59090571 | E13: 0.42124986 | F13: =VLOOKUP(C13+1,W:X,2,0) -> 2563.6 | G13: =VLOOKUP(C13,AA:AC,3,0) -> 71.325538 | H13: =MONTH(C13) -> 3 | I13: =IF(H13=H12,0,1) -> 0 | J13: =I14 -> 0 | K13: =IF(J13=1,EOMONTH(C13,0),"") | L13: =IF(WEEKDAY(K13,2)=6,K13-1,IF(WEEKDAY(K13,2)=7,K13-2,IF(J13=1,K13,""))) -> #VALUE! | M13: =IF(J13=1,D13,"") | N13: =IF($J13=1,E13,"") | O13: =IF($J13=1,F13,"") | P13: =IF($J13=1,G13,"") | W13: 39367 | X13: 2116.6 | AA13: 40612 | AB13: 0.71325538 | AC13: =AB13*100 -> 71.325538 | AE13: 42570 | AF13: 0.77099106 | AH13: 42570 | AI13: 0.7094017
C14: 40619 | D14: 0.60261779 | E14: 0.46784663 | F14: =VLOOKUP(C14+1,W:X,2,0) -> 2620.8 | G14: =VLOOKUP(C14,AA:AC,3,0) -> 82.866728 | H14: =MONTH(C14) -> 3 | I14: =IF(H14=H13,0,1) -> 0 | J14: =I15 -> 0 | K14: =IF(J14=1,EOMONTH(C14,0),"") | L14: =IF(WEEKDAY(K14,2)=6,K14-1,IF(WEEKDAY(K14,2)=7,K14-2,IF(J14=1,K14,""))) -> #VALUE! | M14: =IF(J14=1,D14,"") | N14: =IF($J14=1,E14,"") | O14: =IF($J14=1,F14,"") | P14: =IF($J14=1,G14,"") | W14: 39374 | X14: 2221.1 | AA14: 40619 | AB14: 0.82866728 | AC14: =AB14*100 -> 82.866728 | AE14: 42569 | AF14: 0.75904621 | AH14: 42569 | AI14: 0.66656076
C15: 40626 | D15: 0.59950596 | E15: 0.4501581 | F15: =VLOOKUP(C15+1,W:X,2,0) -> 2350.7 | G15: =VLOOKUP(C15,AA:AC,3,0) -> 78.057899 | H15: =MONTH(C15) -> 3 | I15: =IF(H15=H14,0,1) -> 0 | J15: =I16 -> 0 | K15: =IF(J15=1,EOMONTH(C15,0),"") | L15: =IF(WEEKDAY(K15,2)=6,K15-1,IF(WEEKDAY(K15,2)=7,K15-2,IF(J15=1,K15,""))) -> #VALUE! | M15: =IF(J15=1,D15,"") | N15: =IF($J15=1,E15,"") | O15: =IF($J15=1,F15,"") | P15: =IF($J15=1,G15,"") | W15: 39381 | X15: 2433.2 | AA15: 40626 | AB15: 0.78057899 | AC15: =AB15*100 -> 78.057899 | AE15: 42566 | AF15: 0.75739628 | AH15: 42566 | AI15: 0.66567592
C16: 40633 | D16: 0.59322571 | E16: 0.42282959 | F16: =VLOOKUP(C16+1,W:X,2,0) -> 2194.4 | G16: =VLOOKUP(C16,AA:AC,3,0) -> 73.24907 | H16: =MONTH(C16) -> 3 | I16: =IF(H16=H15,0,1) -> 0 | J16: =I17 -> 1 | K16: =IF(J16=1,EOMONTH(C16,0),"") -> 40633 | L16: =IF(WEEKDAY(K16,2)=6,K16-1,IF(WEEKDAY(K16,2)=7,K16-2,IF(J16=1,K16,""))) -> 40633 | M16: =IF(J16=1,D16,"") -> 0.59322571 | N16: =IF($J16=1,E16,"") -> 0.42282959 | O16: =IF($J16=1,F16,"") -> 2194.4 | P16: =IF($J16=1,G16,"") -> 73.24907 | W16: 39388 | X16: 2336.2 | AA16: 40633 | AB16: 0.7324907 | AC16: =AB16*100 -> 73.24907 | AE16: 42565 | AF16: 0.77538314 | AH16: 42565 | AI16: 0.71273478
C17: 40640 | D17: 0.58542145 | E17: 0.41477854 | F17: =VLOOKUP(C17+1,W:X,2,0) -> 2010.6 | G17: =VLOOKUP(C17,AA:AC,3,0) -> 71.425856 | H17: =MONTH(C17) -> 4 | I17: =IF(H17=H16,0,1) -> 1 | J17: =I18 -> 0 | K17: =IF(J17=1,EOMONTH(C17,0),"") | L17: =IF(WEEKDAY(K17,2)=6,K17-1,IF(WEEKDAY(K17,2)=7,K17-2,IF(J17=1,K17,""))) -> #VALUE! | M17: =IF(J17=1,D17,"") | N17: =IF($J17=1,E17,"") | O17: =IF($J17=1,F17,"") | P17: =IF($J17=1,G17,"") | W17: 39395 | X17: 2503.6 | AA17: 40640 | AB17: 0.71425856 | AC17: =AB17*100 -> 71.425856 | AE17: 42564 | AF17: 0.77538314 | AH17: 42564 | AI17: 0.71272609
C18: 40647 | D18: 0.58155199 | E18: 0.41340612 | F18: =VLOOKUP(C18+1,W:X,2,0) -> 2065.3 | G18: =VLOOKUP(C18,AA:AC,3,0) -> 69.979165 | H18: =MONTH(C18) -> 4 | I18: =IF(H18=H17,0,1) -> 0 | J18: =I19 -> 0 | K18: =IF(J18=1,EOMONTH(C18,0),"") | L18: =IF(WEEKDAY(K18,2)=6,K18-1,IF(WEEKDAY(K18,2)=7,K18-2,IF(J18=1,K18,""))) -> #VALUE! | M18: =IF(J18=1,D18,"") | N18: =IF($J18=1,E18,"") | O18: =IF($J18=1,F18,"") | P18: =IF($J18=1,G18,"") | W18: 39402 | X18: 2371.1 | AA18: 40647 | AB18: 0.69979165 | AC18: =AB18*100 -> 69.979165 | AE18: 42563 | AF18: 0.76504836 | AH18: 42563 | AI18: 0.67012082
... C49: 40864 | D49: 0.93485324 | E49: 0.8071978 | F49: =VLOOKUP(C49+1,W:X,2,0) -> 3466.8 | G49: =VLOOKUP(C49,AA:AC,3,0) -> 144.85245 | H49: =MONTH(C49) -> 11 | I49: =IF(H49=H48,0,1) -> 0 | J49: =I50 -> 0 | K49: =IF(J49=1,EOMONTH(C49,0),"") | L49: =IF(WEEKDAY(K49,2)=6,K49-1,IF(WEEKDAY(K49,2)=7,K49-2,IF(J49=1,K49,""))) -> #VALUE! | M49: =IF(J49=1,D49,"") | N49: =IF($J49=1,E49,"") | O49: =IF($J49=1,F49,"") | P49: =IF($J49=1,G49,"") | W49: 39619 | X49: 1044.6 | AA49: 40864 | AB49: 1.4485245 | AC49: =AB49*100 -> 144.85245 | AE49: 42515 | AF49: 0.61734584 | AH49: 42515 | AI49: 0.57360757
C50: 40870 | D50: 0.94997171 | E50: 0.80850149 | F50: =VLOOKUP(C50+2,W:X,2,0) -> 2941.3 | G50: =VLOOKUP(C50,AA:AC,3,0) -> 146.78788 | H50: =MONTH(C50) -> 11 | I50: =IF(H50=H49,0,1) -> 0 | J50: =I51 -> 1 | K50: =IF(J50=1,EOMONTH(C50,0),"") -> 40877 | L50: =IF(WEEKDAY(K50,2)=6,K50-1,IF(WEEKDAY(K50,2)=7,K50-2,IF(J50=1,K50,""))) -> 40877 | M50: =IF(J50=1,D50,"") -> 0.94997171 | N50: =IF($J50=1,E50,"") -> 0.80850149 | O50: =IF($J50=1,F50,"") -> 2941.3 | P50: =IF($J50=1,G50,"") -> 146.78788 | W50: 39626 | X50: 1111.3 | AA50: 40870 | AB50: 1.4678788 | AC50: =AB50*100 -> 146.78788 | AE50: 42514 | AF50: 0.62984667 | AH50: 42514 | AI50: 0.57922941
C51: 40878 | D51: 0.91542629 | E51: 0.79441105 | F51: =VLOOKUP(C51+1,W:X,2,0) -> 3394.7 | G51: =VLOOKUP(C51,AA:AC,3,0) -> 142.18347 | H51: =MONTH(C51) -> 12 | I51: =IF(H51=H50,0,1) -> 1 | J51: =I52 -> 0 | K51: =IF(J51=1,EOMONTH(C51,0),"") | L51: =IF(WEEKDAY(K51,2)=6,K51-1,IF(WEEKDAY(K51,2)=7,K51-2,IF(J51=1,K51,""))) -> #VALUE! | M51: =IF(J51=1,D51,"") | N51: =IF($J51=1,E51,"") | O51: =IF($J51=1,F51,"") | P51: =IF($J51=1,G51,"") | W51: 39633 | X51: 1166.5 | AA51: 40878 | AB51: 1.4218347 | AC51: =AB51*100 -> 142.18347 | AE51: 42513 | AF51: 0.64166469 | AH51: 42513 | AI51: 0.60035059
C52: 40885 | D52: 0.92487461 | E52: 0.79445841 | F52: =VLOOKUP(C52+1,W:X,2,0) -> 3708.6 | G52: =VLOOKUP(C52,AA:AC,3,0) -> 143.1491 | H52: =MONTH(C52) -> 12 | I52: =IF(H52=H51,0,1) -> 0 | J52: =I53 -> 0 | K52: =IF(J52=1,EOMONTH(C52,0),"") | L52: =IF(WEEKDAY(K52,2)=6,K52-1,IF(WEEKDAY(K52,2)=7,K52-2,IF(J52=1,K52,""))) -> #VALUE! | M52: =IF(J52=1,D52,"") | N52: =IF($J52=1,E52,"") | O52: =IF($J52=1,F52,"") | P52: =IF($J52=1,G52,"") | W52: 39640 | X52: 1270.6 | AA52: 40885 | AB52: 1.431491 | AC52: =AB52*100 -> 143.1491 | AE52: 42510 | AF52: 0.6363819 | AH52: 42510 | AI52: 0.59943772
C53: 40892 | D53: 0.93969161 | E53: 0.79646175 | F53: =VLOOKUP(C53+1,W:X,2,0) -> 3676.1 | G53: =VLOOKUP(C53,AA:AC,3,0) -> 145.56319 | H53: =MONTH(C53) -> 12 | I53: =IF(H53=H52,0,1) -> 0 | J53: =I54 -> 0 | K53: =IF(J53=1,EOMONTH(C53,0),"") | L53: =IF(WEEKDAY(K53,2)=6,K53-1,IF(WEEKDAY(K53,2)=7,K53-2,IF(J53=1,K53,""))) -> #VALUE! | M53: =IF(J53=1,D53,"") | N53: =IF($J53=1,E53,"") | O53: =IF($J53=1,F53,"") | P53: =IF($J53=1,G53,"") | W53: 39647 | X53: 1213.9 | AA53: 40892 | AB53: 1.4556319 | AC53: =AB53*100 -> 145.56319 | AE53: 42509 | AF53: 0.63933636 | AH53: 42509 | AI53: 0.60006627
C54: 40899 | D54: 0.96019587 | E54: 0.8253704 | F54: =VLOOKUP(C54+1,W:X,2,0) -> 3684.5 | G54: =VLOOKUP(C54,AA:AC,3,0) -> 150.87417 | H54: =MONTH(C54) -> 12 | I54: =IF(H54=H53,0,1) -> 0 | J54: =I55 -> 0 | K54: =IF(J54=1,EOMONTH(C54,0),"") | L54: =IF(WEEKDAY(K54,2)=6,K54-1,IF(WEEKDAY(K54,2)=7,K54-2,IF(J54=1,K54,""))) -> #VALUE! | M54: =IF(J54=1,D54,"") | N54: =IF($J54=1,E54,"") | O54: =IF($J54=1,F54,"") | P54: =IF($J54=1,G54,"") | W54: 39654 | X54: 874.1 | AA54: 40899 | AB54: 1.5087417 | AC54: =AB54*100 -> 150.87417 | AE54: 42508 | AF54: 0.60838946 | AH54: 42508 | AI54: 0.57190841
C55: 40906 | D55: 0.9476226 | E55: 0.81734633 | F55: =VLOOKUP(C55+1,W:X,2,0) -> 3608.1 | G55: =VLOOKUP(C55,AA:AC,3,0) -> 147.01164 | H55: =MONTH(C55) -> 12 | I55: =IF(H55=H54,0,1) -> 0 | J55: =I56 -> 1 | K55: =IF(J55=1,EOMONTH(C55,0),"") -> 40908 | L55: =IF(WEEKDAY(K55,2)=6,K55-1,IF(WEEKDAY(K55,2)=7,K55-2,IF(J55=1,K55,""))) -> 40907 | M55: =IF(J55=1,D55,"") -> 0.9476226 | N55: =IF($J55=1,E55,"") -> 0.81734633 | O55: =IF($J55=1,F55,"") -> 3608.1 | P55: =IF($J55=1,G55,"") -> 147.01164 | W55: 39661 | X55: 897.7 | AA55: 40906 | AB55: 1.4701164 | AC55: =AB55*100 -> 147.01164 | AE55: 42507 | AF55: 0.69560209 | AH55: 42507 | AI55: 0.64998699
C56: 40913 | D56: 0.94481774 | E56: 0.80629912 | F56: =VLOOKUP(C56+1,W:X,2,0) -> 3668.3 | G56: =VLOOKUP(C56,AA:AC,3,0) -> 145.54458 | H56: =MONTH(C56) -> 1 | I56: =IF(H56=H55,0,1) -> 1 | J56: =I57 -> 0 | K56: =IF(J56=1,EOMONTH(C56,0),"") | L56: =IF(WEEKDAY(K56,2)=6,K56-1,IF(WEEKDAY(K56,2)=7,K56-2,IF(J56=1,K56,""))) -> #VALUE! | M56: =IF(J56=1,D56,"") | N56: =IF($J56=1,E56,"") | O56: =IF($J56=1,F56,"") | P56: =IF($J56=1,G56,"") | W56: 39668 | X56: 853.1 | AA56: 40913 | AB56: 1.4554458 | AC56: =AB56*100 -> 145.54458 | AE56: 42506 | AF56: 0.72664448 | AH56: 42506 | AI56: 0.65700296
C57: 40920 | D57: 0.95320352 | E57: 0.81626219 | F57: =VLOOKUP(C57+1,W:X,2,0) -> 4626.5 | G57: =VLOOKUP(C57,AA:AC,3,0) -> 149.88559 | H57: =MONTH(C57) -> 1 | I57: =IF(H57=H56,0,1) -> 0 | J57: =I58 -> 0 | K57: =IF(J57=1,EOMONTH(C57,0),"") | L57: =IF(WEEKDAY(K57,2)=6,K57-1,IF(WEEKDAY(K57,2)=7,K57-2,IF(J57=1,K57,""))) -> #VALUE! | M57: =IF(J57=1,D57,"") | N57: =IF($J57=1,E57,"") | O57: =IF($J57=1,F57,"") | P57: =IF($J57=1,G57,"") | W57: 39675 | X57: 815.2 | AA57: 40920 | AB57: 1.4988559 | AC57: =AB57*100 -> 149.88559 | AE57: 42503 | AF57: 0.75938016 | AH57: 42503 | AI57: 0.68377095
C58: 40927 | D58: 0.95182772 | E58: 0.81461585 | F58: =VLOOKUP(C58+1,W:X,2,0) -> 4326.4 | G58: =VLOOKUP(C58,AA:AC,3,0) -> 148.43859 | H58: =MONTH(C58) -> 1 | I58: =IF(H58=H57,0,1) -> 0 | J58: =I59 -> 0 | K58: =IF(J58=1,EOMONTH(C58,0),"") | L58: =IF(WEEKDAY(K58,2)=6,K58-1,IF(WEEKDAY(K58,2)=7,K58-2,IF(J58=1,K58,""))) -> #VALUE! | M58: =IF(J58=1,D58,"") | N58: =IF($J58=1,E58,"") | O58: =IF($J58=1,F58,"") | P58: =IF($J58=1,G58,"") | W58: 39682 | X58: 793.9 | AA58: 40927 | AB58: 1.4843859 | AC58: =AB58*100 -> 148.43859 | AE58: 42502 | AF58: 0.72488212 | AH58: 42502 | AI58: 0.65697102
C59: 40934 | D59: 0.91861521 | E59: 0.78339394 | F59: =VLOOKUP(C59+1,W:X,2,0) -> 4184.3 | G59: =VLOOKUP(C59,AA:AC,3,0) -> 141.20356 | H59: =MONTH(C59) -> 1 | I59: =IF(H59=H58,0,1) -> 0 | J59: =I60 -> 1 | K59: =IF(J59=1,EOMONTH(C59,0),"") -> 40939 | L59: =IF(WEEKDAY(K59,2)=6,K59-1,IF(WEEKDAY(K59,2)=7,K59-2,IF(J59=1,K59,""))) -> 40939 | M59: =IF(J59=1,D59,"") -> 0.91861521 | N59: =IF($J59=1,E59,"") -> 0.78339394 | O59: =IF($J59=1,F59,"") -> 4184.3 | P59: =IF($J59=1,G59,"") -> 141.20356 | W59: 39689 | X59: 825 | AA59: 40934 | AB59: 1.4120356 | AC59: =AB59*100 -> 141.20356 | AE59: 42501 | AF59: 0.72894141 | AH59: 42501 | AI59: 0.65697102
C60: 40941 | D60: 0.94107838 | E60: 0.79842548 | F60: =VLOOKUP(C60+1,W:X,2,0) -> 4617.1 | G60: =VLOOKUP(C60,AA:AC,3,0) -> 145.72263 | H60: =MONTH(C60) -> 2 | I60: =IF(H60=H59,0,1) -> 1 | J60: =I61 -> 0 | K60: =IF(J60=1,EOMONTH(C60,0),"") | L60: =IF(WEEKDAY(K60,2)=6,K60-1,IF(WEEKDAY(K60,2)=7,K60-2,IF(J60=1,K60,""))) -> #VALUE! | M60: =IF(J60=1,D60,"") | N60: =IF($J60=1,E60,"") | O60: =IF($J60=1,F60,"") | P60: =IF($J60=1,G60,"") | W60: 39696 | X60: 998.3 | AA60: 40941 | AB60: 1.4572263 | AC60: =AB60*100 -> 145.72263 | AE60: 42500 | AF60: 0.72488212 | AH60: 42500 | AI60: 0.65697102
C61: 40948 | D61: 0.94107838 | E61: 0.79842548 | F61: =VLOOKUP(C61+1,W:X,2,0) -> 4716.1 | G61: =VLOOKUP(C61,AA:AC,3,0) -> 145.72263 | H61: =MONTH(C61) -> 2 | I61: =IF(H61=H60,0,1) -> 0 | J61: =I62 -> 0 | K61: =IF(J61=1,EOMONTH(C61,0),"") | L61: =IF(WEEKDAY(K61,2)=6,K61-1,IF(WEEKDAY(K61,2)=7,K61-2,IF(J61=1,K61,""))) -> #VALUE! | M61: =IF(J61=1,D61,"") | N61: =IF($J61=1,E61,"") | O61: =IF($J61=1,F61,"") | P61: =IF($J61=1,G61,"") | W61: 39703 | X61: 2068.5 | AA61: 40948 | AB61: 1.4572263 | AC61: =AB61*100 -> 145.72263 | AE61: 42499 | AF61: 0.73857746 | AH61: 42499 | AI61: 0.65697102
C62: 40955 | D62: 0.94107838 | E62: 0.79842548 | F62: =VLOOKUP(C62+1,W:X,2,0) -> 4466.9 | G62: =VLOOKUP(C62,AA:AC,3,0) -> 145.72263 | H62: =MONTH(C62) -> 2 | I62: =IF(H62=H61,0,1) -> 0 | J62: =I63 -> 0 | K62: =IF(J62=1,EOMONTH(C62,0),"") | L62: =IF(WEEKDAY(K62,2)=6,K62-1,IF(WEEKDAY(K62,2)=7,K62-2,IF(J62=1,K62,""))) -> #VALUE! | M62: =IF(J62=1,D62,"") | N62: =IF($J62=1,E62,"") | O62: =IF($J62=1,F62,"") | P62: =IF($J62=1,G62,"") | W62: 39710 | X62: 1756.8 | AA62: 40955 | AB62: 1.4572263 | AC62: =AB62*100 -> 145.72263 | AE62: 42496 | AF62: 0.72664448 | AH62: 42499 | AI62: 0.65697102
... C119: 41354 | D119: 0.76832709 | E119: 0.72870486 | F119: =VLOOKUP(C119+1,W:X,2,0) -> 4412.9 | G119: =VLOOKUP(C119,AA:AC,3,0) -> 134.85819 | H119: =MONTH(C119) -> 3 | I119: =IF(H119=H118,0,1) -> 0 | J119: =I120 -> 0 | K119: =IF(J119=1,EOMONTH(C119,0),"") | L119: =IF(WEEKDAY(K119,2)=6,K119-1,IF(WEEKDAY(K119,2)=7,K119-2,IF(J119=1,K119,""))) -> #VALUE! | M119: =IF(J119=1,D119,"") | N119: =IF($J119=1,E119,"") | O119: =IF($J119=1,F119,"") | P119: =IF($J119=1,G119,"") | W119: 40109 | X119: 2304 | AA119: 41354 | AB119: 1.3485819 | AC119: =AB119*100 -> 134.85819 | AE119: 42409 | AF119: 0.72648203 | AH119: 42417 | AI119: 0.58974675
C120: 41361 | D120: 0.73085022 | E120: 0.71206287 | F120: =VLOOKUP(C120+1,W:X,2,0) -> 4119.2 | G120: =VLOOKUP(C120,AA:AC,3,0) -> 131.92348 | H120: =MONTH(C120) -> 3 | I120: =IF(H120=H119,0,1) -> 0 | J120: =I121 -> 1 | K120: =IF(J120=1,EOMONTH(C120,0),"") -> 41364 | L120: =IF(WEEKDAY(K120,2)=6,K120-1,IF(WEEKDAY(K120,2)=7,K120-2,IF(J120=1,K120,"")))-1 -> 41361 | M120: =IF(J120=1,D120,"") -> 0.73085022 | N120: =IF($J120=1,E120,"") -> 0.71206287 | O120: =IF($J120=1,F120,"") -> 4119.2 | P120: =IF($J120=1,G120,"") -> 131.92348 | W120: 40116 | X120: 2715.2 | AA120: 41361 | AB120: 1.3192348 | AC120: =AB120*100 -> 131.92348 | AE120: 42408 | AF120: 0.68939403 | AH120: 42416 | AI120: 0.62043511
C121: 41368 | D121: 0.74812714 | E121: 0.71361317 | F121: =VLOOKUP(C121+1,W:X,2,0) -> 4528.9 | G121: =VLOOKUP(C121,AA:AC,3,0) -> 132.40001 | H121: =MONTH(C121) -> 4 | I121: =IF(H121=H120,0,1) -> 1 | J121: =I122 -> 0 | K121: =IF(J121=1,EOMONTH(C121,0),"") | L121: =IF(WEEKDAY(K121,2)=6,K121-1,IF(WEEKDAY(K121,2)=7,K121-2,IF(J121=1,K121,""))) -> #VALUE! | M121: =IF(J121=1,D121,"") | N121: =IF($J121=1,E121,"") | O121: =IF($J121=1,F121,"") | P121: =IF($J121=1,G121,"") | W121: 40123 | X121: 2996 | AA121: 41368 | AB121: 1.3240001 | AC121: =AB121*100 -> 132.40001 | AE121: 42405 | AF121: 0.6257574 | AH121: 42412 | AI121: 0.62082365
C122: 41375 | D122: 0.81951891 | E122: 0.73719139 | F122: =VLOOKUP(C122+1,W:X,2,0) -> 4726.9 | G122: =VLOOKUP(C122,AA:AC,3,0) -> 143.20343 | H122: =MONTH(C122) -> 4 | I122: =IF(H122=H121,0,1) -> 0 | J122: =I123 -> 0 | K122: =IF(J122=1,EOMONTH(C122,0),"") | L122: =IF(WEEKDAY(K122,2)=6,K122-1,IF(WEEKDAY(K122,2)=7,K122-2,IF(J122=1,K122,""))) -> #VALUE! | M122: =IF(J122=1,D122,"") | N122: =IF($J122=1,E122,"") | O122: =IF($J122=1,F122,"") | P122: =IF($J122=1,G122,"") | W122: 40130 | X122: 3117 | AA122: 41375 | AB122: 1.4320343 | AC122: =AB122*100 -> 143.20343 | AE122: 42404 | AF122: 0.62090383 | AH122: 42411 | AI122: 0.70441505
C123: 41382 | D123: 0.82637993 | E123: 0.76108986 | F123: =VLOOKUP(C123+1,W:X,2,0) -> 4672.1 | G123: =VLOOKUP(C123,AA:AC,3,0) -> 147.62302 | H123: =MONTH(C123) -> 4 | I123: =IF(H123=H122,0,1) -> 0 | J123: =I124 -> 0 | K123: =IF(J123=1,EOMONTH(C123,0),"") | L123: =IF(WEEKDAY(K123,2)=6,K123-1,IF(WEEKDAY(K123,2)=7,K123-2,IF(J123=1,K123,""))) -> #VALUE! | M123: =IF(J123=1,D123,"") | N123: =IF($J123=1,E123,"") | O123: =IF($J123=1,F123,"") | P123: =IF($J123=1,G123,"") | W123: 40137 | X123: 2815.1 | AA123: 41382 | AB123: 1.4762302 | AC123: =AB123*100 -> 147.62302 | AE123: 42403 | AF123: 0.6413485 | AH123: 42410 | AI123: 0.67356111
C124: 41389 | D124: 0.82478602 | E124: 0.75993927 | F124: =VLOOKUP(C124+1,W:X,2,0) -> 4854.1 | G124: =VLOOKUP(C124,AA:AC,3,0) -> 146.14982 | H124: =MONTH(C124) -> 4 | I124: =IF(H124=H123,0,1) -> 0 | J124: =I125 -> 1 | K124: =IF(J124=1,EOMONTH(C124,0),"") -> 41394 | L124: =IF(WEEKDAY(K124,2)=6,K124-1,IF(WEEKDAY(K124,2)=7,K124-2,IF(J124=1,K124,""))) -> 41394 | M124: =IF(J124=1,D124,"") -> 0.82478602 | N124: =IF($J124=1,E124,"") -> 0.75993927 | O124: =IF($J124=1,F124,"") -> 4854.1 | P124: =IF($J124=1,G124,"") -> 146.14982 | W124: 40144 | X124: 2958.4 | AA124: 41389 | AB124: 1.4614982 | AC124: =AB124*100 -> 146.14982 | AE124: 42402 | AF124: 0.64022367 | AH124: 42409 | AI124: 0.67040396
C125: 41396 | D125: 0.81686282 | E125: 0.77520531 | F125: =VLOOKUP(C125+1,W:X,2,0) -> 5279.9 | G125: =VLOOKUP(C125,AA:AC,3,0) -> 151.66865 | H125: =MONTH(C125) -> 5 | I125: =IF(H125=H124,0,1) -> 1 | J125: =I126 -> 0 | K125: =IF(J125=1,EOMONTH(C125,0),"") | L125: =IF(WEEKDAY(K125,2)=6,K125-1,IF(WEEKDAY(K125,2)=7,K125-2,IF(J125=1,K125,""))) -> #VALUE! | M125: =IF(J125=1,D125,"") | N125: =IF($J125=1,E125,"") | O125: =IF($J125=1,F125,"") | P125: =IF($J125=1,G125,"") | W125: 40151 | X125: 3312.7 | AA125: 41396 | AB125: 1.5166865 | AC125: =AB125*100 -> 151.66865 | AE125: 42401 | AF125: 0.57364006 | AH125: 42408 | AI125: 0.66256015
C126: 41403 | D126: 0.80807149 | E126: 0.75094523 | F126: =VLOOKUP(C126+1,W:X,2,0) -> 4797.2 | G126: =VLOOKUP(C126,AA:AC,3,0) -> 144.7713 | H126: =MONTH(C126) -> 5 | I126: =IF(H126=H125,0,1) -> 0 | J126: =I127 -> 0 | K126: =IF(J126=1,EOMONTH(C126,0),"") | L126: =IF(WEEKDAY(K126,2)=6,K126-1,IF(WEEKDAY(K126,2)=7,K126-2,IF(J126=1,K126,""))) -> #VALUE! | M126: =IF(J126=1,D126,"") | N126: =IF($J126=1,E126,"") | O126: =IF($J126=1,F126,"") | P126: =IF($J126=1,G126,"") | W126: 40158 | X126: 3354 | AA126: 41403 | AB126: 1.447713 | AC126: =AB126*100 -> 144.7713 | AE126: 42398 | AF126: 0.62325064 | AH126: 42405 | AI126: 0.59064981
C127: 41410 | D127: 0.77783404 | E127: 0.7215905 | F127: =VLOOKUP(C127+1,W:X,2,0) -> 4241.5 | G127: =VLOOKUP(C127,AA:AC,3,0) -> 135.90326 | H127: =MONTH(C127) -> 5 | I127: =IF(H127=H126,0,1) -> 0 | J127: =I128 -> 0 | K127: =IF(J127=1,EOMONTH(C127,0),"") | L127: =IF(WEEKDAY(K127,2)=6,K127-1,IF(WEEKDAY(K127,2)=7,K127-2,IF(J127=1,K127,""))) -> #VALUE! | M127: =IF(J127=1,D127,"") | N127: =IF($J127=1,E127,"") | O127: =IF($J127=1,F127,"") | P127: =IF($J127=1,G127,"") | W127: 40165 | X127: 2988.7 | AA127: 41410 | AB127: 1.3590326 | AC127: =AB127*100 -> 135.90326 | AE127: 42397 | AF127: 0.57711681 | AH127: 42404 | AI127: 0.58964809
C128: 41417 | D128: 0.69528028 | E128: 0.6853086 | F128: =VLOOKUP(C128+1,W:X,2,0) -> 3709.4 | G128: =VLOOKUP(C128,AA:AC,3,0) -> 128.02057 | H128: =MONTH(C128) -> 5 | I128: =IF(H128=H127,0,1) -> 0 | J128: =I129 -> 0 | K128: =IF(J128=1,EOMONTH(C128,0),"") | L128: =IF(WEEKDAY(K128,2)=6,K128-1,IF(WEEKDAY(K128,2)=7,K128-2,IF(J128=1,K128,""))) -> #VALUE! | M128: =IF(J128=1,D128,"") | N128: =IF($J128=1,E128,"") | O128: =IF($J128=1,F128,"") | P128: =IF($J128=1,G128,"") | W128: 40172 | X128: 2038.4 | AA128: 41417 | AB128: 1.2802057 | AC128: =AB128*100 -> 128.02057 | AE128: 42396 | AF128: 0.56800749 | AH128: 42403 | AI128: 0.62014213
C129: 41424 | D129: 0.63267242 | E129: 0.61546646 | F129: =VLOOKUP(C129+1,W:X,2,0) -> 3163.6 | G129: =VLOOKUP(C129,AA:AC,3,0) -> 103.87981 | H129: =MONTH(C129) -> 5 | I129: =IF(H129=H128,0,1) -> 0 | J129: =I130 -> 1 | K129: =IF(J129=1,EOMONTH(C129,0),"") -> 41425 | L129: =IF(WEEKDAY(K129,2)=6,K129-1,IF(WEEKDAY(K129,2)=7,K129-2,IF(J129=1,K129,""))) -> 41425 | M129: =IF(J129=1,D129,"") -> 0.63267242 | N129: =IF($J129=1,E129,"") -> 0.61546646 | O129: =IF($J129=1,F129,"") -> 3163.6 | P129: =IF($J129=1,G129,"") -> 103.87981 | W129: 40179 | X129: 2021.1 | AA129: 41424 | AB129: 1.0387981 | AC129: =AB129*100 -> 103.87981 | AE129: 42395 | AF129: 0.56985236 | AH129: 42402 | AI129: 0.61961471
C130: 41431 | D130: 0.60569175 | E130: 0.57861778 | F130: =VLOOKUP(C130+1,W:X,2,0) -> 3339.8 | G130: =VLOOKUP(C130,AA:AC,3,0) -> 93.659915 | H130: =MONTH(C130) -> 6 | I130: =IF(H130=H129,0,1) -> 1 | J130: =I131 -> 0 | K130: =IF(J130=1,EOMONTH(C130,0),"") | L130: =IF(WEEKDAY(K130,2)=6,K130-1,IF(WEEKDAY(K130,2)=7,K130-2,IF(J130=1,K130,""))) -> #VALUE! | M130: =IF(J130=1,D130,"") | N130: =IF($J130=1,E130,"") | O130: =IF($J130=1,F130,"") | P130: =IF($J130=1,G130,"") | W130: 40186 | X130: 2430 | AA130: 41431 | AB130: 0.93659915 | AC130: =AB130*100 -> 93.659915 | AE130: 42394 | AF130: 0.54513613 | AH130: 42401 | AI130: 0.54973638
C131: 41438 | D131: 0.57343184 | E131: 0.55842109 | F131: =VLOOKUP(C131+1,W:X,2,0) -> 3214.4 | G131: =VLOOKUP(C131,AA:AC,3,0) -> 86.743606 | H131: =MONTH(C131) -> 6 | I131: =IF(H131=H130,0,1) -> 0 | J131: =I132 -> 0 | K131: =IF(J131=1,EOMONTH(C131,0),"") | L131: =IF(WEEKDAY(K131,2)=6,K131-1,IF(WEEKDAY(K131,2)=7,K131-2,IF(J131=1,K131,""))) -> #VALUE! | M131: =IF(J131=1,D131,"") | N131: =IF($J131=1,E131,"") | O131: =IF($J131=1,F131,"") | P131: =IF($J131=1,G131,"") | W131: 40193 | X131: 2638.2 | AA131: 41438 | AB131: 0.86743606 | AC131: =AB131*100 -> 86.743606 | AE131: 42391 | AF131: 0.53387094 | AH131: 42398 | AI131: 0.59584332
C132: 41445 | D132: 0.58795255 | E132: 0.55919632 | F132: =VLOOKUP(C132+1,W:X,2,0) -> 3040.1 | G132: =VLOOKUP(C132,AA:AC,3,0) -> 89.213716 | H132: =MONTH(C132) -> 6 | I132: =IF(H132=H131,0,1) -> 0 | J132: =I133 -> 0 | K132: =IF(J132=1,EOMONTH(C132,0),"") | L132: =IF(WEEKDAY(K132,2)=6,K132-1,IF(WEEKDAY(K132,2)=7,K132-2,IF(J132=1,K132,""))) -> #VALUE! | M132: =IF(J132=1,D132,"") | N132: =IF($J132=1,E132,"") | O132: =IF($J132=1,F132,"") | P132: =IF($J132=1,G132,"") | W132: 40200 | X132: 2192.1 | AA132: 41445 | AB132: 0.89213716 | AC132: =AB132*100 -> 89.213716 | AE132: 42390 | AF132: 0.54936137 | AH132: 42397 | AI132: 0.55686236
... C154: 41599 | D154: 0.41410654 | E154: 0.42989701 | F154: =VLOOKUP(C154+1,W:X,2,0) -> 1917.2 | G154: =VLOOKUP(C154,AA:AC,3,0) -> 49.666126 | H154: =MONTH(C154) -> 11 | I154: =IF(H154=H153,0,1) -> 0 | J154: =I155 -> 0 | K154: =IF(J154=1,EOMONTH(C154,0),"") | L154: =IF(WEEKDAY(K154,2)=6,K154-1,IF(WEEKDAY(K154,2)=7,K154-2,IF(J154=1,K154,""))) -> #VALUE! | M154: =IF(J154=1,D154,"") | N154: =IF($J154=1,E154,"") | O154: =IF($J154=1,F154,"") | P154: =IF($J154=1,G154,"") | W154: 40354 | X154: 3546.2 | AA154: 41599 | AB154: 0.49666126 | AC154: =AB154*100 -> 49.666126 | AE154: 42355 | AF154: 0.4698406 | AH154: 42362 | AI154: 0.41836764
C155: 41605 | D155: 0.39699816 | E155: 0.40126296 | F155: =VLOOKUP(C155+2,W:X,2,0) -> 1561.6 | G155: =VLOOKUP(C155,AA:AC,3,0) -> 42.748534 | H155: =MONTH(C155) -> 11 | I155: =IF(H155=H154,0,1) -> 0 | J155: =I156 -> 1 | K155: =IF(J155=1,EOMONTH(C155,0),"") -> 41608 | L155: =IF(WEEKDAY(K155,2)=6,K155-1,IF(WEEKDAY(K155,2)=7,K155-2,IF(J155=1,K155,""))) -> 41607 | M155: =IF(J155=1,D155,"") -> 0.39699816 | N155: =IF($J155=1,E155,"") -> 0.40126296 | O155: =IF($J155=1,F155,"") -> 1561.6 | P155: =IF($J155=1,G155,"") -> 42.748534 | W155: 40361 | X155: 3925.9 | AA155: 41605 | AB155: 0.42748534 | AC155: =AB155*100 -> 42.748534 | AE155: 42354 | AF155: 0.44349123 | AH155: 42361 | AI155: 0.4157987
C156: 41613 | D156: 0.37338021 | E156: 0.33122793 | F156: =VLOOKUP(C156+1,W:X,2,0) -> 1599.4 | G156: =VLOOKUP(C156,AA:AC,3,0) -> 28.854053 | H156: =MONTH(C156) -> 12 | I156: =IF(H156=H155,0,1) -> 1 | J156: =I157 -> 0 | K156: =IF(J156=1,EOMONTH(C156,0),"") | L156: =IF(WEEKDAY(K156,2)=6,K156-1,IF(WEEKDAY(K156,2)=7,K156-2,IF(J156=1,K156,""))) -> #VALUE! | M156: =IF(J156=1,D156,"") | N156: =IF($J156=1,E156,"") | O156: =IF($J156=1,F156,"") | P156: =IF($J156=1,G156,"") | W156: 40368 | X156: 3925.8 | AA156: 41613 | AB156: 0.28854053 | AC156: =AB156*100 -> 28.854053 | AE156: 42353 | AF156: 0.45523454 | AH156: 42360 | AI156: 0.41773221
C157: 41620 | D157: 0.37072063 | E157: 0.33082971 | F157: =VLOOKUP(C157+1,W:X,2,0) -> 1529.8 | G157: =VLOOKUP(C157,AA:AC,3,0) -> 27.866512 | H157: =MONTH(C157) -> 12 | I157: =IF(H157=H156,0,1) -> 0 | J157: =I158 -> 0 | K157: =IF(J157=1,EOMONTH(C157,0),"") | L157: =IF(WEEKDAY(K157,2)=6,K157-1,IF(WEEKDAY(K157,2)=7,K157-2,IF(J157=1,K157,""))) -> #VALUE! | M157: =IF(J157=1,D157,"") | N157: =IF($J157=1,E157,"") | O157: =IF($J157=1,F157,"") | P157: =IF($J157=1,G157,"") | W157: 40375 | X157: 4345.4 | AA157: 41620 | AB157: 0.27866512 | AC157: =AB157*100 -> 27.866512 | AE157: 42352 | AF157: 0.47264946 | AH157: 42359 | AI157: 0.45131359
C158: 41627 | D158: 0.33974568 | E158: 0.29198851 | F158: =VLOOKUP(C158+1,W:X,2,0) -> 1426.7 | G158: =VLOOKUP(C158,AA:AC,3,0) -> 19.700399 | H158: =MONTH(C158) -> 12 | I158: =IF(H158=H157,0,1) -> 0 | J158: =I159 -> 0 | K158: =IF(J158=1,EOMONTH(C158,0),"") | L158: =IF(WEEKDAY(K158,2)=6,K158-1,IF(WEEKDAY(K158,2)=7,K158-2,IF(J158=1,K158,""))) -> #VALUE! | M158: =IF(J158=1,D158,"") | N158: =IF($J158=1,E158,"") | O158: =IF($J158=1,F158,"") | P158: =IF($J158=1,G158,"") | W158: 40382 | X158: 4097.3 | AA158: 41627 | AB158: 0.19700399 | AC158: =AB158*100 -> 19.700399 | AE158: 42349 | AF158: 0.49263546 | AH158: 42356 | AI158: 0.45453148
C159: 41634 | D159: 0.3302981 | E159: 0.29162363 | F159: =VLOOKUP(C159+1,W:X,2,0) -> 1277.8 | G159: =VLOOKUP(C159,AA:AC,3,0) -> 18.712858 | H159: =MONTH(C159) -> 12 | I159: =IF(H159=H158,0,1) -> 0 | J159: =I160 -> 1 | K159: =IF(J159=1,EOMONTH(C159,0),"") -> 41639 | L159: =IF(WEEKDAY(K159,2)=6,K159-1,IF(WEEKDAY(K159,2)=7,K159-2,IF(J159=1,K159,""))) -> 41639 | M159: =IF(J159=1,D159,"") -> 0.3302981 | N159: =IF($J159=1,E159,"") -> 0.29162363 | O159: =IF($J159=1,F159,"") -> 1277.8 | P159: =IF($J159=1,G159,"") -> 18.712858 | W159: 40389 | X159: 4155.5 | AA159: 41634 | AB159: 0.18712858 | AC159: =AB159*100 -> 18.712858 | AE159: 42348 | AF159: 0.47195742 | AH159: 42355 | AI159: 0.4487856
C160: 41641 | D160: 0.26212624 | E160: 0.26530681 | F160: =VLOOKUP(C160+1,W:X,2,0) -> 1352.7 | G160: =VLOOKUP(C160,AA:AC,3,0) -> 9.6900654 | H160: =MONTH(C160) -> 1 | I160: =IF(H160=H159,0,1) -> 1 | J160: =I161 -> 0 | K160: =IF(J160=1,EOMONTH(C160,0),"") | L160: =IF(WEEKDAY(K160,2)=6,K160-1,IF(WEEKDAY(K160,2)=7,K160-2,IF(J160=1,K160,""))) -> #VALUE! | M160: =IF(J160=1,D160,"") | N160: =IF($J160=1,E160,"") | O160: =IF($J160=1,F160,"") | P160: =IF($J160=1,G160,"") | W160: 40396 | X160: 4147.1 | AA160: 41641 | AB160: 0.096900654 | AC160: =AB160*100 -> 9.6900654 | AE160: 42347 | AF160: 0.48373664 | AH160: 42354 | AI160: 0.41437013
C161: 41648 | D161: 0.290226 | E161: 0.29015448 | F161: =VLOOKUP(C161+1,W:X,2,0) -> 1507 | G161: =VLOOKUP(C161,AA:AC,3,0) -> 20.279158 | H161: =MONTH(C161) -> 1 | I161: =IF(H161=H160,0,1) -> 0 | J161: =I162 -> 0 | K161: =IF(J161=1,EOMONTH(C161,0),"") | L161: =IF(WEEKDAY(K161,2)=6,K161-1,IF(WEEKDAY(K161,2)=7,K161-2,IF(J161=1,K161,""))) -> #VALUE! | M161: =IF(J161=1,D161,"") | N161: =IF($J161=1,E161,"") | O161: =IF($J161=1,F161,"") | P161: =IF($J161=1,G161,"") | W161: 40403 | X161: 4940.9 | AA161: 41648 | AB161: 0.20279158 | AC161: =AB161*100 -> 20.279158 | AE161: 42346 | AF161: 0.46573657 | AH161: 42353 | AI161: 0.41773221
C162: 41655 | D162: 0.36774883 | E162: 0.32467404 | F162: =VLOOKUP(C162+1,W:X,2,0) -> 1675.8 | G162: =VLOOKUP(C162,AA:AC,3,0) -> 29.98218 | H162: =MONTH(C162) -> 1 | I162: =IF(H162=H161,0,1) -> 0 | J162: =I163 -> 0 | K162: =IF(J162=1,EOMONTH(C162,0),"") | L162: =IF(WEEKDAY(K162,2)=6,K162-1,IF(WEEKDAY(K162,2)=7,K162-2,IF(J162=1,K162,""))) -> #VALUE! | M162: =IF(J162=1,D162,"") | N162: =IF($J162=1,E162,"") | O162: =IF($J162=1,F162,"") | P162: =IF($J162=1,G162,"") | W162: 40410 | X162: 5260.7 | AA162: 41655 | AB162: 0.2998218 | AC162: =AB162*100 -> 29.98218 | AE162: 42345 | AF162: 0.47633645 | AH162: 42352 | AI162: 0.44957931
C163: 41662 | D163: 0.37084428 | E163: 0.32547727 | F163: =VLOOKUP(C163+1,W:X,2,0) -> 1601.2 | G163: =VLOOKUP(C163,AA:AC,3,0) -> 31.922784 | H163: =MONTH(C163) -> 1 | I163: =IF(H163=H162,0,1) -> 0 | J163: =I164 -> 0 | K163: =IF(J163=1,EOMONTH(C163,0),"") | L163: =IF(WEEKDAY(K163,2)=6,K163-1,IF(WEEKDAY(K163,2)=7,K163-2,IF(J163=1,K163,""))) -> #VALUE! | M163: =IF(J163=1,D163,"") | N163: =IF($J163=1,E163,"") | O163: =IF($J163=1,F163,"") | P163: =IF($J163=1,G163,"") | W163: 40417 | X163: 5431.5 | AA163: 41662 | AB163: 0.31922784 | AC163: =AB163*100 -> 31.922784 | AE163: 42342 | AF163: 0.4507641 | AH163: 42349 | AI163: 0.47943594
C164: 41669 | D164: 0.38160197 | E164: 0.38449844 | F164: =VLOOKUP(C164+1,W:X,2,0) -> 1667.5 | G164: =VLOOKUP(C164,AA:AC,3,0) -> 38.714899 | H164: =MONTH(C164) -> 1 | I164: =IF(H164=H163,0,1) -> 0 | J164: =I165 -> 1 | K164: =IF(J164=1,EOMONTH(C164,0),"") -> 41670 | L164: =IF(WEEKDAY(K164,2)=6,K164-1,IF(WEEKDAY(K164,2)=7,K164-2,IF(J164=1,K164,""))) -> 41670 | M164: =IF(J164=1,D164,"") -> 0.38160197 | N164: =IF($J164=1,E164,"") -> 0.38449844 | O164: =IF($J164=1,F164,"") -> 1667.5 | P164: =IF($J164=1,G164,"") -> 38.714899 | W164: 40424 | X164: 5214.6 | AA164: 41669 | AB164: 0.38714899 | AC164: =AB164*100 -> 38.714899 | AE164: 42341 | AF164: 0.40747511 | AH164: 42348 | AI164: 0.44947169
C165: 41676 | D165: 0.40068103 | E165: 0.407383 | F165: =VLOOKUP(C165+1,W:X,2,0) -> 1674.2 | G165: =VLOOKUP(C165,AA:AC,3,0) -> 46.209512 | H165: =MONTH(C165) -> 2 | I165: =IF(H165=H164,0,1) -> 1 | J165: =I166 -> 0 | K165: =IF(J165=1,EOMONTH(C165,0),"") | L165: =IF(WEEKDAY(K165,2)=6,K165-1,IF(WEEKDAY(K165,2)=7,K165-2,IF(J165=1,K165,""))) -> #VALUE! | M165: =IF(J165=1,D165,"") | N165: =IF($J165=1,E165,"") | O165: =IF($J165=1,F165,"") | P165: =IF($J165=1,G165,"") | W165: 40431 | X165: 4663.8 | AA165: 41676 | AB165: 0.46209512 | AC165: =AB165*100 -> 46.209512 | AE165: 42340 | AF165: 0.48488554 | AH165: 42347 | AI165: 0.45805622
C166: 41683 | D166: 0.3853263 | E166: 0.38028089 | F166: =VLOOKUP(C166+1,W:X,2,0) -> 1650.6 | G166: =VLOOKUP(C166,AA:AC,3,0) -> 41.359955 | H166: =MONTH(C166) -> 2 | I166: =IF(H166=H165,0,1) -> 0 | J166: =I167 -> 0 | K166: =IF(J166=1,EOMONTH(C166,0),"") | L166: =IF(WEEKDAY(K166,2)=6,K166-1,IF(WEEKDAY(K166,2)=7,K166-2,IF(J166=1,K166,""))) -> #VALUE! | M166: =IF(J166=1,D166,"") | N166: =IF($J166=1,E166,"") | O166: =IF($J166=1,F166,"") | P166: =IF($J166=1,G166,"") | W166: 40438 | X166: 4624.6 | AA166: 41683 | AB166: 0.41359955 | AC166: =AB166*100 -> 41.359955 | AE166: 42339 | AF166: 0.56660074 | AH166: 42346 | AI166: 0.44748465
C167: 41690 | D167: 0.37557198 | E167: 0.35043603 | F167: =VLOOKUP(C167+1,W:X,2,0) -> 1442.3 | G167: =VLOOKUP(C167,AA:AC,3,0) -> 36.510398 | H167: =MONTH(C167) -> 2 | I167: =IF(H167=H166,0,1) -> 0 | J167: =I168 -> 0 | K167: =IF(J167=1,EOMONTH(C167,0),"") | L167: =IF(WEEKDAY(K167,2)=6,K167-1,IF(WEEKDAY(K167,2)=7,K167-2,IF(J167=1,K167,""))) -> #VALUE! | M167: =IF(J167=1,D167,"") | N167: =IF($J167=1,E167,"") | O167: =IF($J167=1,F167,"") | P167: =IF($J167=1,G167,"") | W167: 40445 | X167: 4549.3 | AA167: 41690 | AB167: 0.36510398 | AC167: =AB167*100 -> 36.510398 | AE167: 42338 | AF167: 0.48084427 | AH167: 42345 | AI167: 0.45032045
... C206: 41963 | D206: 0.56606721 | E206: 0.51126312 | F206: =VLOOKUP(C206+1,W:X,2,0) -> 1547.9 | G206: =VLOOKUP(C206,AA:AC,3,0) -> 71.87864 | H206: =MONTH(C206) -> 11 | I206: =IF(H206=H205,0,1) -> 0 | J206: =I207 -> 0 | K206: =IF(J206=1,EOMONTH(C206,0),"") | L206: =IF(WEEKDAY(K206,2)=6,K206-1,IF(WEEKDAY(K206,2)=7,K206-2,IF(J206=1,K206,""))) -> #VALUE! | M206: =IF(J206=1,D206,"") | N206: =IF($J206=1,E206,"") | O206: =IF($J206=1,F206,"") | P206: =IF($J206=1,G206,"") | W206: 40718 | X206: 2809.5 | AA206: 41963 | AB206: 0.7187864 | AC206: =AB206*100 -> 71.87864 | AE206: 42278 | AF206: 0.56462911 | AH206: 42285 | AI206: 0.53550286
C207: 41969 | D207: 0.57290983 | E207: 0.51222877 | F207: =VLOOKUP(C207+2,W:X,2,0) -> 1366.6 | G207: =VLOOKUP(C207,AA:AC,3,0) -> 73.837514 | H207: =MONTH(C207) -> 11 | I207: =IF(H207=H206,0,1) -> 0 | J207: =I208 -> 1 | K207: =IF(J207=1,EOMONTH(C207,0),"") -> 41973 | L207: =IF(WEEKDAY(K207,2)=6,K207-1,IF(WEEKDAY(K207,2)=7,K207-2,IF(J207=1,K207,""))) -> 41971 | M207: =IF(J207=1,D207,"") -> 0.57290983 | N207: =IF($J207=1,E207,"") -> 0.51222877 | O207: =IF($J207=1,F207,"") -> 1366.6 | P207: =IF($J207=1,G207,"") -> 73.837514 | W207: 40725 | X207: 2527.5 | AA207: 41969 | AB207: 0.73837514 | AC207: =AB207*100 -> 73.837514 | AE207: 42277 | AF207: 0.55419124 | AH207: 42284 | AI207: 0.56590472
C208: 41977 | D208: 0.59279776 | E208: 0.53685925 | F208: =VLOOKUP(C208+1,W:X,2,0) -> 1548.6 | G208: =VLOOKUP(C208,AA:AC,3,0) -> 79.936606 | H208: =MONTH(C208) -> 12 | I208: =IF(H208=H207,0,1) -> 1 | J208: =I209 -> 0 | K208: =IF(J208=1,EOMONTH(C208,0),"") | L208: =IF(WEEKDAY(K208,2)=6,K208-1,IF(WEEKDAY(K208,2)=7,K208-2,IF(J208=1,K208,""))) -> #VALUE! | M208: =IF(J208=1,D208,"") | N208: =IF($J208=1,E208,"") | O208: =IF($J208=1,F208,"") | P208: =IF($J208=1,G208,"") | W208: 40732 | X208: 2362.7 | AA208: 41977 | AB208: 0.79936606 | AC208: =AB208*100 -> 79.936606 | AE208: 42276 | AF208: 0.54699834 | AH208: 42283 | AI208: 0.56609254
C209: 41984 | D209: 0.57867105 | E209: 0.53353274 | F209: =VLOOKUP(C209+1,W:X,2,0) -> 1518.8 | G209: =VLOOKUP(C209,AA:AC,3,0) -> 76.024614 | H209: =MONTH(C209) -> 12 | I209: =IF(H209=H208,0,1) -> 0 | J209: =I210 -> 0 | K209: =IF(J209=1,EOMONTH(C209,0),"") | L209: =IF(WEEKDAY(K209,2)=6,K209-1,IF(WEEKDAY(K209,2)=7,K209-2,IF(J209=1,K209,""))) -> #VALUE! | M209: =IF(J209=1,D209,"") | N209: =IF($J209=1,E209,"") | O209: =IF($J209=1,F209,"") | P209: =IF($J209=1,G209,"") | W209: 40739 | X209: 2923.8 | AA209: 41984 | AB209: 0.76024614 | AC209: =AB209*100 -> 76.024614 | AE209: 42275 | AF209: 0.52561399 | AH209: 42282 | AI209: 0.56511667
C210: 41991 | D210: 0.6155497 | E210: 0.57447023 | F210: =VLOOKUP(C210+1,W:X,2,0) -> 1538.7 | G210: =VLOOKUP(C210,AA:AC,3,0) -> 86.293593 | H210: =MONTH(C210) -> 12 | I210: =IF(H210=H209,0,1) -> 0 | J210: =I211 -> 0 | K210: =IF(J210=1,EOMONTH(C210,0),"") | L210: =IF(WEEKDAY(K210,2)=6,K210-1,IF(WEEKDAY(K210,2)=7,K210-2,IF(J210=1,K210,""))) -> #VALUE! | M210: =IF(J210=1,D210,"") | N210: =IF($J210=1,E210,"") | O210: =IF($J210=1,F210,"") | P210: =IF($J210=1,G210,"") | W210: 40746 | X210: 2769.6 | AA210: 41991 | AB210: 0.86293593 | AC210: =AB210*100 -> 86.293593 | AE210: 42272 | AF210: 0.50470086 | AH210: 42279 | AI210: 0.57248717
C211: 41997 | D211: 0.60574636 | E211: 0.57166643 | F211: =VLOOKUP(C211+1,W:X,2,0) -> 1164.2 | G211: =VLOOKUP(C211,AA:AC,3,0) -> 83.359599 | H211: =MONTH(C211) -> 12 | I211: =IF(H211=H210,0,1) -> 0 | J211: =I212 -> 0 | K211: =IF(J211=1,EOMONTH(C211,0),"") | L211: =IF(WEEKDAY(K211,2)=6,K211-1,IF(WEEKDAY(K211,2)=7,K211-2,IF(J211=1,K211,""))) -> #VALUE! | M211: =IF(J211=1,D211,"") | N211: =IF($J211=1,E211,"") | O211: =IF($J211=1,F211,"") | P211: =IF($J211=1,G211,"") | W211: 40753 | X211: 2974.1 | AA211: 41997 | AB211: 0.83359599 | AC211: =AB211*100 -> 83.359599 | AE211: 42271 | AF211: 0.51546252 | AH211: 42278 | AI211: 0.56378536
C212: 42004 | D212: 0.59072796 | E212: 0.53680415 | F212: =VLOOKUP(C212+1,W:X,2,0) -> 1347.6 | G212: =VLOOKUP(C212,AA:AC,3,0) -> 79.447607 | H212: =MONTH(C212) -> 12 | I212: =IF(H212=H211,0,1) -> 0 | J212: =I213 -> 1 | K212: =IF(J212=1,EOMONTH(C212,0),"") -> 42004 | L212: =IF(WEEKDAY(K212,2)=6,K212-1,IF(WEEKDAY(K212,2)=7,K212-2,IF(J212=1,K212,""))) -> 42004 | M212: =IF(J212=1,D212,"") -> 0.59072796 | N212: =IF($J212=1,E212,"") -> 0.53680415 | O212: =IF($J212=1,F212,"") -> 1347.6 | P212: =IF($J212=1,G212,"") -> 79.447607 | W212: 40760 | X212: 3880.9 | AA212: 42004 | AB212: 0.79447607 | AC212: =AB212*100 -> 79.447607 | AE212: 42270 | AF212: 0.51456749 | AH212: 42277 | AI212: 0.54454895
C213: 42012 | D213: 0.63580142 | E213: 0.59931707 | F213: =VLOOKUP(C213+1,W:X,2,0) -> 2271.5 | G213: =VLOOKUP(C213,AA:AC,3,0) -> 87.478303 | H213: =MONTH(C213) -> 1 | I213: =IF(H213=H212,0,1) -> 1 | J213: =I214 -> 0 | K213: =IF(J213=1,EOMONTH(C213,0),"") | L213: =IF(WEEKDAY(K213,2)=6,K213-1,IF(WEEKDAY(K213,2)=7,K213-2,IF(J213=1,K213,""))) -> #VALUE! | M213: =IF(J213=1,D213,"") | N213: =IF($J213=1,E213,"") | O213: =IF($J213=1,F213,"") | P213: =IF($J213=1,G213,"") | W213: 40767 | X213: 4184.4 | AA213: 42012 | AB213: 0.87478303 | AC213: =AB213*100 -> 87.478303 | AE213: 42269 | AF213: 0.54699834 | AH213: 42276 | AI213: 0.53870216
C214: 42019 | D214: 0.66264886 | E214: 0.6558233 | F214: =VLOOKUP(C214+1,W:X,2,0) -> 2799.3 | G214: =VLOOKUP(C214,AA:AC,3,0) -> 94.432098 | H214: =MONTH(C214) -> 1 | I214: =IF(H214=H213,0,1) -> 0 | J214: =I215 -> 0 | K214: =IF(J214=1,EOMONTH(C214,0),"") | L214: =IF(WEEKDAY(K214,2)=6,K214-1,IF(WEEKDAY(K214,2)=7,K214-2,IF(J214=1,K214,""))) -> #VALUE! | M214: =IF(J214=1,D214,"") | N214: =IF($J214=1,E214,"") | O214: =IF($J214=1,F214,"") | P214: =IF($J214=1,G214,"") | W214: 40774 | X214: 4110.8 | AA214: 42019 | AB214: 0.94432098 | AC214: =AB214*100 -> 94.432098 | AE214: 42268 | AF214: 0.51756158 | AH214: 42275 | AI214: 0.50401874
C215: 42026 | D215: 0.66474127 | E215: 0.65720472 | F215: =VLOOKUP(C215+1,W:X,2,0) -> 2572.3 | G215: =VLOOKUP(C215,AA:AC,3,0) -> 94.928797 | H215: =MONTH(C215) -> 1 | I215: =IF(H215=H214,0,1) -> 0 | J215: =I216 -> 0 | K215: =IF(J215=1,EOMONTH(C215,0),"") | L215: =IF(WEEKDAY(K215,2)=6,K215-1,IF(WEEKDAY(K215,2)=7,K215-2,IF(J215=1,K215,""))) -> #VALUE! | M215: =IF(J215=1,D215,"") | N215: =IF($J215=1,E215,"") | O215: =IF($J215=1,F215,"") | P215: =IF($J215=1,G215,"") | W215: 40781 | X215: 3601.3 | AA215: 42026 | AB215: 0.94928797 | AC215: =AB215*100 -> 94.928797 | AE215: 42265 | AF215: 0.55836633 | AH215: 42272 | AI215: 0.49638163
C216: 42033 | D216: 0.66264886 | E216: 0.6558233 | F216: =VLOOKUP(C216+1,W:X,2,0) -> 2584.8 | G216: =VLOOKUP(C216,AA:AC,3,0) -> 94.432098 | H216: =MONTH(C216) -> 1 | I216: =IF(H216=H215,0,1) -> 0 | J216: =I217 -> 1 | K216: =IF(J216=1,EOMONTH(C216,0),"") -> 42035 | L216: =IF(WEEKDAY(K216,2)=6,K216-1,IF(WEEKDAY(K216,2)=7,K216-2,IF(J216=1,K216,""))) -> 42034 | M216: =IF(J216=1,D216,"") -> 0.66264886 | N216: =IF($J216=1,E216,"") -> 0.6558233 | O216: =IF($J216=1,F216,"") -> 2584.8 | P216: =IF($J216=1,G216,"") -> 94.432098 | W216: 40788 | X216: 3372 | AA216: 42033 | AB216: 0.94432098 | AC216: =AB216*100 -> 94.432098 | AE216: 42264 | AF216: 0.52915392 | AH216: 42271 | AI216: 0.50123916
C217: 42040 | D217: 0.68438168 | E217: 0.65455905 | F217: =VLOOKUP(C217+1,W:X,2,0) -> 2291.3 | G217: =VLOOKUP(C217,AA:AC,3,0) -> 97.467479 | H217: =MONTH(C217) -> 2 | I217: =IF(H217=H216,0,1) -> 1 | J217: =I218 -> 0 | K217: =IF(J217=1,EOMONTH(C217,0),"") | L217: =IF(WEEKDAY(K217,2)=6,K217-1,IF(WEEKDAY(K217,2)=7,K217-2,IF(J217=1,K217,""))) -> #VALUE! | M217: =IF(J217=1,D217,"") | N217: =IF($J217=1,E217,"") | O217: =IF($J217=1,F217,"") | P217: =IF($J217=1,G217,"") | W217: 40795 | X217: 3571.7 | AA217: 42040 | AB217: 0.97467479 | AC217: =AB217*100 -> 97.467479 | AE217: 42263 | AF217: 0.49091327 | AH217: 42270 | AI217: 0.49906236
C218: 42047 | D218: 0.64890841 | E218: 0.62719076 | F218: =VLOOKUP(C218+1,W:X,2,0) -> 1904.2 | G218: =VLOOKUP(C218,AA:AC,3,0) -> 90.017238 | H218: =MONTH(C218) -> 2 | I218: =IF(H218=H217,0,1) -> 0 | J218: =I219 -> 0 | K218: =IF(J218=1,EOMONTH(C218,0),"") | L218: =IF(WEEKDAY(K218,2)=6,K218-1,IF(WEEKDAY(K218,2)=7,K218-2,IF(J218=1,K218,""))) -> #VALUE! | M218: =IF(J218=1,D218,"") | N218: =IF($J218=1,E218,"") | O218: =IF($J218=1,F218,"") | P218: =IF($J218=1,G218,"") | W218: 40802 | X218: 4033.8 | AA218: 42047 | AB218: 0.90017238 | AC218: =AB218*100 -> 90.017238 | AE218: 42262 | AF218: 0.47261545 | AH218: 42269 | AI218: 0.53870313
C219: 42054 | D219: 0.62651628 | E219: 0.59003469 | F219: =VLOOKUP(C219+1,W:X,2,0) -> 1703.1 | G219: =VLOOKUP(C219,AA:AC,3,0) -> 83.06368 | H219: =MONTH(C219) -> 2 | I219: =IF(H219=H218,0,1) -> 0 | J219: =I220 -> 0 | K219: =IF(J219=1,EOMONTH(C219,0),"") | L219: =IF(WEEKDAY(K219,2)=6,K219-1,IF(WEEKDAY(K219,2)=7,K219-2,IF(J219=1,K219,""))) -> #VALUE! | M219: =IF(J219=1,D219,"") | N219: =IF($J219=1,E219,"") | O219: =IF($J219=1,F219,"") | P219: =IF($J219=1,G219,"") | W219: 40809 | X219: 4512.1 | AA219: 42054 | AB219: 0.8306368 | AC219: =AB219*100 -> 83.06368 | AE219: 42261 | AF219: 0.50553361 | AH219: 42268 | AI219: 0.50223501
... C235: 42166 | D235: 0.45533071 | E235: 0.39779633 | F235: =VLOOKUP(C235+1,W:X,2,0) -> 1273.4 | G235: =VLOOKUP(C235,AA:AC,3,0) -> 49.112479 | H235: =MONTH(C235) -> 6 | I235: =IF(H235=H234,0,1) -> 0 | J235: =I236 -> 0 | K235: =IF(J235=1,EOMONTH(C235,0),"") | L235: =IF(WEEKDAY(K235,2)=6,K235-1,IF(WEEKDAY(K235,2)=7,K235-2,IF(J235=1,K235,""))) -> #VALUE! | M235: =IF(J235=1,D235,"") | N235: =IF($J235=1,E235,"") | O235: =IF($J235=1,F235,"") | P235: =IF($J235=1,G235,"") | W235: 40921 | X235: 4626.5 | AA235: 42166 | AB235: 0.49112479 | AC235: =AB235*100 -> 49.112479 | AE235: 42236 | AF235: 0.5363142 | AH235: 42243 | AI235: 0.50039562
C236: 42173 | D236: 0.46848845 | E236: 0.42202391 | F236: 1318.3 | G236: =VLOOKUP(C236,AA:AC,3,0) -> 50.602768 | H236: =MONTH(C236) -> 6 | I236: =IF(H236=H235,0,1) -> 0 | J236: =I237 -> 0 | K236: =IF(J236=1,EOMONTH(C236,0),"") | L236: =IF(WEEKDAY(K236,2)=6,K236-1,IF(WEEKDAY(K236,2)=7,K236-2,IF(J236=1,K236,""))) -> #VALUE! | M236: =IF(J236=1,D236,"") | N236: =IF($J236=1,E236,"") | O236: =IF($J236=1,F236,"") | P236: =IF($J236=1,G236,"") | W236: 40928 | X236: 4326.4 | AA236: 42173 | AB236: 0.50602768 | AC236: =AB236*100 -> 50.602768 | AE236: 42235 | AF236: 0.52031886 | AH236: 42242 | AI236: 0.50037219
C237: 42180 | D237: 0.44996576 | E237: 0.39696022 | F237: 1246.1 | G237: =VLOOKUP(C237,AA:AC,3,0) -> 48.197695 | H237: =MONTH(C237) -> 6 | I237: =IF(H237=H236,0,1) -> 0 | J237: =I239 -> 1 | K237: =IF(J237=1,EOMONTH(C237,0),"") -> 42185 | L237: =IF(WEEKDAY(K237,2)=6,K237-1,IF(WEEKDAY(K237,2)=7,K237-2,IF(J237=1,K237,""))) -> 42185 | M237: =IF(J237=1,D237,"") -> 0.44996576 | N237: =IF($J237=1,E237,"") -> 0.39696022 | O237: =IF($J237=1,F237,"") -> 1246.1 | P237: =IF($J237=1,G237,"") -> 48.197695 | W237: 40935 | X237: 4184.3 | AA237: 42180 | AB237: 0.48197695 | AC237: =AB237*100 -> 48.197695 | AE237: 42234 | AF237: 0.49077204 | AH237: 42241 | AI237: 0.49961075
C238: 42215 | D238: 0.4991227 | E238: 0.42269076 | F238: 0.00019969014 | G238: 1418 | W238: 40942 | X238: 4617.1 | AE238: 42233 | AF238: 0.50021405 | AH238: 42240 | AI238: 0.56937399
C239: 42243 | D239: 0.54776588 | E239: 0.53237291 | F239: 1545.5 | G239: =VLOOKUP(C239,AA:AC,3,0) -> #N/A | H239: =MONTH(C239) -> 8 | I239: =IF(H239=H237,0,1) -> 1 | J239: =I238 -> 0 | K239: =IF(J239=1,EOMONTH(C239,0),"") | L239: =IF(WEEKDAY(K239,2)=6,K239-1,IF(WEEKDAY(K239,2)=7,K239-2,IF(J239=1,K239,""))) -> #VALUE! | M239: =IF(J239=1,D239,"") | N239: =IF($J239=1,E239,"") | O239: =IF($J239=1,F239,"") | P239: =IF($J239=1,G239,"") | W239: 40949 | X239: 4716.1 | AE239: 42230 | AF239: 0.48956336 | AH239: 42237 | AI239: 0.53895782
C240: 42306 | D240: 0.57894029 | E240: 0.5525566 | F240: 1534.5 | W240: 40956 | X240: 4466.9 | AE240: 42229 | AF240: 0.49770785 | AH240: 42236 | AI240: 0.50619954
C241: 42369 | D241: 0.44657508 | E241: 0.4112879 | F241: 1667.4 | W241: 40963 | X241: 4379.1 | AE241: 42228 | AF241: 0.51406275 | AH241: 42235 | AI241: 0.5014136
W242: 40970 | X242: 4277.6 | AE242: 42227 | AF242: 0.54047656 | AH242: 42234 | AI242: 0.4684882
W243: 40977 | X243: 4063.4 | AE243: 42226 | AF243: 0.50362235 | AH243: 42233 | AI243: 0.47069423
W244: 40984 | X244: 3715.2 | AE244: 42223 | AF244: 0.52122532 | AH244: 42230 | AI244: 0.46840327
W245: 40991 | X245: 3588.4 | AE245: 42222 | AF245: 0.50436276 | AH245: 42229 | AI245: 0.47056517
W246: 40998 | X246: 3699.5 | AE246: 42221 | AF246: 0.49262109 | AH246: 42228 | AI246: 0.49984445
W247: 41005 | X247: 3549.3 | AE247: 42220 | AF247: 0.49985484 | AH247: 42227 | AI247: 0.53674769
W248: 41012 | X248: 4144.3 | AE248: 42219 | AF248: 0.5236142 | AH248: 42226 | AI248: 0.47260368
W249: 41019 | X249: 3892.2 | AE249: 42216 | AF249: 0.51760959 | AH249: 42223 | AI249: 0.50141809
W250: 41026 | X250: 3856 | AE250: 42215 | AF250: 0.4886022 | AH250: 42222 | AI250: 0.47271106
W251: 41033 | X251: 3924.4 | AE251: 42214 | AF251: 0.4879109 | AH251: 42221 | AI251: 0.46905967
W252: 41040 | X252: 4482 | AE252: 42213 | AF252: 0.50078915 | AH252: 42220 | AI252: 0.47064835
W253: 41047 | X253: 4732 | AE253: 42212 | AF253: 0.49836356 | AH253: 42219 | AI253: 0.50225314
... W416: 42215 | X416: 1339.9 | AE416: 41975 | AF416: 0.57114505 | AH416: 41982 | AI416: 0.52278574
AE417: 41974 | AF417: 0.59072795 | AH417: 41981 | AI417: 0.52033004
AE418: 41971 | AF418: 0.60133714 | AH418: 41978 | AI418: 0.48999329
AE419: 41969 | AF419: 0.58658397 | AH419: 41977 | AI419: 0.52093313
AE420: 41968 | AF420: 0.59653157 | AH420: 41976 | AI420: 0.51731703
AE421: 41967 | AF421: 0.57921135 | AH421: 41975 | AI421: 0.48947156
AE422: 41964 | AF422: 0.57608892 | AH422: 41974 | AI422: 0.52146875
...

Sheet Sheet1
B2: asOfDate | C2: refinancible | D2: Loan Level | E2: Refi Index
B3: 40549 | C3: 0.6240217 | D3: 0.47799603 | E3: 2344.3
B4: 40556 | C4: 0.62817294 | D4: 0.49650186 | E4: 2528.7
B5: 40563 | C5: 0.62597731 | D5: 0.4802957 | E5: 2129.7
B6: 40570 | C6: 0.62392159 | D6: 0.47679594 | E6: 2371.1
B7: 40577 | C7: 0.60653142 | D7: 0.43462013 | E7: 2190.4
B8: 40584 | C8: 0.50868798 | D8: 0.35529177 | E8: 1953.2
B9: 40591 | C9: 0.52965902 | D9: 0.37678804 | E9: 2325.3
B10: 40598 | C10: 0.57709504 | D10: 0.41551494 | E10: 2155.5
B11: 40605 | C11: 0.59224776 | D11: 0.42215163 | E11: 2539.4
B12: 40612 | C12: 0.59090571 | D12: 0.42124986 | E12: 2563.6
B13: 40619 | C13: 0.60261779 | D13: 0.46784663 | E13: 2620.8
B14: 40626 | C14: 0.59950596 | D14: 0.4501581 | E14: 2350.7
... B48: 40864 | C48: 0.93485324 | D48: 0.8071978 | E48: 3466.8
B49: 40870 | C49: 0.94997171 | D49: 0.80850149 | E49: #N/A
B50: 40878 | C50: 0.91542629 | D50: 0.79441105 | E50: 3394.7
B51: 40885 | C51: 0.92487461 | D51: 0.79445841 | E51: 3708.6
B52: 40892 | C52: 0.93969161 | D52: 0.79646175 | E52: 3676.1
B53: 40899 | C53: 0.96019587 | D53: 0.8253704 | E53: 3684.5
B54: 40906 | C54: 0.9476226 | D54: 0.81734633 | E54: 3608.1
B55: 40913 | C55: 0.94481774 | D55: 0.80629912 | E55: 3668.3
B56: 40920 | C56: 0.95320352 | D56: 0.81626219 | E56: 4626.5
B57: 40927 | C57: 0.95182772 | D57: 0.81461585 | E57: 4326.4
B58: 40934 | C58: 0.91861521 | D58: 0.78339394 | E58: 4184.3
B59: 40941 | C59: 0.94107838 | D59: 0.79842548 | E59: 4617.1
B60: 40948 | C60: 0.94107838 | D60: 0.79842548 | E60: 4716.1
B61: 40955 | C61: 0.94107838 | D61: 0.79842548 | E61: 4466.9
... B100: 41228 | C100: 0.92772026 | D100: 0.86999483 | E100: 4702.4
B101: 41234 | C101: 0.92993012 | D101: 0.88773399 | E101: #N/A
B102: 41242 | C102: 0.9275602 | D102: 0.86996446 | E102: 4943
B103: 41249 | C103: 0.91054791 | D103: 0.85662578 | E103: 5368.1
B104: 41256 | C104: 0.91261369 | D104: 0.87412257 | E104: 4564.4
B105: 41263 | C105: 0.90965158 | D105: 0.85522984 | E105: 3983.2
B106: 41270 | C106: 0.91018598 | D106: 0.8562606 | E106: 3488.9
B107: 41277 | C107: 0.88829814 | D107: 0.83696582 | E107: 3896.4
B108: 41284 | C108: 0.88507237 | D108: 0.81798385 | E108: 4554.4
B109: 41291 | C109: 0.88631408 | D109: 0.83503613 | E109: 4937.4
B110: 41298 | C110: 0.88379536 | D110: 0.81634992 | E110: 4433.6
B111: 41305 | C111: 0.8474876 | D111: 0.7732237 | E111: 4579
B112: 41312 | C112: 0.79744675 | D112: 0.75155379 | E112: 4284.3
B113: 41319 | C113: 0.79744675 | D113: 0.75155379 | E113: 4261.8
... B132: 41452 | C132: 0.39082117 | D132: 0.35042164 | E132: 2573.4
B133: 41458 | C133: 0.43308646 | D133: 0.43921848 | E133: #N/A
B134: 41466 | C134: 0.31856956 | D134: 0.32003461 | E134: 2242.2
B135: 41473 | C135: 0.42624976 | D135: 0.4071955 | E135: 2288
B136: 41480 | C136: 0.4292263 | D136: 0.40895554 | E136: 2218.3
B137: 41487 | C137: 0.40917399 | D137: 0.3635793 | E137: 2228.9
B138: 41494 | C138: 0.40797812 | D138: 0.36292297 | E138: 2110.6
B139: 41501 | C139: 0.40797812 | D139: 0.36292297 | E139: 1935.1
B140: 41508 | C140: 0.28211496 | D140: 0.28848467 | E140: 1842.6
B141: 41515 | C141: 0.32707733 | D141: 0.32738957 | E141: 1909
B142: 41522 | C142: 0.28186493 | D142: 0.29894429 | E142: 1512.9
B143: 41529 | C143: 0.2746301 | D143: 0.28251411 | E143: 1814
B144: 41536 | C144: 0.33277831 | D144: 0.32091812 | E144: 1922.9
B145: 41543 | C145: 0.40445748 | D145: 0.41607422 | E145: 1956.6
... B153: 41599 | C153: 0.41410654 | D153: 0.42989701 | E153: 1917.2
B154: 41605 | C154: 0.39699816 | D154: 0.40126296 | E154: #N/A
B155: 41613 | C155: 0.37338021 | D155: 0.33122793 | E155: 1599.4
B156: 41620 | C156: 0.37072063 | D156: 0.33082971 | E156: 1529.8
B157: 41627 | C157: 0.33974568 | D157: 0.29198851 | E157: 1426.7
B158: 41634 | C158: 0.3302981 | D158: 0.29162363 | E158: 1277.8
B159: 41641 | C159: 0.26212624 | D159: 0.26530681 | E159: 1352.7
B160: 41648 | C160: 0.290226 | D160: 0.29015448 | E160: 1507
B161: 41655 | C161: 0.36774883 | D161: 0.32467404 | E161: 1675.8
B162: 41662 | C162: 0.37084428 | D162: 0.32547727 | E162: 1601.2
B163: 41669 | C163: 0.38160197 | D163: 0.38449844 | E163: 1667.5
B164: 41676 | C164: 0.40068103 | D164: 0.407383 | E164: 1674.2
B165: 41683 | C165: 0.3853263 | D165: 0.38028089 | E165: 1650.6
B166: 41690 | C166: 0.37557198 | D166: 0.35043603 | E166: 1442.3
... B205: 41963 | C205: 0.56606721 | D205: 0.51126312 | E205: 1547.9
B206: 41969 | C206: 0.57290983 | D206: 0.51222877 | E206: #N/A
B207: 41977 | C207: 0.59279776 | D207: 0.53685925 | E207: 1548.6
B208: 41984 | C208: 0.57867105 | D208: 0.53353274 | E208: 1518.8
B209: 41991 | C209: 0.6155497 | D209: 0.57447023 | E209: 1538.7
B210: 41997 | C210: 0.60574636 | D210: 0.57166643 | E210: 1164.2
B211: 42004 | C211: 0.59072796 | D211: 0.53680415 | E211: 1347.6
B212: 42012 | C212: 0.63580142 | D212: 0.59931707 | E212: 2271.5
B213: 42019 | C213: 0.66264886 | D213: 0.6558233 | E213: 2799.3
B214: 42026 | C214: 0.66474127 | D214: 0.65720472 | E214: 2572.3
B215: 42033 | C215: 0.66264886 | D215: 0.6558233 | E215: 2584.8
B216: 42040 | C216: 0.68438168 | D216: 0.65455905 | E216: 2291.3
B217: 42047 | C217: 0.64890841 | D217: 0.62719076 | E217: 1904.2
B218: 42054 | C218: 0.62651628 | D218: 0.59003469 | E218: 1703.1
... B235: 42173 | C235: 0.46608722 | D235: 0.42202391 | E235: 1318.3
B236: 42180 | C236: 0.44996576 | D236: 0.39696022 | E236: #N/A
