Workbook

Sheet Sheet1
A1: Asof | B1: Purch24M | C1: Purch18M | D1: Purch12M | E1: Purch6M | F1: All24M | G1: All18M | H1: All12M | I1: All6M | J1: Conf24M | K1: Conf18M | L1: Conf12M | M1: Conf6M | N1: Jumbo24M | O1: Jumbo18M | P1: Jumbo12M | Q1: Jumbo6M | R1: 18Mo MA | S1: HPA2Yr
A2: 38139 | B2: 389.1 | C2: 401.55 | D2: 417.02 | E2: 431.53 | F2: 377 | G2: 377 | H2: 377 | I2: 377 | J2: 398.5 | K2: 398.5 | L2: 398.5 | M2: 398.5 | N2: 397.7 | O2: 397.7 | P2: 397.7 | Q2: 397.7 | R2: 377 | S2: 1.1507922
A3: 38169 | B3: 392.53 | C3: 406.27 | D3: 418.77 | E3: 432.77 | F3: 380.3 | G3: 380.3 | H3: 380.3 | I3: 380.3 | J3: 402 | K3: 402 | L3: 402 | M3: 402 | N3: 401.2 | O3: 401.2 | P3: 401.2 | Q3: 401.2 | R3: 380.25 | S3: 1.1578003
A4: 38200 | B4: 395.92 | C4: 412.23 | D4: 421.67 | E4: 437.34 | F4: 383.5 | G4: 383.5 | H4: 383.5 | I4: 383.5 | J4: 405.4 | K4: 405.4 | L4: 405.4 | M4: 405.4 | N4: 404.6 | O4: 404.6 | P4: 404.6 | Q4: 404.6 | R4: 383.5 | S4: 1.1647168
A5: 38231 | B5: 399.51 | C5: 417.34 | D5: 425.41 | E5: 439.94 | F5: 386.8 | G5: 386.8 | H5: 386.8 | I5: 386.8 | J5: 408.9 | K5: 408.9 | L5: 408.9 | M5: 408.9 | N5: 408 | O5: 408 | P5: 408 | Q5: 408 | R5: 386.75 | S5: 1.1715435
A6: 38261 | B6: 403.65 | C6: 421.42 | D6: 430.25 | E6: 439.31 | F6: 390 | G6: 390 | H6: 390 | I6: 390 | J6: 412.3 | K6: 412.3 | L6: 412.3 | M6: 412.3 | N6: 411.5 | O6: 411.5 | P6: 411.5 | Q6: 411.5 | R6: 390 | S6: 1.1742851
A7: 38292 | B7: 407.9 | C7: 423.79 | D7: 433.25 | E7: 439.68 | F7: 393.3 | G7: 393.3 | H7: 393.3 | I7: 393.3 | J7: 415.7 | K7: 415.7 | L7: 415.7 | M7: 415.7 | N7: 414.9 | O7: 414.9 | P7: 414.9 | Q7: 414.9 | R7: 393.25 | S7: 1.177001
A8: 38322 | B8: 412 | C8: 425.79 | D8: 437.42 | E8: 443.32 | F8: 396.5 | G8: 396.5 | H8: 396.5 | I8: 399.8 | J8: 419.2 | K8: 419.2 | L8: 419.2 | M8: 422.6 | N8: 418.3 | O8: 418.3 | P8: 418.3 | Q8: 421.7 | R8: 396.5 | S8: 1.1796915
A9: 38353 | B9: 414.1 | C9: 425.04 | D9: 435.18 | E9: 437.59 | F9: 407 | G9: 407 | H9: 407 | I9: 416 | J9: 430.3 | K9: 430.3 | L9: 430.3 | M9: 439.7 | N9: 429.4 | O9: 429.4 | P9: 429.4 | Q9: 438.9 | R9: 407.04167 | S9: 1.1839286
A10: 38384 | B10: 417.72 | C10: 425.84 | D10: 435.77 | E10: 434.19 | F10: 422.4 | G10: 422.4 | H10: 422.4 | I10: 441.9 | J10: 446.6 | K10: 446.6 | L10: 446.6 | M10: 467.2 | N10: 445.7 | O10: 445.7 | P10: 445.7 | Q10: 466.2 | R10: 422.44444 | S10: 1.1881316
A11: 38412 | B11: 421.13 | C11: 427.77 | D11: 436.22 | E11: 432.5 | F11: 441.3 | G11: 441.3 | H11: 441.3 | I11: 477.6 | J11: 466.5 | K11: 466.5 | L11: 466.5 | M11: 504.9 | N11: 465.5 | O11: 465.5 | P11: 465.5 | Q11: 503.9 | R11: 441.25 | S11: 1.1923008
A12: 38443 | B12: 424.49 | C12: 431.4 | D12: 436.51 | E12: 433.71 | F12: 462.5 | G12: 462.5 | H12: 462.5 | I12: 523 | J12: 489 | K12: 489 | L12: 489 | M12: 552.9 | N12: 488 | O12: 488 | P12: 488 | Q12: 551.7 | R12: 462.5303 | S12: 1.2001408
A13: 38473 | B13: 426.65 | C13: 433.91 | D13: 437.46 | E13: 435.24 | F13: 485.7 | G13: 485.7 | H13: 485.7 | I13: 578.1 | J13: 513.4 | K13: 513.4 | L13: 513.4 | M13: 611.1 | N13: 512.4 | O13: 512.4 | P13: 512.4 | Q13: 609.9 | R13: 485.66667 | S13: 1.2079179
... A147: 42552 | B147: 188.44 | C147: 198.05 | D147: 206.39 | E147: 215.14 | F147: 151.3 | G147: 157.6 | H147: 163.2 | I147: 164.6 | J147: 88.5 | K147: 90.9 | L147: 92.2 | M147: 90.9 | N147: 163.3 | O147: 173 | P147: 184.6 | Q147: 194.2 | R147: 123.29472 | S147: 1.0951382

Sheet Sheet2
B1: =MIN(Sheet1!B:B) -> 169.5 | C1: =MIN(Sheet1!C:C) -> 164.03 | D1: =MIN(Sheet1!D:D) -> 161.67 | E1: =MIN(Sheet1!E:E) -> 157.62 | F1: =MIN(Sheet1!F:F) -> 97 | G1: =MIN(Sheet1!G:G) -> 97.6 | H1: =MIN(Sheet1!H:H) -> 96.5 | I1: =MIN(Sheet1!I:I) -> 93.3 | J1: =MIN(Sheet1!J:J) -> 83 | K1: =MIN(Sheet1!K:K) -> 80.1 | L1: =MIN(Sheet1!L:L) -> 78.3 | M1: =MIN(Sheet1!M:M) -> 76 | N1: =MIN(Sheet1!N:N) -> 101.1 | O1: =MIN(Sheet1!O:O) -> 99.2 | P1: =MIN(Sheet1!P:P) -> 97.9 | Q1: =MIN(Sheet1!Q:Q) -> 97.3 | R1: =MIN(Sheet1!R:R) -> 103.11111 | S1: =MIN(Sheet1!S:S) -> 0.87678928
B2: =MAX(Sheet1!B:B) -> 441.35 | C2: =MAX(Sheet1!C:C) -> 444.73 | D2: =MAX(Sheet1!D:D) -> 447.4 | E2: =MAX(Sheet1!E:E) -> 461.74 | F2: =MAX(Sheet1!F:F) -> 795.3 | G2: =MAX(Sheet1!G:G) -> 830.4 | H2: =MAX(Sheet1!H:H) -> 848.9 | I2: =MAX(Sheet1!I:I) -> 861.4 | J2: =MAX(Sheet1!J:J) -> 840.8 | K2: =MAX(Sheet1!K:K) -> 877.8 | L2: =MAX(Sheet1!L:L) -> 897.4 | M2: =MAX(Sheet1!M:M) -> 910.6 | N2: =MAX(Sheet1!N:N) -> 839.1 | O2: =MAX(Sheet1!O:O) -> 876.1 | P2: =MAX(Sheet1!P:P) -> 895.6 | Q2: =MAX(Sheet1!Q:Q) -> 908.8 | R2: =MAX(Sheet1!R:R) -> 830.36111 | S2: =MAX(Sheet1!S:S) -> 1.2334033

Sheet Sheet3
A1: Asof | B1: Purch24M | C1: Purch18M | D1: Purch12M | E1: Purch6M | F1: All24M | G1: All18M | H1: All12M | I1: All6M | J1: Conf24M | K1: Conf18M | L1: Conf12M | M1: Conf6M | N1: Jumbo24M | O1: Jumbo18M | P1: Jumbo12M | Q1: Jumbo6M | R1: Old18M | S1: HPA2Yr
A2: 38139 | B2: =(Sheet1!B2-Sheet2!B$1)/(Sheet2!B$2-Sheet2!B$1)*100 -> 80.779842 | C2: =(Sheet1!C2-Sheet2!C$1)/(Sheet2!C$2-Sheet2!C$1)*100 -> 84.617029 | D2: =(Sheet1!D2-Sheet2!D$1)/(Sheet2!D$2-Sheet2!D$1)*100 -> 89.367585 | E2: =(Sheet1!E2-Sheet2!E$1)/(Sheet2!E$2-Sheet2!E$1)*100 -> 90.066421 | F2: =(Sheet1!F2-Sheet2!F$1)/(Sheet2!F$2-Sheet2!F$1)*100 -> 40.097379 | G2: =(Sheet1!G2-Sheet2!G$1)/(Sheet2!G$2-Sheet2!G$1)*100 -> 38.127729 | H2: =(Sheet1!H2-Sheet2!H$1)/(Sheet2!H$2-Sheet2!H$1)*100 -> 37.280702 | I2: =(Sheet1!I2-Sheet2!I$1)/(Sheet2!I$2-Sheet2!I$1)*100 -> 36.935295 | ... S2: =(Sheet1!S2-Sheet2!S$1)/(Sheet2!S$2-Sheet2!S$1)*100 -> 76.83458
A3: 38169 | B3: =(Sheet1!B3-Sheet2!B$1)/(Sheet2!B$2-Sheet2!B$1)*100 -> 82.041567 | C3: =(Sheet1!C3-Sheet2!C$1)/(Sheet2!C$2-Sheet2!C$1)*100 -> 86.298539 | D3: =(Sheet1!D3-Sheet2!D$1)/(Sheet2!D$2-Sheet2!D$1)*100 -> 89.980051 | E3: =(Sheet1!E3-Sheet2!E$1)/(Sheet2!E$2-Sheet2!E$1)*100 -> 90.474155 | F3: =(Sheet1!F3-Sheet2!F$1)/(Sheet2!F$2-Sheet2!F$1)*100 -> 40.569956 | G3: =(Sheet1!G3-Sheet2!G$1)/(Sheet2!G$2-Sheet2!G$1)*100 -> 38.578057 | H3: =(Sheet1!H3-Sheet2!H$1)/(Sheet2!H$2-Sheet2!H$1)*100 -> 37.719298 | I3: =(Sheet1!I3-Sheet2!I$1)/(Sheet2!I$2-Sheet2!I$1)*100 -> 37.364926 | ... S3: =(Sheet1!S3-Sheet2!S$1)/(Sheet2!S$2-Sheet2!S$1)*100 -> 78.799768
A4: 38200 | B4: =(Sheet1!B4-Sheet2!B$1)/(Sheet2!B$2-Sheet2!B$1)*100 -> 83.288578 | C4: =(Sheet1!C4-Sheet2!C$1)/(Sheet2!C$2-Sheet2!C$1)*100 -> 88.421803 | D4: =(Sheet1!D4-Sheet2!D$1)/(Sheet2!D$2-Sheet2!D$1)*100 -> 90.994995 | E4: =(Sheet1!E4-Sheet2!E$1)/(Sheet2!E$2-Sheet2!E$1)*100 -> 91.976851 | F4: =(Sheet1!F4-Sheet2!F$1)/(Sheet2!F$2-Sheet2!F$1)*100 -> 41.028211 | G4: =(Sheet1!G4-Sheet2!G$1)/(Sheet2!G$2-Sheet2!G$1)*100 -> 39.014738 | H4: =(Sheet1!H4-Sheet2!H$1)/(Sheet2!H$2-Sheet2!H$1)*100 -> 38.144604 | I4: =(Sheet1!I4-Sheet2!I$1)/(Sheet2!I$2-Sheet2!I$1)*100 -> 37.781539 | ... S4: =(Sheet1!S4-Sheet2!S$1)/(Sheet2!S$2-Sheet2!S$1)*100 -> 80.739264
A5: 38231 | B5: =(Sheet1!B5-Sheet2!B$1)/(Sheet2!B$2-Sheet2!B$1)*100 -> 84.609159 | C5: =(Sheet1!C5-Sheet2!C$1)/(Sheet2!C$2-Sheet2!C$1)*100 -> 90.242252 | D5: =(Sheet1!D5-Sheet2!D$1)/(Sheet2!D$2-Sheet2!D$1)*100 -> 92.303923 | E5: =(Sheet1!E5-Sheet2!E$1)/(Sheet2!E$2-Sheet2!E$1)*100 -> 92.831777 | F5: =(Sheet1!F5-Sheet2!F$1)/(Sheet2!F$2-Sheet2!F$1)*100 -> 41.500788 | G5: =(Sheet1!G5-Sheet2!G$1)/(Sheet2!G$2-Sheet2!G$1)*100 -> 39.465066 | H5: =(Sheet1!H5-Sheet2!H$1)/(Sheet2!H$2-Sheet2!H$1)*100 -> 38.5832 | I5: =(Sheet1!I5-Sheet2!I$1)/(Sheet2!I$2-Sheet2!I$1)*100 -> 38.21117 | ... S5: =(Sheet1!S5-Sheet2!S$1)/(Sheet2!S$2-Sheet2!S$1)*100 -> 82.653569
A6: 38261 | B6: =(Sheet1!B6-Sheet2!B$1)/(Sheet2!B$2-Sheet2!B$1)*100 -> 86.132058 | C6: =(Sheet1!C6-Sheet2!C$1)/(Sheet2!C$2-Sheet2!C$1)*100 -> 91.695761 | D6: =(Sheet1!D6-Sheet2!D$1)/(Sheet2!D$2-Sheet2!D$1)*100 -> 93.99783 | E6: =(Sheet1!E6-Sheet2!E$1)/(Sheet2!E$2-Sheet2!E$1)*100 -> 92.624622 | F6: =(Sheet1!F6-Sheet2!F$1)/(Sheet2!F$2-Sheet2!F$1)*100 -> 41.959043 | G6: =(Sheet1!G6-Sheet2!G$1)/(Sheet2!G$2-Sheet2!G$1)*100 -> 39.901747 | H6: =(Sheet1!H6-Sheet2!H$1)/(Sheet2!H$2-Sheet2!H$1)*100 -> 39.008506 | I6: =(Sheet1!I6-Sheet2!I$1)/(Sheet2!I$2-Sheet2!I$1)*100 -> 38.627783 | ... S6: =(Sheet1!S6-Sheet2!S$1)/(Sheet2!S$2-Sheet2!S$1)*100 -> 83.422355
A7: 38292 | B7: =(Sheet1!B7-Sheet2!B$1)/(Sheet2!B$2-Sheet2!B$1)*100 -> 87.69542 | C7: =(Sheet1!C7-Sheet2!C$1)/(Sheet2!C$2-Sheet2!C$1)*100 -> 92.540078 | D7: =(Sheet1!D7-Sheet2!D$1)/(Sheet2!D$2-Sheet2!D$1)*100 -> 95.047772 | E7: =(Sheet1!E7-Sheet2!E$1)/(Sheet2!E$2-Sheet2!E$1)*100 -> 92.746284 | F7: =(Sheet1!F7-Sheet2!F$1)/(Sheet2!F$2-Sheet2!F$1)*100 -> 42.43162 | G7: =(Sheet1!G7-Sheet2!G$1)/(Sheet2!G$2-Sheet2!G$1)*100 -> 40.352074 | H7: =(Sheet1!H7-Sheet2!H$1)/(Sheet2!H$2-Sheet2!H$1)*100 -> 39.447103 | I7: =(Sheet1!I7-Sheet2!I$1)/(Sheet2!I$2-Sheet2!I$1)*100 -> 39.057414 | ... S7: =(Sheet1!S7-Sheet2!S$1)/(Sheet2!S$2-Sheet2!S$1)*100 -> 84.183929
A8: 38322 | B8: =(Sheet1!B8-Sheet2!B$1)/(Sheet2!B$2-Sheet2!B$1)*100 -> 89.203605 | C8: =(Sheet1!C8-Sheet2!C$1)/(Sheet2!C$2-Sheet2!C$1)*100 -> 93.252583 | D8: =(Sheet1!D8-Sheet2!D$1)/(Sheet2!D$2-Sheet2!D$1)*100 -> 96.507192 | E8: =(Sheet1!E8-Sheet2!E$1)/(Sheet2!E$2-Sheet2!E$1)*100 -> 93.94318 | F8: =(Sheet1!F8-Sheet2!F$1)/(Sheet2!F$2-Sheet2!F$1)*100 -> 42.889875 | G8: =(Sheet1!G8-Sheet2!G$1)/(Sheet2!G$2-Sheet2!G$1)*100 -> 40.788755 | H8: =(Sheet1!H8-Sheet2!H$1)/(Sheet2!H$2-Sheet2!H$1)*100 -> 39.872408 | I8: =(Sheet1!I8-Sheet2!I$1)/(Sheet2!I$2-Sheet2!I$1)*100 -> 39.903658 | ... S8: =(Sheet1!S8-Sheet2!S$1)/(Sheet2!S$2-Sheet2!S$1)*100 -> 84.938391
A9: 38353 | B9: =(Sheet1!B9-Sheet2!B$1)/(Sheet2!B$2-Sheet2!B$1)*100 -> 89.97609 | C9: =(Sheet1!C9-Sheet2!C$1)/(Sheet2!C$2-Sheet2!C$1)*100 -> 92.985394 | D9: =(Sheet1!D9-Sheet2!D$1)/(Sheet2!D$2-Sheet2!D$1)*100 -> 95.723235 | E9: =(Sheet1!E9-Sheet2!E$1)/(Sheet2!E$2-Sheet2!E$1)*100 -> 92.059056 | F9: =(Sheet1!F9-Sheet2!F$1)/(Sheet2!F$2-Sheet2!F$1)*100 -> 44.393527 | G9: =(Sheet1!G9-Sheet2!G$1)/(Sheet2!G$2-Sheet2!G$1)*100 -> 42.221616 | H9: =(Sheet1!H9-Sheet2!H$1)/(Sheet2!H$2-Sheet2!H$1)*100 -> 41.267943 | I9: =(Sheet1!I9-Sheet2!I$1)/(Sheet2!I$2-Sheet2!I$1)*100 -> 42.012759 | ... S9: =(Sheet1!S9-Sheet2!S$1)/(Sheet2!S$2-Sheet2!S$1)*100 -> 86.126542
A10: 38384 | B10: =(Sheet1!B10-Sheet2!B$1)/(Sheet2!B$2-Sheet2!B$1)*100 -> 91.307706 | C10: =(Sheet1!C10-Sheet2!C$1)/(Sheet2!C$2-Sheet2!C$1)*100 -> 93.270395 | D10: =(Sheet1!D10-Sheet2!D$1)/(Sheet2!D$2-Sheet2!D$1)*100 -> 95.929724 | E10: =(Sheet1!E10-Sheet2!E$1)/(Sheet2!E$2-Sheet2!E$1)*100 -> 90.941076 | F10: =(Sheet1!F10-Sheet2!F$1)/(Sheet2!F$2-Sheet2!F$1)*100 -> 46.598883 | G10: =(Sheet1!G10-Sheet2!G$1)/(Sheet2!G$2-Sheet2!G$1)*100 -> 44.323144 | H10: =(Sheet1!H10-Sheet2!H$1)/(Sheet2!H$2-Sheet2!H$1)*100 -> 43.314726 | I10: =(Sheet1!I10-Sheet2!I$1)/(Sheet2!I$2-Sheet2!I$1)*100 -> 45.384716 | ... S10: =(Sheet1!S10-Sheet2!S$1)/(Sheet2!S$2-Sheet2!S$1)*100 -> 87.305117
A11: 38412 | B11: =(Sheet1!B11-Sheet2!B$1)/(Sheet2!B$2-Sheet2!B$1)*100 -> 92.562075 | C11: =(Sheet1!C11-Sheet2!C$1)/(Sheet2!C$2-Sheet2!C$1)*100 -> 93.957962 | D11: =(Sheet1!D11-Sheet2!D$1)/(Sheet2!D$2-Sheet2!D$1)*100 -> 96.087215 | E11: =(Sheet1!E11-Sheet2!E$1)/(Sheet2!E$2-Sheet2!E$1)*100 -> 90.385374 | F11: =(Sheet1!F11-Sheet2!F$1)/(Sheet2!F$2-Sheet2!F$1)*100 -> 49.305456 | G11: =(Sheet1!G11-Sheet2!G$1)/(Sheet2!G$2-Sheet2!G$1)*100 -> 46.902293 | H11: =(Sheet1!H11-Sheet2!H$1)/(Sheet2!H$2-Sheet2!H$1)*100 -> 45.826688 | I11: =(Sheet1!I11-Sheet2!I$1)/(Sheet2!I$2-Sheet2!I$1)*100 -> 50.032548 | ... S11: =(Sheet1!S11-Sheet2!S$1)/(Sheet2!S$2-Sheet2!S$1)*100 -> 88.474231
A12: 38443 | B12: =(Sheet1!B12-Sheet2!B$1)/(Sheet2!B$2-Sheet2!B$1)*100 -> 93.79805 | C12: =(Sheet1!C12-Sheet2!C$1)/(Sheet2!C$2-Sheet2!C$1)*100 -> 95.251158 | D12: =(Sheet1!D12-Sheet2!D$1)/(Sheet2!D$2-Sheet2!D$1)*100 -> 96.18871 | E12: =(Sheet1!E12-Sheet2!E$1)/(Sheet2!E$2-Sheet2!E$1)*100 -> 90.783243 | F12: =(Sheet1!F12-Sheet2!F$1)/(Sheet2!F$2-Sheet2!F$1)*100 -> 52.341401 | G12: =(Sheet1!G12-Sheet2!G$1)/(Sheet2!G$2-Sheet2!G$1)*100 -> 49.795306 | H12: =(Sheet1!H12-Sheet2!H$1)/(Sheet2!H$2-Sheet2!H$1)*100 -> 48.644338 | I12: =(Sheet1!I12-Sheet2!I$1)/(Sheet2!I$2-Sheet2!I$1)*100 -> 55.943237 | ... S12: =(Sheet1!S12-Sheet2!S$1)/(Sheet2!S$2-Sheet2!S$1)*100 -> 90.672694
A13: 38473 | B13: =(Sheet1!B13-Sheet2!B$1)/(Sheet2!B$2-Sheet2!B$1)*100 -> 94.592606 | C13: =(Sheet1!C13-Sheet2!C$1)/(Sheet2!C$2-Sheet2!C$1)*100 -> 96.145351 | D13: =(Sheet1!D13-Sheet2!D$1)/(Sheet2!D$2-Sheet2!D$1)*100 -> 96.521191 | E13: =(Sheet1!E13-Sheet2!E$1)/(Sheet2!E$2-Sheet2!E$1)*100 -> 91.286334 | F13: =(Sheet1!F13-Sheet2!F$1)/(Sheet2!F$2-Sheet2!F$1)*100 -> 55.663755 | G13: =(Sheet1!G13-Sheet2!G$1)/(Sheet2!G$2-Sheet2!G$1)*100 -> 52.961245 | H13: =(Sheet1!H13-Sheet2!H$1)/(Sheet2!H$2-Sheet2!H$1)*100 -> 51.727804 | I13: =(Sheet1!I13-Sheet2!I$1)/(Sheet2!I$2-Sheet2!I$1)*100 -> 63.116782 | ... S13: =(Sheet1!S13-Sheet2!S$1)/(Sheet2!S$2-Sheet2!S$1)*100 -> 92.853495
... A147: 42552 | B147: =(Sheet1!B147-Sheet2!B$1)/(Sheet2!B$2-Sheet2!B$1)*100 -> 6.9670774 | C147: =(Sheet1!C147-Sheet2!C$1)/(Sheet2!C$2-Sheet2!C$1)*100 -> 12.119701 | D147: =(Sheet1!D147-Sheet2!D$1)/(Sheet2!D$2-Sheet2!D$1)*100 -> 15.651139 | E147: =(Sheet1!E147-Sheet2!E$1)/(Sheet2!E$2-Sheet2!E$1)*100 -> 18.913587 | F147: =(Sheet1!F147-Sheet2!F$1)/(Sheet2!F$2-Sheet2!F$1)*100 -> 7.7760275 | G147: =(Sheet1!G147-Sheet2!G$1)/(Sheet2!G$2-Sheet2!G$1)*100 -> 8.1877729 | H147: =(Sheet1!H147-Sheet2!H$1)/(Sheet2!H$2-Sheet2!H$1)*100 -> 8.8649654 | I147: =(Sheet1!I147-Sheet2!I$1)/(Sheet2!I$2-Sheet2!I$1)*100 -> 9.2826455 | ... S147: =(Sheet1!S147-Sheet2!S$1)/(Sheet2!S$2-Sheet2!S$1)*100 -> 61.228356
