Workbook
Name temp: Sheet1!$A$1:$D$185

Sheet Sheet2
B3: issueDate | C3: FNCQ30 | D3: FNCR30 | E3: 30 Year Jumbo Conforming
B4: 39569 | C4: =VLOOKUP(B4,Sheet1!$H$2:$J$68,3,0) -> #N/A | D4: =VLOOKUP(B4,Sheet1!$N$2:$P$36,3,0) -> #N/A | E4: =VLOOKUP(B4,Sheet1!$B$2:$D$83,3,0) -> 23663260
B5: 39600 | C5: =VLOOKUP(B5,Sheet1!$H$2:$J$68,3,0) -> #N/A | D5: =VLOOKUP(B5,Sheet1!$N$2:$P$36,3,0) -> #N/A | E5: =VLOOKUP(B5,Sheet1!$B$2:$D$83,3,0) -> 407983823
B6: 39630 | C6: =VLOOKUP(B6,Sheet1!$H$2:$J$68,3,0) -> #N/A | D6: =VLOOKUP(B6,Sheet1!$N$2:$P$36,3,0) -> #N/A | E6: =VLOOKUP(B6,Sheet1!$B$2:$D$83,3,0) -> 1750566475
B7: 39661 | C7: =VLOOKUP(B7,Sheet1!$H$2:$J$68,3,0) -> #N/A | D7: =VLOOKUP(B7,Sheet1!$N$2:$P$36,3,0) -> #N/A | E7: =VLOOKUP(B7,Sheet1!$B$2:$D$83,3,0) -> 1955300974
B8: 39692 | C8: =VLOOKUP(B8,Sheet1!$H$2:$J$68,3,0) -> #N/A | D8: =VLOOKUP(B8,Sheet1!$N$2:$P$36,3,0) -> #N/A | E8: =VLOOKUP(B8,Sheet1!$B$2:$D$83,3,0) -> 2407549009
B9: 39722 | C9: =VLOOKUP(B9,Sheet1!$H$2:$J$68,3,0) -> #N/A | D9: =VLOOKUP(B9,Sheet1!$N$2:$P$36,3,0) -> #N/A | E9: =VLOOKUP(B9,Sheet1!$B$2:$D$83,3,0) -> 1303092497
B10: 39783 | C10: =VLOOKUP(B10,Sheet1!$H$2:$J$68,3,0) -> #N/A | D10: =VLOOKUP(B10,Sheet1!$N$2:$P$36,3,0) -> #N/A | E10: =VLOOKUP(B10,Sheet1!$B$2:$D$83,3,0) -> 15472793
B11: 39845 | C11: =VLOOKUP(B11,Sheet1!$H$2:$J$68,3,0) -> #N/A | D11: =VLOOKUP(B11,Sheet1!$N$2:$P$36,3,0) -> #N/A | E11: =VLOOKUP(B11,Sheet1!$B$2:$D$83,3,0) -> 606866675
B12: 39873 | C12: =VLOOKUP(B12,Sheet1!$H$2:$J$68,3,0) -> #N/A | D12: =VLOOKUP(B12,Sheet1!$N$2:$P$36,3,0) -> #N/A | E12: =VLOOKUP(B12,Sheet1!$B$2:$D$83,3,0) -> 623061660
B13: 39904 | C13: =VLOOKUP(B13,Sheet1!$H$2:$J$68,3,0) -> #N/A | D13: =VLOOKUP(B13,Sheet1!$N$2:$P$36,3,0) -> #N/A | E13: =VLOOKUP(B13,Sheet1!$B$2:$D$83,3,0) -> 546074282
B14: 39934 | C14: =VLOOKUP(B14,Sheet1!$H$2:$J$68,3,0) -> #N/A | D14: =VLOOKUP(B14,Sheet1!$N$2:$P$36,3,0) -> #N/A | E14: =VLOOKUP(B14,Sheet1!$B$2:$D$83,3,0) -> 6652777952
B15: 39965 | C15: =VLOOKUP(B15,Sheet1!$H$2:$J$68,3,0) -> #N/A | D15: =VLOOKUP(B15,Sheet1!$N$2:$P$36,3,0) -> #N/A | E15: =VLOOKUP(B15,Sheet1!$B$2:$D$83,3,0) -> 2725053911
... B85: 42095 | C85: =VLOOKUP(B85,Sheet1!$H$2:$J$68,3,0) -> 96354706 | D85: =VLOOKUP(B85,Sheet1!$N$2:$P$36,3,0) -> 91162697 | E85: =VLOOKUP(B85,Sheet1!$B$2:$D$83,3,0) -> 101487746

Sheet Sheet1
A1: marketTicker | B1: issueDate | C1: description | D1: IssueAmount | G1: marketTicker | H1: issueDate | I1: description | J1: IssueAmount | M1: marketTicker | N1: issueDate | O1: description | P1: IssueAmount
A2: FNCK | B2: 39569 | C2: Fannie Mae Single Family 30 Year Jumbo Conforming | D2: 23663260 | G2: FNCQ30 | H2: 40087 | I2: FNMA CONV LONG TERM 30YR OR LESS LTV >105 <=125 | J2: 15343058 | M2: FNCR | N2: 41061 | O2: FNMA CONV LONG TERM 30YR OR LESS LTV >125 | P2: 5627164641
A3: FNCK | B3: 39600 | C3: Fannie Mae Single Family 30 Year Jumbo Conforming | D3: 407983823 | G3: FNCQ30 | H3: 40118 | I3: FNMA CONV LONG TERM 30YR OR LESS LTV >105 <=125 | J3: 91360480 | M3: FNCR | N3: 41091 | O3: FNMA CONV LONG TERM 30YR OR LESS LTV >125 | P3: 3713048773
A4: FNCK | B4: 39630 | C4: Fannie Mae Single Family 30 Year Jumbo Conforming | D4: 1750566475 | G4: FNCQ30 | H4: 40148 | I4: FNMA CONV LONG TERM 30YR OR LESS LTV >105 <=125 | J4: 128578512 | M4: FNCR | N4: 41122 | O4: FNMA CONV LONG TERM 30YR OR LESS LTV >125 | P4: 3482283708
A5: FNCK | B5: 39661 | C5: Fannie Mae Single Family 30 Year Jumbo Conforming | D5: 1955300974 | G5: FNCQ30 | H5: 40179 | I5: FNMA CONV LONG TERM 30YR OR LESS LTV >105 <=125 | J5: 172690172 | M5: FNCR | N5: 41153 | O5: FNMA CONV LONG TERM 30YR OR LESS LTV >125 | P5: 3393761631
A6: FNCK | B6: 39692 | C6: Fannie Mae Single Family 30 Year Jumbo Conforming | D6: 2407549009 | G6: FNCQ30 | H6: 40210 | I6: FNMA CONV LONG TERM 30YR OR LESS LTV >105 <=125 | J6: 191438050 | M6: FNCR | N6: 41183 | O6: FNMA CONV LONG TERM 30YR OR LESS LTV >125 | P6: 2591936940
A7: FNCK | B7: 39722 | C7: Fannie Mae Single Family 30 Year Jumbo Conforming | D7: 1303092497 | G7: FNCQ30 | H7: 40238 | I7: FNMA CONV LONG TERM 30YR OR LESS LTV >105 <=125 | J7: 214765657 | M7: FNCR | N7: 41214 | O7: FNMA CONV LONG TERM 30YR OR LESS LTV >125 | P7: 3531096335
A8: FNCK | B8: 39783 | C8: Fannie Mae Single Family 30 Year Jumbo Conforming | D8: 15472793 | G8: FNCQ30 | H8: 40269 | I8: FNMA CONV LONG TERM 30YR OR LESS LTV >105 <=125 | J8: 276239169 | M8: FNCR | N8: 41244 | O8: FNMA CONV LONG TERM 30YR OR LESS LTV >125 | P8: 2237392773
A9: FNCK | B9: 39845 | C9: Fannie Mae Single Family 30 Year Jumbo Conforming | D9: 606866675 | G9: FNCQ30 | H9: 40299 | I9: FNMA CONV LONG TERM 30YR OR LESS LTV >105 <=125 | J9: 515525281 | M9: FNCR | N9: 41275 | O9: FNMA CONV LONG TERM 30YR OR LESS LTV >125 | P9: 3299880097
A10: FNCK | B10: 39873 | C10: Fannie Mae Single Family 30 Year Jumbo Conforming | D10: 623061660 | G10: FNCQ30 | H10: 40330 | I10: FNMA CONV LONG TERM 30YR OR LESS LTV >105 <=125 | J10: 268918822 | M10: FNCR | N10: 41306 | O10: FNMA CONV LONG TERM 30YR OR LESS LTV >125 | P10: 2808516054
A11: FNCK | B11: 39904 | C11: Fannie Mae Single Family 30 Year Jumbo Conforming | D11: 546074282 | G11: FNCQ30 | H11: 40360 | I11: FNMA CONV LONG TERM 30YR OR LESS LTV >105 <=125 | J11: 208691302 | M11: FNCR | N11: 41334 | O11: FNMA CONV LONG TERM 30YR OR LESS LTV >125 | P11: 2186380753
A12: FNCK | B12: 39934 | C12: Fannie Mae Single Family 30 Year Jumbo Conforming | D12: 6652777952 | G12: FNCQ30 | H12: 40391 | I12: FNMA CONV LONG TERM 30YR OR LESS LTV >105 <=125 | J12: 355715456 | M12: FNCR | N12: 41365 | O12: FNMA CONV LONG TERM 30YR OR LESS LTV >125 | P12: 2498076581
A13: FNCK | B13: 39965 | C13: Fannie Mae Single Family 30 Year Jumbo Conforming | D13: 2725053911 | G13: FNCQ30 | H13: 40422 | I13: FNMA CONV LONG TERM 30YR OR LESS LTV >105 <=125 | J13: 352412504 | M13: FNCR | N13: 41395 | O13: FNMA CONV LONG TERM 30YR OR LESS LTV >125 | P13: 1858786075
... A36: FNCK | B36: 40664 | C36: Fannie Mae Single Family 30 Year Jumbo Conforming | D36: 1679348065 | G36: FNCQ30 | H36: 41122 | I36: FNMA CONV LONG TERM 30YR OR LESS LTV >105 <=125 | J36: 2705488507 | M36: FNCR | N36: 42095 | O36: FNMA CONV LONG TERM 30YR OR LESS LTV >125 | P36: 91162697
A37: FNCK | B37: 40695 | C37: Fannie Mae Single Family 30 Year Jumbo Conforming | D37: 1470720552 | G37: FNCQ30 | H37: 41153 | I37: FNMA CONV LONG TERM 30YR OR LESS LTV >105 <=125 | J37: 2507345171
A38: FNCK | B38: 40725 | C38: Fannie Mae Single Family 30 Year Jumbo Conforming | D38: 1755684824 | G38: FNCQ30 | H38: 41183 | I38: FNMA CONV LONG TERM 30YR OR LESS LTV >105 <=125 | J38: 1886237333
A39: FNCK | B39: 40756 | C39: Fannie Mae Single Family 30 Year Jumbo Conforming | D39: 2242690757 | G39: FNCQ30 | H39: 41214 | I39: FNMA CONV LONG TERM 30YR OR LESS LTV >105 <=125 | J39: 3089976460
A40: FNCK | B40: 40787 | C40: Fannie Mae Single Family 30 Year Jumbo Conforming | D40: 4005917312 | G40: FNCQ30 | H40: 41244 | I40: FNMA CONV LONG TERM 30YR OR LESS LTV >105 <=125 | J40: 1925814668
A41: FNCK | B41: 40817 | C41: Fannie Mae Single Family 30 Year Jumbo Conforming | D41: 4409005394 | G41: FNCQ30 | H41: 41275 | I41: FNMA CONV LONG TERM 30YR OR LESS LTV >105 <=125 | J41: 2387371027
A42: FNCK | B42: 40848 | C42: Fannie Mae Single Family 30 Year Jumbo Conforming | D42: 4642886367 | G42: FNCQ30 | H42: 41306 | I42: FNMA CONV LONG TERM 30YR OR LESS LTV >105 <=125 | J42: 2217599892
A43: FNCK | B43: 40878 | C43: Fannie Mae Single Family 30 Year Jumbo Conforming | D43: 2231440428 | G43: FNCQ30 | H43: 41334 | I43: FNMA CONV LONG TERM 30YR OR LESS LTV >105 <=125 | J43: 2074956858
A44: FNCK | B44: 40909 | C44: Fannie Mae Single Family 30 Year Jumbo Conforming | D44: 1557100159 | G44: FNCQ30 | H44: 41365 | I44: FNMA CONV LONG TERM 30YR OR LESS LTV >105 <=125 | J44: 2243146531
A45: FNCK | B45: 40940 | C45: Fannie Mae Single Family 30 Year Jumbo Conforming | D45: 1459805763 | G45: FNCQ30 | H45: 41395 | I45: FNMA CONV LONG TERM 30YR OR LESS LTV >105 <=125 | J45: 1541931533
A46: FNCK | B46: 40969 | C46: Fannie Mae Single Family 30 Year Jumbo Conforming | D46: 2893315869 | G46: FNCQ30 | H46: 41426 | I46: FNMA CONV LONG TERM 30YR OR LESS LTV >105 <=125 | J46: 1758314749
A47: FNCK | B47: 41000 | C47: Fannie Mae Single Family 30 Year Jumbo Conforming | D47: 853289366 | G47: FNCQ30 | H47: 41456 | I47: FNMA CONV LONG TERM 30YR OR LESS LTV >105 <=125 | J47: 1616623154
A48: FNCK | B48: 41030 | C48: Fannie Mae Single Family 30 Year Jumbo Conforming | D48: 1671001392 | G48: FNCQ30 | H48: 41487 | I48: FNMA CONV LONG TERM 30YR OR LESS LTV >105 <=125 | J48: 1373502996
... A68: FNCK | B68: 41640 | C68: Fannie Mae Single Family 30 Year Jumbo Conforming | D68: 392754952 | G68: FNCQ30 | H68: 42095 | I68: FNMA CONV LONG TERM 30YR OR LESS LTV >105 <=125 | J68: 96354706
A69: FNCK | B69: 41671 | C69: Fannie Mae Single Family 30 Year Jumbo Conforming | D69: 362334810
A70: FNCK | B70: 41699 | C70: Fannie Mae Single Family 30 Year Jumbo Conforming | D70: 230227055
A71: FNCK | B71: 41730 | C71: Fannie Mae Single Family 30 Year Jumbo Conforming | D71: 278280577
A72: FNCK | B72: 41760 | C72: Fannie Mae Single Family 30 Year Jumbo Conforming | D72: 337688908
A73: FNCK | B73: 41791 | C73: Fannie Mae Single Family 30 Year Jumbo Conforming | D73: 319731336
A74: FNCK | B74: 41821 | C74: Fannie Mae Single Family 30 Year Jumbo Conforming | D74: 562390222
A75: FNCK | B75: 41852 | C75: Fannie Mae Single Family 30 Year Jumbo Conforming | D75: 449797295
A76: FNCK | B76: 41883 | C76: Fannie Mae Single Family 30 Year Jumbo Conforming | D76: 746264105
A77: FNCK | B77: 41913 | C77: Fannie Mae Single Family 30 Year Jumbo Conforming | D77: 639001193
A78: FNCK | B78: 41944 | C78: Fannie Mae Single Family 30 Year Jumbo Conforming | D78: 549347202
A79: FNCK | B79: 41974 | C79: Fannie Mae Single Family 30 Year Jumbo Conforming | D79: 771028754
A80: FNCK | B80: 42005 | C80: Fannie Mae Single Family 30 Year Jumbo Conforming | D80: 667434711
... A83: FNCK | B83: 42095 | C83: Fannie Mae Single Family 30 Year Jumbo Conforming | D83: 101487746
