Workbook
Name temp: 'CLTV Conv'!$A$2:$X$81
Name temp: Sheet25!$A$1:$L$168

Sheet Balance Check
A1: FGU6
A2: Coupon | B2: 2015 | C2: 2014 | D2: 2013 | E2: 2012 | F2: 2011 | G2: 2010
A3: 3 | D3: 0.88 | E3: 0.48
A4: 3.5 | B4: 0.21 | C4: 0.03 | D4: 4.84 | E4: 4.7
A5: 4 | B5: 0.53 | C5: 0.69 | D5: 2.97 | E5: 6.61 | F5: 0.32 | G5: 0.08
A6: 4.5 | B6: 0.16 | C6: 1.14 | D6: 1.05 | E6: 0.72 | F6: 2.31 | G6: 0.67
A7: 5
A8: 5.5
A10: FGU9
A11: Coupon | B11: 2015 | C11: 2014 | D11: 2013 | E11: 2012 | F11: 2011 | G11: 2010
A12: 3 | D12: 0.49 | E12: 0.32
A13: 3.5 | B13: 0.06 | D13: 3.78 | E13: 3.63
A14: 4 | B14: 0.23 | C14: 0.26 | D14: 3.1 | E14: 7.96
A15: 4.5 | B15: 0.09 | C15: 0.68 | D15: 0.82 | E15: 1.87
A16: 5
A17: 5.5

Sheet CQ 3.5 13
B1: x_vals | C1: y_vals.act | D1: y_vals.mdl
A2: [1,] | B2: 41306 | C2: 1.6359126 | D2: 0.61725091
A3: [2,] | B3: 41334 | C3: 0.95590704 | D3: 0.63208548
A4: [3,] | B4: 41365 | C4: 1.2265296 | D4: 0.80350288
A5: [4,] | B5: 41395 | C5: 1.4244216 | D5: 1.0537971
A6: [5,] | B6: 41426 | C6: 1.5784849 | D6: 1.4386393
A7: [6,] | B7: 41456 | C7: 2.0023631 | D7: 1.5176834
A8: [7,] | B8: 41487 | C8: 2.0775013 | D8: 1.1946897
A9: [8,] | B9: 41518 | C9: 2.5548961 | D9: 1.2243741
A10: [9,] | B10: 41548 | C10: 2.4242892 | D10: 1.317364
A11: [10,] | B11: 41579 | C11: 2.1136784 | D11: 1.5039502
A12: [11,] | B12: 41609 | C12: 2.3525005 | D12: 1.8128627
A13: [12,] | B13: 41640 | C13: 2.7149003 | D13: 1.9821842
... A37: [36,] | B37: 42370 | C37: 7.5161087 | D37: 23.261526

Sheet CQ 3.5 12
B1: x_vals | C1: y_vals.act | D1: y_vals.mdl
A2: [1,] | B2: 40940 | C2: 0.13311838 | D2: 0.37326308
A3: [2,] | B3: 40969 | C3: 0.54729849 | D3: 0.53704907
A4: [3,] | B4: 41000 | C4: 0.33825682 | D4: 0.53149528
A5: [4,] | B5: 41030 | C5: 0.78772791 | D5: 0.49701412
A6: [5,] | B6: 41061 | C6: 1.2948442 | D6: 0.68194847
A7: [6,] | B7: 41091 | C7: 1.4184272 | D7: 0.92264305
A8: [7,] | B8: 41122 | C8: 0.58652886 | D8: 1.1495182
A9: [8,] | B9: 41153 | C9: 1.0698045 | D9: 1.2339681
A10: [9,] | B10: 41183 | C10: 1.0675935 | D10: 1.191487
A11: [10,] | B11: 41214 | C11: 1.3423221 | D11: 1.4024738
A12: [11,] | B12: 41244 | C12: 1.1031994 | D12: 1.5830213
A13: [12,] | B13: 41275 | C13: 1.3585724 | D13: 1.6836866
... A49: [48,] | B49: 42370 | C49: 9.1193138 | D49: 30.594086

Sheet CQ 4.0 13
B1: x_vals | C1: y_vals.act | D1: y_vals.mdl
A2: [1,] | B2: 41306 | C2: 0.17571376 | D2: 0.64200688
A3: [2,] | B3: 41334 | C3: 1.4076126 | D3: 0.73733747
A4: [3,] | B4: 41365 | C4: 0.53866159 | D4: 1.2470513
A5: [4,] | B5: 41395 | C5: 1.30402 | D5: 1.2518293
A6: [5,] | B6: 41426 | C6: 1.5086564 | D6: 1.5220598
A7: [6,] | B7: 41456 | C7: 2.1320347 | D7: 1.6705838
A8: [7,] | B8: 41487 | C8: 1.4126905 | D8: 1.3348315
A9: [8,] | B9: 41518 | C9: 2.047713 | D9: 1.4490924
A10: [9,] | B10: 41548 | C10: 1.6597412 | D10: 1.3862924
A11: [10,] | B11: 41579 | C11: 1.6943025 | D11: 1.4978004
A12: [11,] | B12: 41609 | C12: 2.0164126 | D12: 1.8584122
A13: [12,] | B13: 41640 | C13: 2.823138 | D13: 2.0320933
... A37: [36,] | B37: 42370 | C37: 8.0462498 | D37: 20.403948

Sheet CQ 4.0 12
B1: x_vals | C1: y_vals.act | D1: y_vals.mdl
A2: [1,] | B2: 40940 | C2: 0.1254046 | D2: 0.45851787
A3: [2,] | B3: 40969 | C3: 0.31423327 | D3: 0.58578602
A4: [3,] | B4: 41000 | C4: 1.1951987 | D4: 0.72015187
A5: [4,] | B5: 41030 | C5: 0.39291227 | D5: 0.79985392
A6: [5,] | B6: 41061 | C6: 0.53899237 | D6: 1.1064983
A7: [6,] | B7: 41091 | C7: 1.4569256 | D7: 1.3969862
A8: [7,] | B8: 41122 | C8: 1.7580833 | D8: 1.5412048
A9: [8,] | B9: 41153 | C9: 1.2960485 | D9: 1.793394
A10: [9,] | B10: 41183 | C10: 2.0017146 | D10: 1.848286
A11: [10,] | B11: 41214 | C11: 2.1382844 | D11: 2.1237492
A12: [11,] | B12: 41244 | C12: 2.2255093 | D12: 2.3947146
A13: [12,] | B13: 41275 | C13: 2.438655 | D13: 2.6454467
... A49: [48,] | B49: 42370 | C49: 11.641582 | D49: 31.761359

Sheet CQ 4.5 14
B1: x_vals | C1: y_vals.act | D1: y_vals.mdl
A2: [1,] | B2: 41671 | C2: 3.2808842 | D2: 0.44031338
A3: [2,] | B3: 41699 | C3: 0.16329172 | D3: 0.62721797
A4: [3,] | B4: 41730 | C4: 0.23823447 | D4: 0.98619329
A5: [4,] | B5: 41760 | C5: 1.4866942 | D5: 1.2488103
A6: [5,] | B6: 41791 | C6: 1.312153 | D6: 1.5316772
A7: [6,] | B7: 41821 | C7: 1.4087285 | D7: 1.9546543
A8: [7,] | B8: 41852 | C8: 0.77291475 | D8: 2.2212942
A9: [8,] | B9: 41883 | C9: 1.3317191 | D9: 2.5831198
A10: [9,] | B10: 41913 | C10: 2.222398 | D10: 2.769562
A11: [10,] | B11: 41944 | C11: 1.968083 | D11: 3.0061312
A12: [11,] | B12: 41974 | C12: 2.5140997 | D12: 3.3264961
A13: [12,] | B13: 42005 | C13: 1.5983065 | D13: 3.6675176
... A25: [24,] | B25: 42370 | C25: 7.9509775 | D25: 7.4316746

Sheet CQ 4.5 13
B1: x_vals | C1: y_vals.act | D1: y_vals.mdl
A2: [1,] | B2: 41334 | C2: 0.39647769 | D2: 0.51826938
A3: [2,] | B3: 41365 | C3: 7.5650825 | D3: 4.9136367
A4: [3,] | B4: 41395 | C4: 8.0595886 | D4: 5.1817319
A5: [4,] | B5: 41426 | C5: 2.9253023 | D5: 10.510493
A6: [5,] | B6: 41456 | C6: 2.1323256 | D6: 10.701953
A7: [6,] | B7: 41487 | C7: 6.5178948 | D7: 14.922189
A8: [7,] | B8: 41518 | C8: 0.22695816 | D8: 10.492204
A9: [8,] | B9: 41548 | C9: 3.6769312 | D9: 5.2219513
A10: [9,] | B10: 41579 | C10: 0.5366142 | D10: 2.52269
A11: [10,] | B11: 41609 | C11: 0.95811693 | D11: 2.4649323
A12: [11,] | B12: 41640 | C12: 1.9113399 | D12: 2.1077543
A13: [12,] | B13: 41671 | C13: 0.44287339 | D13: 1.9316768
... A36: [35,] | B36: 42370 | C36: 10.433473 | D36: 12.310989

Sheet CQ 4.5 11
B1: x_vals | C1: y_vals.act | D1: y_vals.mdl
A2: [1,] | B2: 40575 | C2: 0.00038418092 | D2: 0.3345709
A3: [2,] | B3: 40603 | C3: 0.66103424 | D3: 0.30494514
A4: [3,] | B4: 40634 | C4: 0.47993977 | D4: 0.42100331
A5: [4,] | B5: 40664 | C5: 0.55697094 | D5: 0.63901271
A6: [5,] | B6: 40695 | C6: 0.83668066 | D6: 0.85639801
A7: [6,] | B7: 40725 | C7: 1.8720616 | D7: 1.1290838
A8: [7,] | B8: 40756 | C8: 2.3766644 | D8: 1.3472104
A9: [8,] | B9: 40787 | C9: 2.5561561 | D9: 1.4916851
A10: [9,] | B10: 40817 | C10: 1.4087074 | D10: 1.6991328
A11: [10,] | B11: 40848 | C11: 1.5760664 | D11: 1.6590757
A12: [11,] | B12: 40878 | C12: 1.9168118 | D12: 1.6640121
A13: [12,] | B13: 40909 | C13: 2.0990023 | D13: 1.7457808
... A61: [60,] | B61: 42370 | C61: 18.541873 | D61: 34.962167

Sheet CR 3.5 13
B1: x_vals | C1: y_vals.act | D1: y_vals.mdl
A2: [1,] | B2: 41306 | C2: 0.077502006 | D2: 0.30119785
A3: [2,] | B3: 41334 | C3: 0.23087761 | D3: 0.34225367
A4: [3,] | B4: 41365 | C4: 0.57756399 | D4: 0.43781946
A5: [4,] | B5: 41395 | C5: 0.36775327 | D5: 0.5709609
A6: [5,] | B6: 41426 | C6: 1.005033 | D6: 0.72358014
A7: [6,] | B7: 41456 | C7: 0.99695432 | D7: 0.84234198
A8: [7,] | B8: 41487 | C8: 1.2342357 | D8: 0.95240339
A9: [8,] | B9: 41518 | C9: 1.7376654 | D9: 1.0917548
A10: [9,] | B10: 41548 | C10: 1.4935393 | D10: 1.2469592
A11: [10,] | B11: 41579 | C11: 1.5232102 | D11: 1.4298166
A12: [11,] | B12: 41609 | C12: 1.861288 | D12: 1.6128568
A13: [12,] | B13: 41640 | C13: 2.2117234 | D13: 1.7955252
... A37: [36,] | B37: 42370 | C37: 5.0458174 | D37: 5.749609

Sheet CR 3.5 12
B1: x_vals | C1: y_vals.act | D1: y_vals.mdl
B2: 41091 | C2: 0.092663721 | D2: 0.29121895
B3: 41122 | C3: 2.2078434 | D3: 0.41685273
B4: 41153 | C4: 0.21101314 | D4: 0.45272603
B5: 41183 | C5: 0.34670011 | D5: 0.53581082
B6: 41214 | C6: 0.68419673 | D6: 0.60922775
B7: 41244 | C7: 0.73222196 | D7: 0.69731038
B8: 41275 | C8: 1.2131545 | D8: 0.76882037
B9: 41306 | C9: 0.60881458 | D9: 0.87641193
B10: 41334 | C10: 1.4039651 | D10: 1.0467189
A11: [10,] | B11: 41365 | C11: 1.7549047 | D11: 1.2037844
A12: [11,] | B12: 41395 | C12: 2.4164663 | D12: 1.3627415
A13: [12,] | B13: 41426 | C13: 2.224292 | D13: 1.5404819
A14: [13,] | B14: 41456 | C14: 3.647445 | D14: 1.6807261
A15: [14,] | B15: 41487 | C15: 3.2984066 | D15: 1.7879137
A16: [15,] | B16: 41518 | C16: 3.671105 | D16: 1.9222561
A17: [16,] | B17: 41548 | C17: 4.3083576 | D17: 2.0665758
A18: [17,] | B18: 41579 | C18: 3.6951285 | D18: 2.2160257
A19: [18,] | B19: 41609 | C19: 2.87772 | D19: 2.3769037
A20: [19,] | B20: 41640 | C20: 4.1426468 | D20: 2.5238382
A21: [20,] | B21: 41671 | C21: 2.9702004 | D21: 2.6532901
A22: [21,] | B22: 41699 | C22: 3.1994342 | D22: 2.7963475
... A44: [43,] | B44: 42370 | C44: 5.6462056 | D44: 6.0339632

Sheet CR 4.0 13
B1: x_vals | C1: y_vals.act | D1: y_vals.mdl
A2: [1,] | B2: 41306 | C2: 0.19673472 | D2: 0.29377027
A3: [2,] | B3: 41334 | C3: 0.30532765 | D3: 0.38637856
A4: [3,] | B4: 41365 | C4: 0.37154478 | D4: 0.4466576
A5: [4,] | B5: 41395 | C5: 0.42285029 | D5: 0.55866786
A6: [5,] | B6: 41426 | C6: 0.66685957 | D6: 0.65151939
A7: [6,] | B7: 41456 | C7: 0.98407926 | D7: 0.77417983
A8: [7,] | B8: 41487 | C8: 1.3854766 | D8: 0.86432998
A9: [8,] | B9: 41518 | C9: 1.9090317 | D9: 0.991652
A10: [9,] | B10: 41548 | C10: 1.8565646 | D10: 1.0999913
A11: [10,] | B11: 41579 | C11: 1.6708934 | D11: 1.255273
A12: [11,] | B12: 41609 | C12: 1.6215139 | D12: 1.4382095
A13: [12,] | B13: 41640 | C13: 3.3182989 | D13: 1.6125147
... A37: [36,] | B37: 42370 | C37: 6.9956605 | D37: 5.6387499

Sheet CR 4.0 12
B1: x_vals | C1: y_vals.act | D1: y_vals.mdl
A2: [1,] | B2: 41091 | C2: 0.52140876 | D2: 0.37092074
A3: [2,] | B3: 41122 | C3: 0.32732081 | D3: 0.49197367
A4: [3,] | B4: 41153 | C4: 0.62248767 | D4: 0.60727149
A5: [4,] | B5: 41183 | C5: 0.57002512 | D5: 0.72458723
A6: [5,] | B6: 41214 | C6: 1.2825531 | D6: 0.84560416
A7: [6,] | B7: 41244 | C7: 1.3177031 | D7: 0.97165457
A8: [7,] | B8: 41275 | C8: 1.9133151 | D8: 1.0822649
A9: [8,] | B9: 41306 | C9: 2.2697748 | D9: 1.2241568
A10: [9,] | B10: 41334 | C10: 1.8883324 | D10: 1.3868134
A11: [10,] | B11: 41365 | C11: 3.0447553 | D11: 1.5436154
A12: [11,] | B12: 41395 | C12: 2.750258 | D12: 1.7105463
A13: [12,] | B13: 41426 | C13: 3.6917917 | D13: 1.8933528
... A44: [43,] | B44: 42370 | C44: 9.1605828 | D44: 6.7307551

Sheet CR 4.5 12
B1: x_vals | C1: y_vals.act | D1: y_vals.mdl
A2: [1,] | B2: 41091 | C2: 0.1672378 | D2: 0.45212315
A3: [2,] | B3: 41122 | C3: 0.33187124 | D3: 0.56520219
A4: [3,] | B4: 41153 | C4: 0.47178078 | D4: 0.69055286
A5: [4,] | B5: 41183 | C5: 0.84079718 | D5: 0.82057592
A6: [5,] | B6: 41214 | C6: 2.3169929 | D6: 0.97186711
A7: [6,] | B7: 41244 | C7: 3.0382728 | D7: 1.1283524
A8: [7,] | B8: 41275 | C8: 2.3588807 | D8: 1.2871677
A9: [8,] | B9: 41306 | C9: 2.18484 | D9: 1.4378473
A10: [9,] | B10: 41334 | C10: 3.2176805 | D10: 1.58898
A11: [10,] | B11: 41365 | C11: 3.5989454 | D11: 1.7378554
A12: [11,] | B12: 41395 | C12: 4.0839118 | D12: 1.8976493
A13: [12,] | B13: 41426 | C13: 4.5002021 | D13: 2.0977223
... A44: [43,] | B44: 42370 | C44: 10.278834 | D44: 8.8888912

Sheet CR
A2: FGU9
A3: Coupon | B3: 2015 | C3: 2014 | D3: 2013 | E3: 2012 | F3: 2011 | G3: 2010
A4: 3 | D4: 0.49 | E4: 0.32
A5: 3.5 | B5: 0.06 | D5: 3.78 | E5: 3.63
A6: 4 | B6: 0.23 | C6: 0.26 | D6: 3.1 | E6: 7.96
A7: 4.5 | B7: 0.09 | C7: 0.68 | D7: 0.82 | E7: 1.87
A8: 5
A9: 5.5

Sheet Conv 3.5 13
B1: x_vals | C1: Conv Act | D1: Conv Model | E1: CQ Act | F1: CQ model
A2: [1,] | B2: 41306 | C2: 3.8209925 | D2: 6.4327006 | E2: =VLOOKUP(B2,'CQ 3.5 13'!B:D,2,0) -> 1.6359126 | F2: =VLOOKUP(B2,'CQ 3.5 13'!B:D,3,0) -> 0.61725091
A3: [2,] | B3: 41334 | C3: 0.180336 | D3: 4.1730555 | E3: =VLOOKUP(B3,'CQ 3.5 13'!B:D,2,0) -> 0.95590704 | F3: =VLOOKUP(B3,'CQ 3.5 13'!B:D,3,0) -> 0.63208548
A4: [3,] | B4: 41365 | C4: 2.1039778 | D4: 4.8921219 | E4: =VLOOKUP(B4,'CQ 3.5 13'!B:D,2,0) -> 1.2265296 | F4: =VLOOKUP(B4,'CQ 3.5 13'!B:D,3,0) -> 0.80350288
A5: [4,] | B5: 41395 | C5: 1.1282711 | D5: 6.2293635 | E5: =VLOOKUP(B5,'CQ 3.5 13'!B:D,2,0) -> 1.4244216 | F5: =VLOOKUP(B5,'CQ 3.5 13'!B:D,3,0) -> 1.0537971
A6: [5,] | B6: 41426 | C6: 2.645889 | D6: 10.691187 | E6: =VLOOKUP(B6,'CQ 3.5 13'!B:D,2,0) -> 1.5784849 | F6: =VLOOKUP(B6,'CQ 3.5 13'!B:D,3,0) -> 1.4386393
A7: [6,] | B7: 41456 | C7: 2.9389909 | D7: 9.9052098 | E7: =VLOOKUP(B7,'CQ 3.5 13'!B:D,2,0) -> 2.0023631 | F7: =VLOOKUP(B7,'CQ 3.5 13'!B:D,3,0) -> 1.5176834
A8: [7,] | B8: 41487 | C8: 3.6492535 | D8: 5.8433831 | E8: =VLOOKUP(B8,'CQ 3.5 13'!B:D,2,0) -> 2.0775013 | F8: =VLOOKUP(B8,'CQ 3.5 13'!B:D,3,0) -> 1.1946897
A9: [8,] | B9: 41518 | C9: 2.9108703 | D9: 5.1577462 | E9: =VLOOKUP(B9,'CQ 3.5 13'!B:D,2,0) -> 2.5548961 | F9: =VLOOKUP(B9,'CQ 3.5 13'!B:D,3,0) -> 1.2243741
A10: [9,] | B10: 41548 | C10: 2.8731446 | D10: 4.7491309 | E10: =VLOOKUP(B10,'CQ 3.5 13'!B:D,2,0) -> 2.4242892 | F10: =VLOOKUP(B10,'CQ 3.5 13'!B:D,3,0) -> 1.317364
A11: [10,] | B11: 41579 | C11: 3.1514675 | D11: 5.1316736 | E11: =VLOOKUP(B11,'CQ 3.5 13'!B:D,2,0) -> 2.1136784 | F11: =VLOOKUP(B11,'CQ 3.5 13'!B:D,3,0) -> 1.5039502
A12: [11,] | B12: 41609 | C12: 2.4642824 | D12: 6.4209891 | E12: =VLOOKUP(B12,'CQ 3.5 13'!B:D,2,0) -> 2.3525005 | F12: =VLOOKUP(B12,'CQ 3.5 13'!B:D,3,0) -> 1.8128627
A13: [12,] | B13: 41640 | C13: 3.282616 | D13: 6.7377856 | E13: =VLOOKUP(B13,'CQ 3.5 13'!B:D,2,0) -> 2.7149003 | F13: =VLOOKUP(B13,'CQ 3.5 13'!B:D,3,0) -> 1.9821842
... A37: [36,] | B37: 42370 | C37: 11.592002 | D37: 26.689553 | E37: =VLOOKUP(B37,'CQ 3.5 13'!B:D,2,0) -> 7.5161087 | F37: =VLOOKUP(B37,'CQ 3.5 13'!B:D,3,0) -> 23.261526

Sheet Conv 3.5 12 
B1: x_vals | C1: Conv Act | D1: Conv Model | E1: CQ Act | F1: CQ model
A2: [1,] | B2: 40940 | C2: 0.0003389912 | D2: 0.54221489 | E2: =VLOOKUP(B2,'CQ 3.5 12'!B:D,2,0) -> 0.13311838 | F2: =VLOOKUP(B2,'CQ 3.5 12'!B:D,3,0) -> 0.37326308
A3: [2,] | B3: 40969 | C3: 0.040715338 | D3: 1.3856556 | E3: =VLOOKUP(B3,'CQ 3.5 12'!B:D,2,0) -> 0.54729849 | F3: =VLOOKUP(B3,'CQ 3.5 12'!B:D,3,0) -> 0.53704907
A4: [3,] | B4: 41000 | C4: 0.17821749 | D4: 2.5447492 | E4: =VLOOKUP(B4,'CQ 3.5 12'!B:D,2,0) -> 0.33825682 | F4: =VLOOKUP(B4,'CQ 3.5 12'!B:D,3,0) -> 0.53149528
A5: [4,] | B5: 41030 | C5: 2.3298695 | D5: 4.2146841 | E5: =VLOOKUP(B5,'CQ 3.5 12'!B:D,2,0) -> 0.78772791 | F5: =VLOOKUP(B5,'CQ 3.5 12'!B:D,3,0) -> 0.49701412
A6: [5,] | B6: 41061 | C6: 3.2205582 | D6: 5.9087266 | E6: =VLOOKUP(B6,'CQ 3.5 12'!B:D,2,0) -> 1.2948442 | F6: =VLOOKUP(B6,'CQ 3.5 12'!B:D,3,0) -> 0.68194847
A7: [6,] | B7: 41091 | C7: 3.0183819 | D7: 8.8150103 | E7: =VLOOKUP(B7,'CQ 3.5 12'!B:D,2,0) -> 1.4184272 | F7: =VLOOKUP(B7,'CQ 3.5 12'!B:D,3,0) -> 0.92264305
A8: [7,] | B8: 41122 | C8: 3.4160931 | D8: 10.791019 | E8: =VLOOKUP(B8,'CQ 3.5 12'!B:D,2,0) -> 0.58652886 | F8: =VLOOKUP(B8,'CQ 3.5 12'!B:D,3,0) -> 1.1495182
A9: [8,] | B9: 41153 | C9: 5.2178291 | D9: 12.20994 | E9: =VLOOKUP(B9,'CQ 3.5 12'!B:D,2,0) -> 1.0698045 | F9: =VLOOKUP(B9,'CQ 3.5 12'!B:D,3,0) -> 1.2339681
A10: [9,] | B10: 41183 | C10: 2.6933658 | D10: 10.297706 | E10: =VLOOKUP(B10,'CQ 3.5 12'!B:D,2,0) -> 1.0675935 | F10: =VLOOKUP(B10,'CQ 3.5 12'!B:D,3,0) -> 1.191487
A11: [10,] | B11: 41214 | C11: 2.7141185 | D11: 13.346617 | E11: =VLOOKUP(B11,'CQ 3.5 12'!B:D,2,0) -> 1.3423221 | F11: =VLOOKUP(B11,'CQ 3.5 12'!B:D,3,0) -> 1.4024738
A12: [11,] | B12: 41244 | C12: 4.6664503 | D12: 15.676484 | E12: =VLOOKUP(B12,'CQ 3.5 12'!B:D,2,0) -> 1.1031994 | F12: =VLOOKUP(B12,'CQ 3.5 12'!B:D,3,0) -> 1.5830213
A13: [12,] | B13: 41275 | C13: 3.6553901 | D13: 16.141827 | E13: =VLOOKUP(B13,'CQ 3.5 12'!B:D,2,0) -> 1.3585724 | F13: =VLOOKUP(B13,'CQ 3.5 12'!B:D,3,0) -> 1.6836866
... A49: [48,] | B49: 42370 | C49: 11.380557 | D49: 27.884136 | E49: =VLOOKUP(B49,'CQ 3.5 12'!B:D,2,0) -> 9.1193138 | F49: =VLOOKUP(B49,'CQ 3.5 12'!B:D,3,0) -> 30.594086

Sheet Conv 4.0 13
C1: Conv Act | D1: Conv Model | E1: CQ Act | F1: CQ model
A2: [1,] | B2: 41306 | C2: 0.0068953289 | D2: 17.495709 | E2: =VLOOKUP(B2,'CQ 4.0 13'!B:D,2,0) -> 0.17571376 | F2: =VLOOKUP(B2,'CQ 4.0 13'!B:D,3,0) -> 0.64200688
A3: [2,] | B3: 41334 | C3: 0.21802222 | D3: 9.6935201 | E3: =VLOOKUP(B3,'CQ 4.0 13'!B:D,2,0) -> 1.4076126 | F3: =VLOOKUP(B3,'CQ 4.0 13'!B:D,3,0) -> 0.73733747
A4: [3,] | B4: 41365 | C4: 5.5449264 | D4: 8.0535038 | E4: =VLOOKUP(B4,'CQ 4.0 13'!B:D,2,0) -> 0.53866159 | F4: =VLOOKUP(B4,'CQ 4.0 13'!B:D,3,0) -> 1.2470513
A5: [4,] | B5: 41395 | C5: 3.6276471 | D5: 6.742398 | E5: =VLOOKUP(B5,'CQ 4.0 13'!B:D,2,0) -> 1.30402 | F5: =VLOOKUP(B5,'CQ 4.0 13'!B:D,3,0) -> 1.2518293
A6: [5,] | B6: 41426 | C6: 0.13888103 | D6: 11.65234 | E6: =VLOOKUP(B6,'CQ 4.0 13'!B:D,2,0) -> 1.5086564 | F6: =VLOOKUP(B6,'CQ 4.0 13'!B:D,3,0) -> 1.5220598
A7: [6,] | B7: 41456 | C7: 1.2491519 | D7: 13.310434 | E7: =VLOOKUP(B7,'CQ 4.0 13'!B:D,2,0) -> 2.1320347 | F7: =VLOOKUP(B7,'CQ 4.0 13'!B:D,3,0) -> 1.6705838
A8: [7,] | B8: 41487 | C8: 2.9022044 | D8: 7.7859066 | E8: =VLOOKUP(B8,'CQ 4.0 13'!B:D,2,0) -> 1.4126905 | F8: =VLOOKUP(B8,'CQ 4.0 13'!B:D,3,0) -> 1.3348315
A9: [8,] | B9: 41518 | C9: 2.9179015 | D9: 6.0325515 | E9: =VLOOKUP(B9,'CQ 4.0 13'!B:D,2,0) -> 2.047713 | F9: =VLOOKUP(B9,'CQ 4.0 13'!B:D,3,0) -> 1.4490924
A10: [9,] | B10: 41548 | C10: 2.7857774 | D10: 4.6443022 | E10: =VLOOKUP(B10,'CQ 4.0 13'!B:D,2,0) -> 1.6597412 | F10: =VLOOKUP(B10,'CQ 4.0 13'!B:D,3,0) -> 1.3862924
A11: [10,] | B11: 41579 | C11: 3.4591236 | D11: 4.6077476 | E11: =VLOOKUP(B11,'CQ 4.0 13'!B:D,2,0) -> 1.6943025 | F11: =VLOOKUP(B11,'CQ 4.0 13'!B:D,3,0) -> 1.4978004
A12: [11,] | B12: 41609 | C12: 1.6246114 | D12: 6.0944795 | E12: =VLOOKUP(B12,'CQ 4.0 13'!B:D,2,0) -> 2.0164126 | F12: =VLOOKUP(B12,'CQ 4.0 13'!B:D,3,0) -> 1.8584122
A13: [12,] | B13: 41640 | C13: 2.4569771 | D13: 6.132422 | E13: =VLOOKUP(B13,'CQ 4.0 13'!B:D,2,0) -> 2.823138 | F13: =VLOOKUP(B13,'CQ 4.0 13'!B:D,3,0) -> 2.0320933
... A37: [36,] | B37: 42370 | C37: 7.8536312 | D37: 30.6724 | E37: =VLOOKUP(B37,'CQ 4.0 13'!B:D,2,0) -> 8.0462498 | F37: =VLOOKUP(B37,'CQ 4.0 13'!B:D,3,0) -> 20.403948

Sheet Conv 4.0 12
B1: x_vals | C1: Conv Act | D1: Conv Model | E1: CQ Act | F1: CQ model
A2: [1,] | B2: 40940 | C2: 0.24948108 | D2: 3.0107374 | E2: =VLOOKUP(B2,'CQ 4.0 12'!B:D,2,0) -> 0.1254046 | F2: =VLOOKUP(B2,'CQ 4.0 12'!B:D,3,0) -> 0.45851787
A3: [2,] | B3: 40969 | C3: 0.43304933 | D3: 4.0996949 | E3: =VLOOKUP(B3,'CQ 4.0 12'!B:D,2,0) -> 0.31423327 | F3: =VLOOKUP(B3,'CQ 4.0 12'!B:D,3,0) -> 0.58578602
A4: [3,] | B4: 41000 | C4: 2.1512572 | D4: 8.0439056 | E4: =VLOOKUP(B4,'CQ 4.0 12'!B:D,2,0) -> 1.1951987 | F4: =VLOOKUP(B4,'CQ 4.0 12'!B:D,3,0) -> 0.72015187
A5: [4,] | B5: 41030 | C5: 0.22851437 | D5: 8.8913317 | E5: =VLOOKUP(B5,'CQ 4.0 12'!B:D,2,0) -> 0.39291227 | F5: =VLOOKUP(B5,'CQ 4.0 12'!B:D,3,0) -> 0.79985392
A6: [5,] | B6: 41061 | C6: 1.7548635 | D6: 11.274251 | E6: =VLOOKUP(B6,'CQ 4.0 12'!B:D,2,0) -> 0.53899237 | F6: =VLOOKUP(B6,'CQ 4.0 12'!B:D,3,0) -> 1.1064983
A7: [6,] | B7: 41091 | C7: 2.0532481 | D7: 16.981203 | E7: =VLOOKUP(B7,'CQ 4.0 12'!B:D,2,0) -> 1.4569256 | F7: =VLOOKUP(B7,'CQ 4.0 12'!B:D,3,0) -> 1.3969862
A8: [7,] | B8: 41122 | C8: 4.4879625 | D8: 18.755925 | E8: =VLOOKUP(B8,'CQ 4.0 12'!B:D,2,0) -> 1.7580833 | F8: =VLOOKUP(B8,'CQ 4.0 12'!B:D,3,0) -> 1.5412048
A9: [8,] | B9: 41153 | C9: 6.5378072 | D9: 21.678474 | E9: =VLOOKUP(B9,'CQ 4.0 12'!B:D,2,0) -> 1.2960485 | F9: =VLOOKUP(B9,'CQ 4.0 12'!B:D,3,0) -> 1.793394
A10: [9,] | B10: 41183 | C10: 3.8585795 | D10: 20.35954 | E10: =VLOOKUP(B10,'CQ 4.0 12'!B:D,2,0) -> 2.0017146 | F10: =VLOOKUP(B10,'CQ 4.0 12'!B:D,3,0) -> 1.848286
A11: [10,] | B11: 41214 | C11: 5.525053 | D11: 23.586375 | E11: =VLOOKUP(B11,'CQ 4.0 12'!B:D,2,0) -> 2.1382844 | F11: =VLOOKUP(B11,'CQ 4.0 12'!B:D,3,0) -> 2.1237492
A12: [11,] | B12: 41244 | C12: 5.4644232 | D12: 27.555347 | E12: =VLOOKUP(B12,'CQ 4.0 12'!B:D,2,0) -> 2.2255093 | F12: =VLOOKUP(B12,'CQ 4.0 12'!B:D,3,0) -> 2.3947146
A13: [12,] | B13: 41275 | C13: 5.4604344 | D13: 28.509667 | E13: =VLOOKUP(B13,'CQ 4.0 12'!B:D,2,0) -> 2.438655 | F13: =VLOOKUP(B13,'CQ 4.0 12'!B:D,3,0) -> 2.6454467
... A49: [48,] | B49: 42370 | C49: 12.202863 | D49: 33.204086 | E49: =VLOOKUP(B49,'CQ 4.0 12'!B:D,2,0) -> 11.641582 | F49: =VLOOKUP(B49,'CQ 4.0 12'!B:D,3,0) -> 31.761359

Sheet Conv 4.5 11
B1: x_vals | C1: Conv Act | D1: Conv Model | E1: CQ Act | F1: CQ model
A2: [1,] | B2: 40575 | C2: 0.036454045 | D2: 0.48865769 | E2: =VLOOKUP(B2,'CQ 4.5 11'!B:D,2,0) -> 0.00038418092 | F2: =VLOOKUP(B2,'CQ 4.5 11'!B:D,3,0) -> 0.3345709
A3: [2,] | B3: 40603 | C3: 0.15615747 | D3: 0.64391987 | E3: =VLOOKUP(B3,'CQ 4.5 11'!B:D,2,0) -> 0.66103424 | F3: =VLOOKUP(B3,'CQ 4.5 11'!B:D,3,0) -> 0.30494514
A4: [3,] | B4: 40634 | C4: 0.5528383 | D4: 1.1461459 | E4: =VLOOKUP(B4,'CQ 4.5 11'!B:D,2,0) -> 0.47993977 | F4: =VLOOKUP(B4,'CQ 4.5 11'!B:D,3,0) -> 0.42100331
A5: [4,] | B5: 40664 | C5: 0.64529819 | D5: 1.8814231 | E5: =VLOOKUP(B5,'CQ 4.5 11'!B:D,2,0) -> 0.55697094 | F5: =VLOOKUP(B5,'CQ 4.5 11'!B:D,3,0) -> 0.63901271
A6: [5,] | B6: 40695 | C6: 0.92323924 | D6: 2.608063 | E6: =VLOOKUP(B6,'CQ 4.5 11'!B:D,2,0) -> 0.83668066 | F6: =VLOOKUP(B6,'CQ 4.5 11'!B:D,3,0) -> 0.85639801
A7: [6,] | B7: 40725 | C7: 2.1540406 | D7: 3.9898342 | E7: =VLOOKUP(B7,'CQ 4.5 11'!B:D,2,0) -> 1.8720616 | F7: =VLOOKUP(B7,'CQ 4.5 11'!B:D,3,0) -> 1.1290838
A8: [7,] | B8: 40756 | C8: 3.2575319 | D8: 5.1299009 | E8: =VLOOKUP(B8,'CQ 4.5 11'!B:D,2,0) -> 2.3766644 | F8: =VLOOKUP(B8,'CQ 4.5 11'!B:D,3,0) -> 1.3472104
A9: [8,] | B9: 40787 | C9: 2.7275549 | D9: 6.1115449 | E9: =VLOOKUP(B9,'CQ 4.5 11'!B:D,2,0) -> 2.5561561 | F9: =VLOOKUP(B9,'CQ 4.5 11'!B:D,3,0) -> 1.4916851
A10: [9,] | B10: 40817 | C10: 4.9550317 | D10: 8.6006735 | E10: =VLOOKUP(B10,'CQ 4.5 11'!B:D,2,0) -> 1.4087074 | F10: =VLOOKUP(B10,'CQ 4.5 11'!B:D,3,0) -> 1.6991328
A11: [10,] | B11: 40848 | C11: 4.5579838 | D11: 11.41558 | E11: =VLOOKUP(B11,'CQ 4.5 11'!B:D,2,0) -> 1.5760664 | F11: =VLOOKUP(B11,'CQ 4.5 11'!B:D,3,0) -> 1.6590757
A12: [11,] | B12: 40878 | C12: 5.7487069 | D12: 10.568779 | E12: =VLOOKUP(B12,'CQ 4.5 11'!B:D,2,0) -> 1.9168118 | F12: =VLOOKUP(B12,'CQ 4.5 11'!B:D,3,0) -> 1.6640121
A13: [12,] | B13: 40909 | C13: 5.7765968 | D13: 13.160592 | E13: =VLOOKUP(B13,'CQ 4.5 11'!B:D,2,0) -> 2.0990023 | F13: =VLOOKUP(B13,'CQ 4.5 11'!B:D,3,0) -> 1.7457808
... A61: [60,] | B61: 42370 | C61: 18.202826 | D61: 32.633747 | E61: =VLOOKUP(B61,'CQ 4.5 11'!B:D,2,0) -> 18.541873 | F61: =VLOOKUP(B61,'CQ 4.5 11'!B:D,3,0) -> 34.962167

Sheet Conv

Sheet CLTV Conv
A1: CLTV | B1: Scham Balance(mm) | C1: Loan Count | D1: Model [101] CPR | E1: Model CPR Curtail | F1: Model CPR Default | G1: Model Turnover | H1: Model Refinance | I1: Model Scham Balance(mm) | L1: Actural | M1: Model | AF1: Actural | AG1: Model
A2: 29-30 | B2: 119 | C2: 767 | D2: 14 | E2: 0.8 | F2: 0.1 | G2: 9.6 | H2: 4 | I2: 87 | J2: 29 | K2: 30 | L2: 10.5 | M2: 14 | AE2: 4 | AF2: 76.3 | AG2: 20.5
A3: 30-31 | B3: 128 | C3: 763 | D3: 14.7 | E3: 0.8 | F3: 0.1 | G3: 9.4 | H3: 4.9 | I3: 101 | J3: 30 | K3: 31 | L3: 15.5 | M3: 14.7 | AE3: 5 | AF3: 72.3 | AG3: 20.9
A4: 31-32 | B4: 198 | C4: 1137 | D4: 14.2 | E4: 0.8 | F4: 0.1 | G4: 9.4 | H4: 4.4 | I4: 158 | J4: 31 | K4: 32 | L4: 13.8 | M4: 14.2 | AE4: 6 | AF4: 64.2 | AG4: 20.8
A5: 32-33 | B5: 247 | C5: 1624 | D5: 14.6 | E5: 0.8 | F5: 0.1 | G5: 9 | H5: 5.2 | I5: 189 | J5: 32 | K5: 33 | L5: 11.1 | M5: 14.6 | AE5: 7 | AF5: 54.1 | AG5: 20.7
A6: 33-34 | B6: 424 | C6: 2452 | D6: 15.4 | E6: 0.8 | F6: 0.1 | G6: 9.4 | H6: 5.7 | I6: 306 | J6: 33 | K6: 34 | L6: 13.1 | M6: 15.4 | AE6: 8 | AF6: 51.1 | AG6: 20.7
A7: 34-35 | B7: 525 | C7: 3496 | D7: 16.2 | E7: 0.8 | F7: 0.2 | G7: 9.8 | H7: 6.2 | I7: 413 | J7: 34 | K7: 35 | L7: 10.1 | M7: 16.2 | AE7: 9 | AF7: 44 | AG7: 20.6
A8: 35-36 | B8: 745 | C8: 5033 | D8: 16.4 | E8: 0.8 | F8: 0.2 | G8: 9.8 | H8: 6.3 | I8: 543 | J8: 35 | K8: 36 | L8: 14.5 | M8: 16.4 | AE8: 10 | AF8: 40.5 | AG8: 20.5
A9: 36-37 | B9: 1136 | C9: 7423 | D9: 16.4 | E9: 0.8 | F9: 0.2 | G9: 9.6 | H9: 6.5 | I9: 846 | J9: 36 | K9: 37 | L9: 12.8 | M9: 16.4 | AE9: 11 | AF9: 37.8 | AG9: 20.4
A10: 37-38 | B10: 2012 | C10: 15838 | D10: 17 | E10: 0.8 | F10: 0.2 | G10: 9.8 | H10: 7 | I10: 1337 | J10: 37 | K10: 38 | L10: 11.4 | M10: 17 | AE10: 12 | AF10: 33.6 | AG10: 20.7
A11: 38-39 | B11: 3010 | C11: 26941 | D11: 17.4 | E11: 0.8 | F11: 0.2 | G11: 9.8 | H11: 7.4 | I11: 2220 | J11: 38 | K11: 39 | L11: 12.1 | M11: 17.4 | AE11: 13 | AF11: 31.4 | AG11: 20.7
A12: 39-40 | B12: 4010 | C12: 31756 | D12: 17 | E12: 0.8 | F12: 0.2 | G12: 9.8 | H12: 7.1 | I12: 3133 | J12: 39 | K12: 40 | L12: 11.2 | M12: 17 | AE12: 14 | AF12: 29.9 | AG12: 20.7
A13: 40-41 | B13: 6490 | C13: 52674 | D13: 17 | E13: 0.8 | F13: 0.2 | G13: 9.6 | H13: 7.1 | I13: 4819 | J13: 40 | K13: 41 | L13: 11.7 | M13: 17 | AE13: 15 | AF13: 26.5 | AG13: 20.5
... A78: 105-106 | B78: 809 | C78: 3186 | D78: 3.3 | E78: 0.2 | F78: 0.3 | G78: 0.7 | H78: 2.1 | I78: 759 | J78: 105 | K78: 106 | L78: 1.8 | M78: 3.3 | AE78: 80 | AF78: 20 | AG78: 18.9
AE79: 81 | AF79: 20.6 | AG79: 19.1
AE80: 82 | AF80: 21.2 | AG80: 19.5
AE81: 83 | AF81: 22.1 | AG81: 20.3
AE82: 84 | AF82: 22.2 | AG82: 20.9
AE83: 85 | AF83: 22.7 | AG83: 21.5
AE84: 86 | AF84: 23.1 | AG84: 22
AE85: 87 | AF85: 23.6 | AG85: 22.7
AE86: 88 | AF86: 23.6 | AG86: 23
AE87: 89 | AF87: 24.3 | AG87: 23.7
AE88: 90 | AF88: 24.8 | AG88: 24.4
AE89: 91 | AF89: 25 | AG89: 24.7
AE90: 92 | AF90: 25.1 | AG90: 25.4
... AE168: 170 | AF168: 25.6 | AG168: 29

Sheet Sheet25
A1: CLTV | B1: Scham Balance(mm) | C1: Loan Count | D1: Model [101] CPR | E1: Model CPR Curtail | F1: Model CPR Default | G1: Model Turnover | H1: Model Refinance | I1: Model Scham Balance(mm) | J1: CLTV | L1: Actural | M1: Model
A2: 42433 | B2: 150 | C2: -3593 | D2: 20.5 | E2: 1.4 | F2: 0.2 | G2: 10.1 | H2: 10 | I2: 143 | J2: 3 | K2: 4 | L2: 76.3 | M2: 20.5
A3: 42465 | B3: 220 | C3: 116 | D3: 20.9 | E3: 1.4 | F3: 0.2 | G3: 10.1 | H3: 10.4 | I3: 210 | J3: 4 | K3: 5 | L3: 72.3 | M3: 20.9
A4: 42496 | B4: 308 | C4: 5451 | D4: 20.8 | E4: 1.4 | F4: 0.2 | G4: 10.1 | H4: 10.4 | I4: 292 | J4: 5 | K4: 6 | L4: 64.2 | M4: 20.8
A5: 42528 | B5: 453 | C5: 7159 | D5: 20.7 | E5: 1.4 | F5: 0.2 | G5: 10.1 | H5: 10.2 | I5: 427 | J5: 6 | K5: 7 | L5: 54.1 | M5: 20.7
A6: 42559 | B6: 631 | C6: 2934 | D6: 20.7 | E6: 1.4 | F6: 0.2 | G6: 10.1 | H6: 10.3 | I6: 599 | J6: 7 | K6: 8 | L6: 51.1 | M6: 20.7
A7: 42591 | B7: 830 | C7: 13787 | D7: 20.6 | E7: 1.4 | F7: 0.2 | G7: 10.1 | H7: 10.1 | I7: 787 | J7: 8 | K7: 9 | L7: 44 | M7: 20.6
A8: 42623 | B8: 1123 | C8: 21268 | D8: 20.5 | E8: 1.4 | F8: 0.2 | G8: 10.1 | H8: 10 | I8: 1069 | J8: 9 | K8: 10 | L8: 40.5 | M8: 20.5
A9: 42654 | B9: 1583 | C9: 25199 | D9: 20.4 | E9: 1.3 | F9: 0.2 | G9: 10.1 | H9: 10 | I9: 1512 | J9: 10 | K9: 11 | L9: 37.8 | M9: 20.4
A10: 42686 | B10: 2047 | C10: 27416 | D10: 20.7 | E10: 1.3 | F10: 0.2 | G10: 10.1 | H10: 10.3 | I10: 1944 | J10: 11 | K10: 12 | L10: 33.6 | M10: 20.7
A11: 42717 | B11: 2669 | C11: 42626 | D11: 20.7 | E11: 1.3 | F11: 0.2 | G11: 10.1 | H11: 10.3 | I11: 2484 | J11: 12 | K11: 13 | L11: 31.4 | M11: 20.7
A12: 13-14 | B12: 3474 | C12: 63521 | D12: 20.7 | E12: 1.3 | F12: 0.2 | G12: 10.1 | H12: 10.3 | I12: 3260 | J12: 13 | K12: 14 | L12: 29.9 | M12: 20.7
A13: 14-15 | B13: 4713 | C13: 73788 | D13: 20.5 | E13: 1.3 | F13: 0.3 | G13: 10.1 | H13: 10 | I13: 4437 | J13: 14 | K13: 15 | L13: 26.5 | M13: 20.5
A14: 15-16 | B14: 5910 | C14: 91482 | D14: 20.4 | E14: 1.3 | F14: 0.3 | G14: 10.1 | H14: 9.9 | I14: 5676 | J14: 15 | K14: 16 | L14: 25.7 | M14: 20.4
A15: 16-17 | B15: 7871 | C15: 122169 | D15: 20.5 | E15: 1.2 | F15: 0.3 | G15: 10.1 | H15: 10 | I15: 7530 | J15: 16 | K15: 17 | L15: 23.9 | M15: 20.5
A16: 17-18 | B16: 9917 | C16: 152316 | D16: 20.6 | E16: 1.2 | F16: 0.3 | G16: 10.1 | H16: 10.1 | I16: 9554 | J16: 17 | K16: 18 | L16: 22.5 | M16: 20.6
A17: 18-19 | B17: 12346 | C17: 194097 | D17: 20.7 | E17: 1.2 | F17: 0.3 | G17: 10.1 | H17: 10.3 | I17: 11912 | J17: 18 | K17: 19 | L17: 22.4 | M17: 20.7
A18: 19-20 | B18: 15982 | C18: 230900 | D18: 20.8 | E18: 1.2 | F18: 0.4 | G18: 10.1 | H18: 10.4 | I18: 15518 | J18: 19 | K18: 20 | L18: 21.8 | M18: 20.8
A19: 20-21 | B19: 19668 | C19: 275507 | D19: 21.2 | E19: 1.1 | F19: 0.4 | G19: 10.1 | H19: 10.8 | I19: 19021 | J19: 20 | K19: 21 | L19: 20.7 | M19: 21.2
A20: 21-22 | B20: 24706 | C20: 348713 | D20: 21.1 | E20: 1.1 | F20: 0.4 | G20: 10.1 | H20: 10.7 | I20: 24013 | J20: 21 | K20: 22 | L20: 20.1 | M20: 21.1
A21: 22-23 | B21: 32497 | C21: 450785 | D21: 21.1 | E21: 1.1 | F21: 0.4 | G21: 10.1 | H21: 10.8 | I21: 31714 | J21: 22 | K21: 23 | L21: 19.7 | M21: 21.1
A22: 23-24 | B22: 38158 | C22: 559531 | D22: 21.7 | E22: 1.1 | F22: 0.5 | G22: 10.1 | H22: 11.4 | I22: 37068 | J22: 23 | K22: 24 | L22: 19.6 | M22: 21.7
A23: 24-25 | B23: 45553 | C23: 629716 | D23: 22 | E23: 1.1 | F23: 0.5 | G23: 10.1 | H23: 11.7 | I23: 44346 | J23: 24 | K23: 25 | L23: 20.1 | M23: 22
... A168: 169-170 | B168: 107 | C168: 624 | D168: 29 | E168: 0.4 | F168: 28.4 | G168: 0 | H168: 0.4 | I168: 107 | J168: 169 | K168: 170 | L168: 25.6 | M168: 29
