Workbook

Sheet Sheet2
C1: act | D1: mdl.new | E1: mdl.old | I1: y_vals.act | J1: y_vals.mdl
A2: [1,] | B2: 36557 | C2: =VLOOKUP(B2,Sheet1!M:N,2) -> 0.21005513 | D2: 0.12504038 | E2: 0.0799851 | G2: [1,] | H2: 10988 | I2: 0 | J2: 0.0799851
A3: [2,] | B3: 36586 | C3: =VLOOKUP(B3,Sheet1!M:N,2) -> 0.2208505 | D3: 0.1204223 | E3: 0.10499699 | G3: [2,] | H3: 11017 | I3: 0 | J3: 0.10499699
A4: [3,] | B4: 36617 | C4: =VLOOKUP(B4,Sheet1!M:N,2) -> 0.21403561 | D4: 0.12244371 | E4: 0.06928812 | G4: [3,] | H4: 11048 | I4: 0 | J4: 0.06928812
A5: [4,] | B5: 36647 | C5: =VLOOKUP(B5,Sheet1!M:N,2) -> 0.19625704 | D5: 0.13343426 | E5: 0.08156632 | G5: [4,] | H5: 11078 | I5: 0 | J5: 0.08156632
A6: [5,] | B6: 36678 | C6: =VLOOKUP(B6,Sheet1!M:N,2) -> 0.19105319 | D6: 0.11975919 | E6: 0.07186151 | G6: [5,] | H6: 11109 | I6: 0 | J6: 0.07186151
A7: [6,] | B7: 36708 | C7: =VLOOKUP(B7,Sheet1!M:N,2) -> 0.22355436 | D7: 0.12668259 | E7: 0.0813442 | G7: [6,] | H7: 11139 | I7: 0 | J7: 0.0813442
A8: [7,] | B8: 36739 | C8: =VLOOKUP(B8,Sheet1!M:N,2) -> 0.24047321 | D8: 0.14561129 | E8: 0.08515417 | G8: [7,] | H8: 11170 | I8: 0 | J8: 0.08515417
A9: [8,] | B9: 36770 | C9: =VLOOKUP(B9,Sheet1!M:N,2) -> 0.25638414 | D9: 0.16189026 | E9: 0.07571702 | G9: [8,] | H9: 11201 | I9: 0 | J9: 0.07571702
A10: [9,] | B10: 36800 | C10: =VLOOKUP(B10,Sheet1!M:N,2) -> 0.33558847 | D10: 0.17279835 | E10: 0.09066927 | G10: [9,] | H10: 11231 | I10: 0 | J10: 0.09066927
A11: [10,] | B11: 36831 | C11: =VLOOKUP(B11,Sheet1!M:N,2) -> 0.3316578 | D11: 0.19036532 | E11: 0.14041723 | G11: [10,] | H11: 11262 | I11: 0 | J11: 0.14041723
A12: [11,] | B12: 36861 | C12: =VLOOKUP(B12,Sheet1!M:N,2) -> 0.35637697 | D12: 0.20261441 | E12: 0.15033656 | G12: [11,] | H12: 11292 | I12: 0 | J12: 0.15033656
A13: [12,] | B13: 36892 | C13: =VLOOKUP(B13,Sheet1!M:N,2) -> 0.41243916 | D13: 0.27916855 | E13: 0.18334939 | G13: [12,] | H13: 11323 | I13: 0 | J13: 0.18334939
... A132: [131,] | B132: 40513 | C132: =VLOOKUP(B132,Sheet1!M:N,2) -> 2.3242182 | D132: 2.3794122 | E132: 2.5527681 | G132: [131,] | H132: 14944 | I132: 0 | J132: 2.5527681
A133: [132,] | B133: 40544 | C133: 3.2015925 | D133: 1.7500858 | E133: 3.4851008 | G133: [132,] | H133: 14975 | I133: 3.2015925 | J133: 3.4851008
A134: [133,] | B134: 40575 | C134: 3.231024 | D134: 1.6395249 | E134: 3.2973921 | G134: [133,] | H134: 15006 | I134: 3.231024 | J134: 3.2973921
A135: [134,] | B135: 40603 | C135: 3.4880114 | D135: 1.389496 | E135: 3.1566272 | G135: [134,] | H135: 15034 | I135: 3.4880114 | J135: 3.1566272
A136: [135,] | B136: 40634 | C136: 2.7800544 | D136: 1.5203352 | E136: 3.1455476 | G136: [135,] | H136: 15065 | I136: 2.7800544 | J136: 3.1455476
A137: [136,] | B137: 40664 | C137: 2.4380029 | D137: 1.4422213 | E137: 2.4870545 | G137: [136,] | H137: 15095 | I137: 2.4380029 | J137: 2.4870545
A138: [137,] | B138: 40695 | C138: 2.2669294 | D138: 1.6680694 | E138: 2.5293743 | G138: [137,] | H138: 15126 | I138: 2.2669294 | J138: 2.5293743
A139: [138,] | B139: 40725 | C139: 2.1689246 | D139: 1.7994538 | E139: 2.4484983 | G139: [138,] | H139: 15156 | I139: 2.1689246 | J139: 2.4484983
A140: [139,] | B140: 40756 | C140: 2.0515738 | D140: 1.7043717 | E140: 2.418659 | G140: [139,] | H140: 15187 | I140: 2.0515738 | J140: 2.418659
A141: [140,] | B141: 40787 | C141: 2.0674886 | D141: 2.0099515 | E141: 2.5376146 | G141: [140,] | H141: 15218 | I141: 2.0674886 | J141: 2.5376146
A142: [141,] | B142: 40817 | C142: 2.07203 | D142: 2.2008765 | E142: 2.4053277 | G142: [141,] | H142: 15248 | I142: 2.07203 | J142: 2.4053277
A143: [142,] | B143: 40848 | C143: 2.4336818 | D143: 2.1808115 | E143: 2.4470195 | G143: [142,] | H143: 15279 | I143: 2.4336818 | J143: 2.4470195
A144: [143,] | B144: 40878 | C144: 2.5468797 | D144: 2.2531294 | E144: 2.4922981 | G144: [143,] | H144: 15309 | I144: 2.5468797 | J144: 2.4922981
... A198: [197,] | B198: 42522 | C198: 0.31014079 | D198: 0.50404001 | E198: 0.53701146 | G198: [197,] | H198: 16953 | I198: 0.3101408 | J198: 0.53701146
A199: [198,] | B199: 42552 | C199: 0.33132298 | D199: 0.49031025

Sheet Sheet1
C1: act | D1: mdl.new | E1: mdl.old | H1: x_vals | I1: y_vals.act | J1: y_vals.mdl | M1: Column1 | N1: Actual2 | O1: v3 | P1: v1
A2: [1,] | B2: 40544 | C2: 3.2015925 | D2: 1.7500858 | E2: 3.4851008 | G2: [1,] | H2: 40544 | I2: 3.2015925 | J2: 3.4851008 | M2: 36251 | N2: 0.014883822 | O2: 0.002902508 | P2: 0.42603227
A3: [2,] | B3: 40575 | C3: 3.231024 | D3: 1.6395249 | E3: 3.2973921 | G3: [2,] | H3: 40575 | I3: 3.231024 | J3: 3.2973921 | M3: 36281 | N3: 0.016324422 | O3: 0.003896306 | P3: 0.41846273
A4: [3,] | B4: 40603 | C4: 3.4880114 | D4: 1.389496 | E4: 3.1566272 | G4: [3,] | H4: 40603 | I4: 3.4880114 | J4: 3.1566272 | M4: 36312 | N4: 0.025276824 | O4: 0.005099999 | P4: 0.41395947
A5: [4,] | B5: 40634 | C5: 2.7800544 | D5: 1.5203352 | E5: 3.1455476 | G5: [4,] | H5: 40634 | I5: 2.7800544 | J5: 3.1455476 | M5: 36342 | N5: 0.029062142 | O5: 0.005914978 | P5: 0.41225808
A6: [5,] | B6: 40664 | C6: 2.4380029 | D6: 1.4422213 | E6: 2.4870544 | G6: [5,] | H6: 40664 | I6: 2.4380029 | J6: 2.4870544 | M6: 36373 | N6: 0.060712974 | O6: 0.011474892 | P6: 0.41238628
A7: [6,] | B7: 40695 | C7: 2.2669294 | D7: 1.6680694 | E7: 2.5293744 | G7: [6,] | H7: 40695 | I7: 2.2669294 | J7: 2.5293744 | M7: 36404 | N7: 0.06583242 | O7: 0.019012124 | P7: 0.41493057
A8: [7,] | B8: 40725 | C8: 2.1689246 | D8: 1.7994538 | E8: 2.4484983 | G8: [7,] | H8: 40725 | I8: 2.1689246 | J8: 2.4484983 | M8: 36434 | N8: 0.082015385 | O8: 0.037969088 | P8: 0.41938624
A9: [8,] | B9: 40756 | C9: 2.0515738 | D9: 1.7043717 | E9: 2.418659 | G9: [8,] | H9: 40756 | I9: 2.0515738 | J9: 2.418659 | M9: 36465 | N9: 0.082767818 | O9: 0.066280295 | P9: 0.4262688
A10: [9,] | B10: 40787 | C10: 2.0674886 | D10: 2.0099515 | E10: 2.5376146 | G10: [9,] | H10: 40787 | I10: 2.0674886 | J10: 2.5376146 | M10: 36495 | N10: 0.13170375 | O10: 0.10742569 | P10: 0.4341158
A11: [10,] | B11: 40817 | C11: 2.07203 | D11: 2.2008765 | E11: 2.4053277 | G11: [10,] | H11: 40817 | I11: 2.07203 | J11: 2.4053277 | M11: 36526 | N11: 0.14161341 | O11: 0.13743869 | P11: 0.44070557
A12: [11,] | B12: 40848 | C12: 2.4336818 | D12: 2.1808115 | E12: 2.4470195 | G12: [11,] | H12: 40848 | I12: 2.4336818 | J12: 2.4470195 | M12: 36557 | N12: 0.21005513 | O12: 0.17423998 | P12: 0.44388874
A13: [12,] | B13: 40878 | C13: 2.5468797 | D13: 2.2531294 | E13: 2.4922981 | G13: [12,] | H13: 40878 | I13: 2.5468797 | J13: 2.4922981 | M13: 36586 | N13: 0.2208505 | O13: 0.23288934 | P13: 0.45139982
... A67: [66,] | B67: 42522 | C67: 0.31014079 | D67: 0.50404001 | E67: 0.5370115 | G67: [66,] | H67: 42522 | I67: 0.3101408 | J67: 0.5370115 | M67: 38231 | N67: 0.49651219 | O67: 0.7911537 | P67: 0.4439064
A68: [67,] | B68: 42552 | C68: 0.33132298 | D68: 0.49031025 | H68: 42552 | M68: 38261 | N68: 0.48998999 | O68: 0.86146603 | P68: 0.44982584
M69: 38292 | N69: 0.54084924 | O69: 0.90224082 | P69: 0.45507218
M70: 38322 | N70: 0.54508985 | O70: 0.85901087 | P70: 0.4605568
M71: 38353 | N71: 0.51384023 | O71: 0.84820861 | P71: 0.46047213
M72: 38384 | N72: 0.51590323 | O72: 0.78252343 | P72: 0.4627619
M73: 38412 | N73: 0.50932448 | O73: 0.86724549 | P73: 0.4692151
M74: 38443 | N74: 0.41077033 | O74: 0.66717922 | P74: 0.4669343
M75: 38473 | N75: 0.36662923 | O75: 0.68682773 | P75: 0.46085839
M76: 38504 | N76: 0.37893969 | O76: 0.67298501 | P76: 0.45692615
M77: 38534 | N77: 0.34598045 | O77: 0.70075113 | P77: 0.45502501
M78: 38565 | N78: 0.38060647 | O78: 0.7484147 | P78: 0.45452847
M79: 38596 | N79: 0.38388299 | O79: 0.66817778 | P79: 0.44899387
M80: 38626 | N80: 0.39292331 | O80: 0.72775565 | P80: 0.44528593
... M204: 42401 | N204: 0.48709674 | O204: 0.56516064 | P204: 0.56720945

Sheet Sheet3
