Workbook

Sheet Fitting
Q72: 0.05372719 | R72: =100*(1-(1-Q72)^12) -> 48.453838
F73: 4.6988e-05 | G73: =100*(1-(1-F73)^12) -> 0.05637103

Sheet Tracking
C1: actual | D1: model 1.0 | E1: model 2.0
A2: [1,] | B2: 38657 | C2: 3.4289129 | D2: =VLOOKUP(B2,Sheet4!A:B,2,0) -> 3.1 | E2: 2.3282369 | F2: =(D2-C2)^2 -> 0.10818373 | G2: =(E2-C2)^2 -> 1.2114878 | H2: =(SUM(F2:F130)/COUNT(F2:F130))^0.5 -> 1.7229974 | I2: =(SUM(G2:G130)/COUNT(G2:G130))^0.5 -> 1.1346718 | J2: =(H2-I2)/H2 -> 0.34145473
A3: [2,] | B3: 38687 | C3: 3.9127734 | D3: =VLOOKUP(B3,Sheet4!A:B,2,0) -> 2.7 | E3: 2.4129653 | F3: =(D3-C3)^2 -> 1.4708193 | G3: =(E3-C3)^2 -> 2.2494244
A4: [3,] | B4: 38718 | C4: 3.646079 | D4: =VLOOKUP(B4,Sheet4!A:B,2,0) -> 2.3 | E4: 2.3685053 | F4: =(D4-C4)^2 -> 1.8119286 | G4: =(E4-C4)^2 -> 1.6321944
A5: [4,] | B5: 38749 | C5: 2.7818363 | D5: =VLOOKUP(B5,Sheet4!A:B,2,0) -> 2.3 | E5: 2.2653257 | F5: =(D5-C5)^2 -> 0.23216624 | G5: =(E5-C5)^2 -> 0.26678324
A6: [5,] | B6: 38777 | C6: 2.4572993 | D6: =VLOOKUP(B6,Sheet4!A:B,2,0) -> 2.6 | E6: 2.0719147 | F6: =(D6-C6)^2 -> 0.020363498 | G6: =(E6-C6)^2 -> 0.1485213
A7: [6,] | B7: 38808 | C7: 1.934381 | D7: =VLOOKUP(B7,Sheet4!A:B,2,0) -> 2.4 | E7: 1.7299469 | F7: =(D7-C7)^2 -> 0.21680107 | G7: =(E7-C7)^2 -> 0.041793298
A8: [7,] | B8: 38838 | C8: 1.6921434 | D8: =VLOOKUP(B8,Sheet4!A:B,2,0) -> 2.3 | E8: 2.0329076 | F8: =(D8-C8)^2 -> 0.36948962 | G8: =(E8-C8)^2 -> 0.11612024
A9: [8,] | B9: 38869 | C9: 1.4238484 | D9: =VLOOKUP(B9,Sheet4!A:B,2,0) -> 2.1 | E9: 2.1117071 | F9: =(D9-C9)^2 -> 0.45718096 | G9: =(E9-C9)^2 -> 0.47314962
A10: [9,] | B10: 38899 | C10: 1.6312896 | D10: =VLOOKUP(B10,Sheet4!A:B,2,0) -> 2 | E10: 2.0841622 | F10: =(D10-C10)^2 -> 0.13594732 | G10: =(E10-C10)^2 -> 0.20509358
A11: [10,] | B11: 38930 | C11: 2.2058163 | D11: =VLOOKUP(B11,Sheet4!A:B,2,0) -> 1.9 | E11: 2.2985178 | F11: =(D11-C11)^2 -> 0.093523606 | G11: =(E11-C11)^2 -> 0.0085935624
A12: [11,] | B12: 38961 | C12: 2.1623327 | D12: =VLOOKUP(B12,Sheet4!A:B,2,0) -> 1.8 | E12: 2.3346695 | F12: =(D12-C12)^2 -> 0.13128501 | G12: =(E12-C12)^2 -> 0.029699975
A13: [12,] | B13: 38991 | C13: 2.1165266 | D13: =VLOOKUP(B13,Sheet4!A:B,2,0) -> 2.2 | E13: 2.4638027 | F13: =(D13-C13)^2 -> 0.0069678084 | G13: =(E13-C13)^2 -> 0.12060071
A14: [13,] | B14: 39022 | C14: 3.2817169 | D14: =VLOOKUP(B14,Sheet4!A:B,2,0) -> 2.4 | E14: 2.5193273 | F14: =(D14-C14)^2 -> 0.77742464 | G14: =(E14-C14)^2 -> 0.58123782
... A130: [129,] | B130: 42552 | C130: 2.015503 | D130: =VLOOKUP(B130,Sheet4!A:B,2,0) -> 4.1 | E130: 2.236297 | F130: =(D130-C130)^2 -> 4.3451278 | G130: =(E130-C130)^2 -> 0.048750004

Sheet Sheet4
A1: Factor | B1: Count | C1: CPR
A2: 34335
A3: 34366 | B3: 0.1
A4: 34394 | B4: 3
A5: 34425 | B5: 2.8
A6: 34455 | B6: 2.2
A7: 34486 | B7: 1.6
A8: 34516 | B8: 1.4
A9: 34547 | B9: 1.5
A10: 34578 | B10: 1.4
A11: 34608 | B11: 1.4
A12: 34639 | B12: 1.4
A13: 34669 | B13: 1.3
A14: 34700 | B14: 1.2
... A272: 42552 | B272: 4.1
A273: 42583

Sheet Sheet5
B1: Min | C1: Max
A2: baselineConstant | B2: 48.45 | C2: 48.45
A3: Incentive | B3: 0.73 | C3: 1.11
A4: wala | B4: 0 | C4: 0.98
A5: cltv | B5: 0.15 | C5: 1.25
A6: fico | B6: 0.44 | C6: 0.98
A7: pct_fha | B7: 0.64 | C7: 1.05
A8: Credit availability | B8: 0.59 | C8: 1.17
B9: =PRODUCT(B2:B8) -> 0 | C9: =PRODUCT(C2:C8) -> 79.314773
