Workbook

Sheet Sheet5
A1: originationDate | B1: FNCLWAC | C1: FNCLAmount | D1: FGLMCWAC | E1: FGLMCAmount | F1: GNMAWAC | G1: GNMAAmount | H1: cov_WAC | I1: gnma_WAC | J1: Spread | W1: asOf | X1: MA_WAC_Spread | Y1: Spread | AA1: 6m | AB1: asOf | AC1: MtgRate | AD1: MtgRate | AE1: MA_WAC_Spread | AG1: 3m | AH1: asOf | AI1: asOf_lag1 | AJ1: asOf_lag2 | AK1: MtgRate | AL1: MA_WAC_Spread | AM1: MtgRate | AO1: 1m | AP1: asOf | AQ1: asOf_lag1 | AR1: asOf_lag2 | AS1: MtgRate | AT1: MA_WAC_Spread | AU1: MtgRate
A2: 33117 | B2: 10.083407 | C2: 4865441468 | D2: 10.182193 | E2: 925516698 | F2: 10.032933 | G2: 4361142278 | H2: 10.099195 | I2: 10.032933 | J2: -0.066261513 | W2: 33270 | X2: -0.078393097 | Y2: -0.156197 | AB2: 33270 | AC2: 9.58125 | AD2: 9.5028569 | AE2: -0.078393097 | AH2: 33178 | AI2: 33208 | AJ2: 33239 | AK2: 10.279 | AL2: -0.023147411 | AM2: 10.255853 | AP2: 33117 | AQ2: 33147 | AR2: 33178 | AS2: 10.44375 | AT2: -0.066261513 | AU2: 10.377488
A3: 33147 | B3: 9.9899464 | C3: 4354467067 | D3: 10.195263 | E3: 1470312908 | F3: 10.059435 | G3: 4107676603 | H3: 10.041773 | I3: 10.059435 | J3: 0.017661801 | W3: 33298 | X3: -0.11857698 | Y3: -0.30736479 | AB3: 33298 | AC3: 9.79375 | AD3: 9.675173 | AE3: -0.11857698 | AH3: 33208 | AI3: 33239 | AJ3: 33270 | AK3: 9.90375 | AL3: -0.021409809 | AM3: 9.8823402 | AP3: 33147 | AQ3: 33178 | AR3: 33208 | AS3: 10.465 | AT3: 0.017661801 | AU3: 10.482662
A4: 33178 | B4: 10.059754 | C4: 3183160658 | D4: 10.284527 | E4: 2092146186 | F4: 10.128055 | G4: 3613012241 | H4: 10.148897 | I4: 10.128055 | J4: -0.020842522 | W4: 33329 | X4: -0.15416384 | Y4: -0.1958594 | AB4: 33329 | AC4: 9.74875 | AD4: 9.5945862 | AE4: -0.15416384 | AH4: 33239 | AI4: 33270 | AJ4: 33298 | AK4: 9.882 | AL4: -0.088520624 | AM4: 9.7934794 | AP4: 33178 | AQ4: 33208 | AR4: 33239 | AS4: 10.279 | AT4: -0.020842522 | AU4: 10.258157
A5: 33208 | B5: 10.115817 | C5: 4110071554 | D5: 10.163764 | E5: 1036940723 | F5: 10.064428 | G5: 2729447790 | H5: 10.125476 | I5: 10.064428 | J5: -0.061048706 | W5: 33359 | X5: -0.17972935 | Y5: -0.17423556 | AB5: 33359 | AC5: 9.712 | AD5: 9.5322706 | AE5: -0.17972935 | AH5: 33270 | AI5: 33298 | AJ5: 33329 | AK5: 9.58125 | AL5: -0.13363878 | AM5: 9.4476112 | AP5: 33208 | AQ5: 33239 | AR5: 33270 | AS5: 9.90375 | AT5: -0.061048706 | AU5: 9.8427013
A6: 33239 | B6: 10.03849 | C6: 2436386817 | D6: 9.9271591 | E6: 1066652110 | F6: 9.8209199 | G6: 2844418458 | H6: 10.004591 | I6: 9.8209199 | J6: -0.18367065 | W6: 33390 | X6: -0.19978745 | Y6: -0.18139729 | AB6: 33390 | AC6: 9.88375 | AD6: 9.6839626 | AE6: -0.19978745 | AH6: 33298 | AI6: 33329 | AJ6: 33359 | AK6: 9.79375 | AL6: -0.21574414 | AM6: 9.5780059 | AP6: 33239 | AQ6: 33270 | AR6: 33298 | AS6: 9.882 | AT6: -0.18367065 | AU6: 9.6983294
A7: 33270 | B7: 9.8152849 | C7: 2463914768 | D7: 9.7472437 | E7: 1129594384 | F7: 9.6376996 | G7: 2603170825 | H7: 9.7938966 | I7: 9.6376996 | J7: -0.156197 | W7: 33420 | X7: -0.18485826 | Y7: -0.094095493 | AB7: 33420 | AC7: 9.81875 | AD7: 9.6338917 | AE7: -0.18485826 | AH7: 33329 | AI7: 33359 | AJ7: 33390 | AK7: 9.74875 | AL7: -0.21980706 | AM7: 9.5289429 | AP7: 33270 | AQ7: 33298 | AR7: 33329 | AS7: 9.58125 | AT7: -0.156197 | AU7: 9.425053
A8: 33298 | B8: 9.7398247 | C8: 2344228161 | D8: 9.8173007 | E8: 2915739534 | F8: 9.4754069 | G8: 2739290742 | H8: 9.7827717 | I8: 9.4754069 | J8: -0.30736479 | W8: 33451 | X8: -0.1794188 | Y8: -0.12356026 | AB8: 33451 | AC8: 9.469 | AD8: 9.2895812 | AE8: -0.1794188 | AH8: 33359 | AI8: 33390 | AJ8: 33420 | AK8: 9.712 | AL8: -0.22581992 | AM8: 9.4861801 | AP8: 33298 | AQ8: 33329 | AR8: 33359 | AS8: 9.79375 | AT8: -0.30736479 | AU8: 9.4863852
A9: 33329 | B9: 9.5482285 | C9: 3212925765 | D9: 9.5304477 | E9: 1536845604 | F9: 9.3466159 | G9: 3519142598 | H9: 9.5424753 | I9: 9.3466159 | J9: -0.1958594 | W9: 33482 | X9: -0.14619154 | Y9: -0.1080012 | AB9: 33482 | AC9: 9.22625 | AD9: 9.0800585 | AE9: -0.14619154 | AH9: 33390 | AI9: 33420 | AJ9: 33451 | AK9: 9.88375 | AL9: -0.18383075 | AM9: 9.6999192 | AP9: 33329 | AQ9: 33359 | AR9: 33390 | AS9: 9.74875 | AT9: -0.1958594 | AU9: 9.5528906
A10: 33359 | B10: 9.4420871 | C10: 4484332253 | D10: 9.5843669 | E10: 4295891605 | F10: 9.3374646 | G10: 4367724838 | H10: 9.5117002 | I10: 9.3374646 | J10: -0.17423556 | W10: 33512 | X10: -0.13616418 | Y10: -0.1356953 | AB10: 33512 | AC10: 9.05 | AD10: 8.9138358 | AE10: -0.13616418 | AH10: 33420 | AI10: 33451 | AJ10: 33482 | AK10: 9.81875 | AL10: -0.14990945 | AM10: 9.6688406 | AP10: 33359 | AQ10: 33390 | AR10: 33420 | AS10: 9.712 | AT10: -0.17423556 | AU10: 9.5377644
A11: 33390 | B11: 9.492435 | C11: 5661006468 | D11: 9.5552898 | E11: 4477359627 | F11: 9.338796 | G11: 4174264165 | H11: 9.5201933 | I11: 9.338796 | J11: -0.18139729 | W11: 33543 | X11: -0.14283556 | Y11: -0.21426379 | AB11: 33543 | AC11: 8.895 | AD11: 8.7521644 | AE11: -0.14283556 | AH11: 33451 | AI11: 33482 | AJ11: 33512 | AK11: 9.469 | AL11: -0.13301768 | AM11: 9.3359823 | AP11: 33390 | AQ11: 33420 | AR11: 33451 | AS11: 9.88375 | AT11: -0.18139729 | AU11: 9.7023527
A12: 33420 | B12: 9.5090133 | C12: 6294998706 | D12: 9.5763412 | E12: 4376891731 | F12: 9.4425312 | G12: 5314035861 | H12: 9.5366267 | I12: 9.4425312 | J12: -0.094095493 | W12: 33573 | X12: -0.13954627 | Y12: -0.16166156 | AB12: 33573 | AC12: 8.69125 | AD12: 8.5517037 | AE12: -0.13954627 | AH12: 33482 | AI12: 33512 | AJ12: 33543 | AK12: 9.22625 | AL12: -0.10855232 | AM12: 9.1176977 | AP12: 33420 | AQ12: 33451 | AR12: 33482 | AS12: 9.81875 | AT12: -0.094095493 | AU12: 9.7246545
A13: 33451 | B13: 9.5572982 | C13: 4562711161 | D13: 9.6032473 | E13: 2327504034 | F13: 9.4492595 | G13: 2906090408 | H13: 9.5728197 | I13: 9.4492595 | J13: -0.12356026 | W13: 33604 | X13: -0.15887968 | Y13: -0.21009594 | AB13: 33604 | AC13: 8.632 | AD13: 8.4731203 | AE13: -0.15887968 | AH13: 33512 | AI13: 33543 | AJ13: 33573 | AK13: 9.05 | AL13: -0.12241892 | AM13: 8.9275811 | AP13: 33451 | AQ13: 33482 | AR13: 33512 | AS13: 9.469 | AT13: -0.12356026 | AU13: 9.3454397
... A313: 42583 | B313: 3.8091411 | C313: 38583210821 | D313: 3.8292491 | E313: 28189896036 | F313: 3.5831343 | G313: 36555750539 | H313: 3.8176302 | I313: 3.5831343 | J313: -0.23449588 | W313: 42736 | X313: -0.27123191 | Y313: -0.41585208 | AB313: 42736 | AC313: 4.01875 | AD313: 3.7475181 | AE313: -0.27123191 | AH313: 42644 | AI313: 42675 | AJ313: 42705 | AK313: 3.3575 | AL313: -0.24442801 | AM313: 3.113072 | AP313: 42583 | AQ313: 42614 | AR313: 42644 | AS313: 3.32 | AT313: -0.23449588 | AU313: 3.0855041
A314: 42614 | B314: 3.7076985 | C314: 43278053263 | D314: 3.7341672 | E314: 37595447447 | F314: 3.4914416 | G314: 42319490639 | H314: 3.7200029 | I314: 3.4914416 | J314: -0.22856136 | W314: 42767 | X314: -0.25148599 | Y314: -0.11602039 | AH314: 42675 | AI314: 42705 | AJ314: 42736 | AK314: 3.707 | AL314: -0.24740569 | AM314: 3.4595943 | AP314: 42614 | AQ314: 42644 | AR314: 42675 | AS314: 3.3475 | AT314: -0.22856136 | AU314: 3.1189386
A315: 42644 | B315: 3.6911117 | C315: 42897726714 | D315: 3.7575688 | E315: 29048741895 | F315: 3.4477173 | G315: 43190876759 | H315: 3.7179441 | I315: 3.4477173 | J315: -0.27022678 | AH315: 42705 | AI315: 42736 | AJ315: 42767 | AK315: 4.1025 | AL315: -0.24949404 | AM315: 3.853006 | AP315: 42644 | AQ315: 42675 | AR315: 42705 | AS315: 3.3575 | AT315: -0.27022678 | AU315: 3.0872732
A316: 42675 | B316: 3.7211805 | C316: 43228569751 | D316: 3.7490337 | E316: 27803754579 | F316: 3.488654 | G316: 41590021137 | H316: 3.7320829 | I316: 3.488654 | J316: -0.24342893 | AH316: 42736 | AI316: 42767 | AJ316: 42795 | AK316: 4.01875 | AL316: -0.29803581 | AM316: 3.7207142 | AP316: 42675 | AQ316: 42705 | AR316: 42736 | AS316: 3.707 | AT316: -0.24342893 | AU316: 3.4635711
A317: 42705 | B317: 3.755364 | C317: 36418934439 | D317: 3.7561809 | E317: 27760950674 | F317: 3.5208909 | G317: 42355710290 | H317: 3.7557173 | I317: 3.5208909 | J317: -0.23482643 | AP317: 42705 | AQ317: 42736 | AR317: 42767 | AS317: 4.1025 | AT317: -0.23482643 | AU317: 3.8676736
A318: 42736 | B318: 4.0785315 | C318: 31450899521 | D318: 4.0889058 | E318: 20948545705 | F318: 3.6668269 | G318: 46154471435 | H318: 4.082679 | I318: 3.6668269 | J318: -0.41585208 | AP318: 42736 | AQ318: 42767 | AR318: 42795 | AS318: 4.01875 | AT318: -0.41585208 | AU318: 3.6028979
A319: 42767 | B319: 4.4798343 | C319: 10076448485 | D319: 4.3628552 | E319: 9.2269161e+09 | F319: 4.3078985 | G319: 1829078862 | H319: 4.4239189 | I319: 4.3078985 | J319: -0.11602039

Sheet daily
A1: AsOfDate | B1: SeriesNumValue | C1: Asof | E1: Row Labels | F1: Average of SeriesNumValue | K1: Wells FHA Rate - Raw | L1: Wells FHA Rate | M1: Derived Rate | R1: =L1 -> Wells FHA Rate | S1: Derived Rate_6m | T1: Derived Rate_3m | U1: Derived Rate_1m
A2: 42066 | B2: 4.003625 | C2: =A2-DAY(A2)+1 -> 42064 | E2: 42064 | F2: 3.9443452 | J2: 42064 | K2: 3.9443452 | L2: =K2-$N$26 -> 3.2676253 | M2: =VLOOKUP(J2,Sheet5!AB:AD,3,0) -> 3.3089568 | N2: =K2-M2 -> 0.63538841 | Q2: 42064 | R2: 3.9443452 | S2: =M2 -> 3.3089568 | T2: =VLOOKUP(Q2,Sheet5!AH:AM,6,0) -> 3.3663011 | U2: =VLOOKUP(Q2,Sheet5!AP:AU,6,0) -> 3.4531734 | V2: =($R2-S2)^2 -> 0.40371844 | W2: =($R2-T2)^2 -> 0.33413502 | X2: =($R2-U2)^2 -> 0.2412498
A3: 42067 | B3: 4.003625 | C3: =A3-DAY(A3)+1 -> 42064 | E3: 42095 | F3: 3.9530625 | J3: 42095 | K3: 3.9530625 | L3: =K3-$N$26 -> 3.2763426 | M3: =VLOOKUP(J3,Sheet5!AB:AD,3,0) -> 3.2217583 | N3: =K3-M3 -> 0.73130417 | Q3: 42095 | R3: 3.9530625 | S3: =M3 -> 3.2217583 | T3: =VLOOKUP(Q3,Sheet5!AH:AM,6,0) -> 3.3319808 | U3: =VLOOKUP(Q3,Sheet5!AP:AU,6,0) -> 3.2794799 | V3: =($R3-S3)^2 -> 0.53480579 | W3: =($R3-T3)^2 -> 0.38574246 | X3: =($R3-U3)^2 -> 0.45371348
A4: 42068 | B4: 3.97175 | C4: =A4-DAY(A4)+1 -> 42064 | E4: 42125 | F4: 4.1166125 | J4: 42125 | K4: 4.1166125 | L4: =K4-$N$26 -> 3.4398926 | M4: =VLOOKUP(J4,Sheet5!AB:AD,3,0) -> 3.4611311 | N4: =K4-M4 -> 0.65548144 | Q4: 42125 | R4: 4.1166125 | S4: =M4 -> 3.4611311 | T4: =VLOOKUP(Q4,Sheet5!AH:AM,6,0) -> 3.5301679 | U4: =VLOOKUP(Q4,Sheet5!AP:AU,6,0) -> 3.6123503 | V4: =($R4-S4)^2 -> 0.42965591 | W4: =($R4-T4)^2 -> 0.34391729 | X4: =($R4-U4)^2 -> 0.25428032
A5: 42069 | B5: 4.067625 | C5: =A5-DAY(A5)+1 -> 42064 | E5: 42156 | F5: 4.2489375 | J5: 42156 | K5: 4.2489375 | L5: =K5-$N$26 -> 3.5722176 | M5: =VLOOKUP(J5,Sheet5!AB:AD,3,0) -> 3.6154663 | N5: =K5-M5 -> 0.63347121 | Q5: 42156 | R5: 4.2489375 | S5: =M5 -> 3.6154663 | T5: =VLOOKUP(Q5,Sheet5!AH:AM,6,0) -> 3.6396315 | U5: =VLOOKUP(Q5,Sheet5!AP:AU,6,0) -> 3.5603141 | V5: =($R5-S5)^2 -> 0.40128578 | W5: =($R5-T5)^2 -> 0.37125384 | X5: =($R5-U5)^2 -> 0.47420214
A6: 42072 | B6: 4.035375 | C6: =A6-DAY(A6)+1 -> 42064 | E6: 42186 | F6: 4.2807386 | J6: 42186 | K6: 4.2807386 | L6: =K6-$N$26 -> 3.6040187 | M6: =VLOOKUP(J6,Sheet5!AB:AD,3,0) -> 3.7112685 | N6: =K6-M6 -> 0.56947012 | Q6: 42186 | R6: 4.2807386 | S6: =M6 -> 3.7112685 | T6: =VLOOKUP(Q6,Sheet5!AH:AM,6,0) -> 3.7215562 | U6: =VLOOKUP(Q6,Sheet5!AP:AU,6,0) -> 3.7412542 | V6: =($R6-S6)^2 -> 0.32429622 | W6: =($R6-T6)^2 -> 0.31268498 | X6: =($R6-U6)^2 -> 0.2910435
A7: 42073 | B7: 4.035375 | C7: =A7-DAY(A7)+1 -> 42064 | E7: 42217 | F7: 4.1768036 | J7: 42217 | K7: 4.1768036 | L7: =K7-$N$26 -> 3.5000837 | M7: =VLOOKUP(J7,Sheet5!AB:AD,3,0) -> 3.5705828 | N7: =K7-M7 -> 0.60622078 | Q7: 42217 | R7: 4.1768036 | S7: =M7 -> 3.5705828 | T7: =VLOOKUP(Q7,Sheet5!AH:AM,6,0) -> 3.5522477 | U7: =VLOOKUP(Q7,Sheet5!AP:AU,6,0) -> 3.5861748 | V7: =($R7-S7)^2 -> 0.36750364 | W7: =($R7-T7)^2 -> 0.39007004 | X7: =($R7-U7)^2 -> 0.34884235
A8: 42074 | B8: 4.003625 | C8: =A8-DAY(A8)+1 -> 42064 | E8: 42248 | F8: 4.1210298 | J8: 42248 | K8: 4.1210298 | L8: =K8-$N$26 -> 3.4443099 | M8: =VLOOKUP(J8,Sheet5!AB:AD,3,0) -> 3.5362448 | N8: =K8-M8 -> 0.58478494 | Q8: 42248 | R8: 4.1210298 | S8: =M8 -> 3.5362448 | T8: =VLOOKUP(Q8,Sheet5!AH:AM,6,0) -> 3.5408582 | U8: =VLOOKUP(Q8,Sheet5!AP:AU,6,0) -> 3.4721456 | V8: =($R8-S8)^2 -> 0.34197343 | W8: =($R8-T8)^2 -> 0.33659907 | X8: =($R8-U8)^2 -> 0.42105072
A9: 42075 | B9: 3.97175 | C9: =A9-DAY(A9)+1 -> 42064 | E9: 42278 | F9: 4.026006 | J9: 42278 | K9: 4.026006 | L9: =K9-$N$26 -> 3.3492861 | M9: =VLOOKUP(J9,Sheet5!AB:AD,3,0) -> 3.4199556 | N9: =K9-M9 -> 0.60605032 | Q9: 42278 | R9: 4.026006 | S9: =M9 -> 3.4199556 | T9: =VLOOKUP(Q9,Sheet5!AH:AM,6,0) -> 3.3818551 | U9: =VLOOKUP(Q9,Sheet5!AP:AU,6,0) -> 3.3142448 | V9: =($R9-S9)^2 -> 0.36729699 | W9: =($R9-T9)^2 -> 0.41493038 | X9: =($R9-U9)^2 -> 0.50660393
A10: 42076 | B10: 4.003625 | C10: =A10-DAY(A10)+1 -> 42064 | E10: 42309 | F10: 4.2404211 | J10: 42309 | K10: 4.2404211 | L10: =K10-$N$26 -> 3.5637012 | M10: =VLOOKUP(J10,Sheet5!AB:AD,3,0) -> 3.5497419 | N10: =K10-M10 -> 0.69067918 | Q10: 42309 | R10: 4.2404211 | S10: =M10 -> 3.5497419 | T10: =VLOOKUP(Q10,Sheet5!AH:AM,6,0) -> 3.5034861 | U10: =VLOOKUP(Q10,Sheet5!AP:AU,6,0) -> 3.4960678 | V10: =($R10-S10)^2 -> 0.47703773 | W10: =($R10-T10)^2 -> 0.5430732 | X10: =($R10-U10)^2 -> 0.55406177
A11: 42079 | B11: 3.97175 | C11: =A11-DAY(A11)+1 -> 42064 | E11: 42339 | F11: 4.2584821 | J11: 42339 | K11: 4.2584821 | L11: =K11-$N$26 -> 3.5817623 | M11: =VLOOKUP(J11,Sheet5!AB:AD,3,0) -> 3.5696719 | N11: =K11-M11 -> 0.68881022 | Q11: 42339 | R11: 4.2584821 | S11: =M11 -> 3.5696719 | T11: =VLOOKUP(Q11,Sheet5!AH:AM,6,0) -> 3.5214857 | U11: =VLOOKUP(Q11,Sheet5!AP:AU,6,0) -> 3.5573944 | V11: =($R11-S11)^2 -> 0.47445952 | W11: =($R11-T11)^2 -> 0.54316381 | X11: =($R11-U11)^2 -> 0.49152402
A12: 42080 | B12: 3.97175 | C12: =A12-DAY(A12)+1 -> 42064 | E12: 42370 | F12: 4.159875 | J12: 42370 | K12: 4.159875 | L12: =K12-$N$26 -> 3.4831551 | M12: =VLOOKUP(J12,Sheet5!AB:AD,3,0) -> 3.4478169 | N12: =K12-M12 -> 0.71205813 | Q12: 42370 | R12: 4.159875 | S12: =M12 -> 3.4478169 | T12: =VLOOKUP(Q12,Sheet5!AH:AM,6,0) -> 3.4237787 | U12: =VLOOKUP(Q12,Sheet5!AP:AU,6,0) -> 3.3856239 | V12: =($R12-S12)^2 -> 0.50702677 | W12: =($R12-T12)^2 -> 0.54183777 | X12: =($R12-U12)^2 -> 0.59946478
A13: 42081 | B13: 3.876 | C13: =A13-DAY(A13)+1 -> 42064 | E13: 42401 | F13: 4.0800395 | J13: 42401 | K13: 4.0800395 | L13: =K13-$N$26 -> 3.4033196 | M13: =VLOOKUP(J13,Sheet5!AB:AD,3,0) -> 3.1876928 | N13: =K13-M13 -> 0.89234666 | Q13: 42401 | R13: 4.0800395 | S13: =M13 -> 3.1876928 | T13: =VLOOKUP(Q13,Sheet5!AH:AM,6,0) -> 3.1731496 | U13: =VLOOKUP(Q13,Sheet5!AP:AU,6,0) -> 3.1179305 | V13: =($R13-S13)^2 -> 0.79628256 | W13: =($R13-T13)^2 -> 0.82244927 | X13: =($R13-U13)^2 -> 0.92565376
... A24: 42096 | B24: 3.7805 | C24: =A24-DAY(A24)+1 -> 42095 | E24: 42736 | F24: 4.431325 | J24: 42736 | K24: 4.431325 | L24: =K24-$N$26 -> 3.7546051 | M24: =VLOOKUP(J24,Sheet5!AB:AD,3,0) -> 3.7475181 | N24: =K24-M24 -> 0.68380691 | Q24: 42736 | R24: 4.431325 | S24: =M24 -> 3.7475181 | T24: =VLOOKUP(Q24,Sheet5!AH:AM,6,0) -> 3.7207142 | U24: =VLOOKUP(Q24,Sheet5!AP:AU,6,0) -> 3.6028979 | V24: =($R24-S24)^2 -> 0.46759189 | W24: =($R24-T24)^2 -> 0.50496773 | X24: =($R24-U24)^2 -> 0.68629143
A25: 42097 | B25: 3.7805 | C25: =A25-DAY(A25)+1 -> 42095 | E25: 42767 | F25: 4.4312917 | V25: =(AVERAGE(V2:V24))^0.5 -> 0.68109349 | W25: =(AVERAGE(W2:W24))^0.5 -> 0.67248989 | X25: =(AVERAGE(X2:X24))^0.5 -> 0.6777294
A26: 42100 | B26: 3.964 | C26: =A26-DAY(A26)+1 -> 42095 | E26: 42795 | F26: 4.495125 | N26: =AVERAGE(N2:N24) -> 0.67671989
A27: 42101 | B27: 3.964 | C27: =A27-DAY(A27)+1 -> 42095 | E27: (blank)
A28: 42102 | B28: 4.027125 | C28: =A28-DAY(A28)+1 -> 42095 | E28: Grand Total | F28: 4.0640074
A29: 42103 | B29: 3.9635 | C29: =A29-DAY(A29)+1 -> 42095
A30: 42104 | B30: 4.027125 | C30: =A30-DAY(A30)+1 -> 42095
A31: 42107 | B31: 4.027125 | C31: =A31-DAY(A31)+1 -> 42095
A32: 42108 | B32: 3.8995 | C32: =A32-DAY(A32)+1 -> 42095
A33: 42109 | B33: 3.8995 | C33: =A33-DAY(A33)+1 -> 42095
A34: 42110 | B34: 3.9635 | C34: =A34-DAY(A34)+1 -> 42095
A35: 42111 | B35: 3.9635 | C35: =A35-DAY(A35)+1 -> 42095
A36: 42114 | B36: 3.8995 | C36: =A36-DAY(A36)+1 -> 42095
A37: 42115 | B37: 3.9635 | C37: =A37-DAY(A37)+1 -> 42095
A38: 42116 | B38: 4.027125 | C38: =A38-DAY(A38)+1 -> 42095
A39: 42117 | B39: 4.027125 | C39: =A39-DAY(A39)+1 -> 42095
A40: 42118 | B40: 3.995375 | C40: =A40-DAY(A40)+1 -> 42095
... A489: 42795 | B489: 4.495125 | C489: =A489-DAY(A489)+1 -> 42795

Sheet 3m
A1: asOf | B1: MA_WAC_Spread | C1: Spread | F1: 3m | G1: asOf | H1: asOf_lag1 | I1: asOf_lag2 | J1: MtgRate | K1: MA_WAC_Spread | L1: MtgRate
A2: 33178 | B2: -0.023147411 | C2: -0.020842522 | G2: 33178 | H2: 33208 | I2: 33239 | J2: 10.279 | K2: -0.023147411 | L2: 10.255853
A3: 33208 | B3: -0.021409809 | C3: -0.061048706 | G3: 33208 | H3: 33239 | I3: 33270 | J3: 9.90375 | K3: -0.021409809 | L3: 9.8823402
A4: 33239 | B4: -0.088520624 | C4: -0.18367065 | G4: 33239 | H4: 33270 | I4: 33298 | J4: 9.882 | K4: -0.088520624 | L4: 9.7934794
A5: 33270 | B5: -0.13363878 | C5: -0.156197 | G5: 33270 | H5: 33298 | I5: 33329 | J5: 9.58125 | K5: -0.13363878 | L5: 9.4476112
A6: 33298 | B6: -0.21574414 | C6: -0.30736479 | G6: 33298 | H6: 33329 | I6: 33359 | J6: 9.79375 | K6: -0.21574414 | L6: 9.5780059
A7: 33329 | B7: -0.21980706 | C7: -0.1958594 | G7: 33329 | H7: 33359 | I7: 33390 | J7: 9.74875 | K7: -0.21980706 | L7: 9.5289429
A8: 33359 | B8: -0.22581992 | C8: -0.17423556 | G8: 33359 | H8: 33390 | I8: 33420 | J8: 9.712 | K8: -0.22581992 | L8: 9.4861801
A9: 33390 | B9: -0.18383075 | C9: -0.18139729 | G9: 33390 | H9: 33420 | I9: 33451 | J9: 9.88375 | K9: -0.18383075 | L9: 9.6999192
A10: 33420 | B10: -0.14990945 | C10: -0.094095493 | G10: 33420 | H10: 33451 | I10: 33482 | J10: 9.81875 | K10: -0.14990945 | L10: 9.6688406
A11: 33451 | B11: -0.13301768 | C11: -0.12356026 | G11: 33451 | H11: 33482 | I11: 33512 | J11: 9.469 | K11: -0.13301768 | L11: 9.3359823
A12: 33482 | B12: -0.10855232 | C12: -0.1080012 | G12: 33482 | H12: 33512 | I12: 33543 | J12: 9.22625 | K12: -0.10855232 | L12: 9.1176977
A13: 33512 | B13: -0.12241892 | C13: -0.1356953 | G13: 33512 | H13: 33543 | I13: 33573 | J13: 9.05 | K13: -0.12241892 | L13: 8.9275811
... A316: 42736 | B316: -0.29803581 | C316: -0.41585208 | G316: 42736 | H316: 42767 | I316: 42795 | J316: 4.01875 | K316: -0.29803581 | L316: 3.7207142
A317: 42767 | B317: -0.2570694 | C317: -0.11602039
A318: 42795 | B318: -0.32294824 | C318: -0.30132313
C319: -0.23601586
C320: -0.23021022
C321: -0.27044345
C322: -0.1746821
C323: -0.23648176
C324: -0.41593079
C325: -0.11602039
