Workbook

Sheet Sheet1
B1: Refi_Universe | C1: incentive | D1: wacls
A2: 40544 | B2: =VLOOKUP(A2,'Refi Universe'!B:D,3,0) -> 0.62016482 | C2: =VLOOKUP(A2,'Incentive & LS'!A:C,2,0) -> 74.929621 | D2: =VLOOKUP(A2,'Incentive & LS'!A:C,3,0) -> 200693.7
A3: 40575 | B3: =VLOOKUP(A3,'Refi Universe'!B:D,3,0) -> 0.58681075 | C3: =VLOOKUP(A3,'Incentive & LS'!A:C,2,0) -> 65.658772 | D3: =VLOOKUP(A3,'Incentive & LS'!A:C,3,0) -> 200873.05
A4: 40603 | B4: =VLOOKUP(A4,'Refi Universe'!B:D,3,0) -> 0.50460902 | C4: =VLOOKUP(A4,'Incentive & LS'!A:C,2,0) -> 43.89829 | D4: =VLOOKUP(A4,'Incentive & LS'!A:C,3,0) -> 201349.38
A5: 40634 | B5: =VLOOKUP(A5,'Refi Universe'!B:D,3,0) -> 0.53803379 | C5: =VLOOKUP(A5,'Incentive & LS'!A:C,2,0) -> 54.845409 | D5: =VLOOKUP(A5,'Incentive & LS'!A:C,3,0) -> 201449.88
A6: 40664 | B6: =VLOOKUP(A6,'Refi Universe'!B:D,3,0) -> 0.5204419 | C6: =VLOOKUP(A6,'Incentive & LS'!A:C,2,0) -> 53.691834 | D6: =VLOOKUP(A6,'Incentive & LS'!A:C,3,0) -> 201600.72
A7: 40695 | B7: =VLOOKUP(A7,'Refi Universe'!B:D,3,0) -> 0.56467516 | C7: =VLOOKUP(A7,'Incentive & LS'!A:C,2,0) -> 73.23622 | D7: =VLOOKUP(A7,'Incentive & LS'!A:C,3,0) -> 201717.1
A8: 40725 | B8: =VLOOKUP(A8,'Refi Universe'!B:D,3,0) -> 0.60031302 | C8: =VLOOKUP(A8,'Incentive & LS'!A:C,2,0) -> 85.470305 | D8: =VLOOKUP(A8,'Incentive & LS'!A:C,3,0) -> 201807.48
A9: 40756 | B9: =VLOOKUP(A9,'Refi Universe'!B:D,3,0) -> 0.58544639 | C9: =VLOOKUP(A9,'Incentive & LS'!A:C,2,0) -> 81.214591 | D9: =VLOOKUP(A9,'Incentive & LS'!A:C,3,0) -> 201733.11
A10: 40787 | B10: =VLOOKUP(A10,'Refi Universe'!B:D,3,0) -> 0.7192019 | C10: =VLOOKUP(A10,'Incentive & LS'!A:C,2,0) -> 109.01117 | D10: =VLOOKUP(A10,'Incentive & LS'!A:C,3,0) -> 201811.55
A11: 40817 | B11: =VLOOKUP(A11,'Refi Universe'!B:D,3,0) -> 0.79394052 | C11: =VLOOKUP(A11,'Incentive & LS'!A:C,2,0) -> 125.79262 | D11: =VLOOKUP(A11,'Incentive & LS'!A:C,3,0) -> 201678.81
A12: 40848 | B12: =VLOOKUP(A12,'Refi Universe'!B:D,3,0) -> 0.79804809 | C12: =VLOOKUP(A12,'Incentive & LS'!A:C,2,0) -> 122.21665 | D12: =VLOOKUP(A12,'Incentive & LS'!A:C,3,0) -> 201513.19
A13: 40878 | B13: =VLOOKUP(A13,'Refi Universe'!B:D,3,0) -> 0.82178596 | C13: =VLOOKUP(A13,'Incentive & LS'!A:C,2,0) -> 129.79478 | D13: =VLOOKUP(A13,'Incentive & LS'!A:C,3,0) -> 201255.07
... A67: 42522 | B67: =VLOOKUP(A67,'Refi Universe'!B:D,3,0) -> 0.61364218 | C67: =VLOOKUP(A67,'Incentive & LS'!A:C,2,0) -> 84.660104 | D67: =VLOOKUP(A67,'Incentive & LS'!A:C,3,0) -> 216410.74

Sheet Refi Universe
A1: asofdate | B1: asOf_lag1 | C1: asOf_lag2 | D1: pct_refinancible_pool | K1: pct_refinancible_pool
A2: 34366 | B2: 34394 | C2: 34425 | D2: 0.033600666 | J2: 34394 | K2: 0.033600666
A3: 34394 | B3: 34425 | C3: 34455 | D3: 0.35616542 | J3: 34425 | K3: 0.35616542
A4: 34425 | B4: 34455 | C4: 34486 | D4: 0.14828216 | J4: 34455 | K4: 0.14828216
A5: 34455 | B5: 34486 | C5: 34516 | D5: 0.089032484 | J5: 34486 | K5: 0.089032484
A6: 34486 | B6: 34516 | C6: 34547 | D6: 0.20082367 | J6: 34516 | K6: 0.20082367
A7: 34516 | B7: 34547 | C7: 34578 | D7: 0.16596844 | J7: 34547 | K7: 0.16596844
A8: 34547 | B8: 34578 | C8: 34608 | D8: 0.083185205 | J8: 34578 | K8: 0.083185205
A9: 34578 | B9: 34608 | C9: 34639 | D9: 0.071578425 | J9: 34608 | K9: 0.071578425
A10: 34608 | B10: 34639 | C10: 34669 | D10: 0.050070682 | J10: 34639 | K10: 0.050070682
A11: 34639 | B11: 34669 | C11: 34700 | D11: 0.022438174 | J11: 34669 | K11: 0.022438174
A12: 34669 | B12: 34700 | C12: 34731 | D12: 0.020688177 | J12: 34700 | K12: 0.020688177
A13: 34700 | B13: 34731 | C13: 34759 | D13: 0.023033369 | J13: 34731 | K13: 0.023033369
... A270: 42522 | B270: 42552 | C270: 42583 | D270: 0.64329289 | J270: 42552 | K270: 0.64329289

Sheet Incentive & LS
A1: asofdate | B1: incentive1 | C1: wacls1
A2: 40544 | B2: 74.929621 | C2: 200693.7
A3: 40575 | B3: 65.658772 | C3: 200873.05
A4: 40603 | B4: 43.89829 | C4: 201349.38
A5: 40634 | B5: 54.845409 | C5: 201449.88
A6: 40664 | B6: 53.691834 | C6: 201600.72
A7: 40695 | B7: 73.23622 | C7: 201717.1
A8: 40725 | B8: 85.470305 | C8: 201807.48
A9: 40756 | B9: 81.214591 | C9: 201733.11
A10: 40787 | B10: 109.01117 | C10: 201811.55
A11: 40817 | B11: 125.79262 | C11: 201678.81
A12: 40848 | B12: 122.21665 | C12: 201513.19
A13: 40878 | B13: 129.79478 | C13: 201255.07
... A67: 42522 | B67: 84.660104 | C67: 216410.74
