Workbook

Sheet Compare
B1: =Versions!D1 -> PL ME | C1: =Versions!H1 -> LL ME | D1: =Versions!K1 -> LL_ME_Scale | E1: =Versions!N1 -> LL_ME_FixCost | F1: =Versions!Q1 -> LL_ME_FixedCost_FGLMC
A2: 43282 | B2: =Versions!D2 -> 11.354682 | C2: =Versions!H2 -> 10.065647 | D2: =Versions!K2 -> 11.121625 | E2: =Versions!N2 -> 4.5604413 | F2: =Versions!Q2 -> 4.6058192
A3: 43252 | B3: =Versions!D3 -> 10.535279 | C3: =Versions!H3 -> 9.2655482 | D3: =Versions!K3 -> 11.539806 | E3: =Versions!N3 -> 4.9370174 | F3: =Versions!Q3 -> 4.986557
A4: 43221 | B4: =Versions!D4 -> 11.841351 | C4: =Versions!H4 -> 10.420667 | D4: =Versions!K4 -> 13.823214 | E4: =Versions!N4 -> 5.6962943 | F4: =Versions!Q4 -> 5.7561561
A5: 43191 | B5: =Versions!D5 -> 13.48247 | C5: =Versions!H5 -> 12.024291 | D5: =Versions!K5 -> 14.470734 | E5: =Versions!N5 -> 6.2026618 | F5: =Versions!Q5 -> 6.2740196
A6: 43160 | B6: =Versions!D6 -> 15.284316 | C6: =Versions!H6 -> 13.757742 | D6: =Versions!K6 -> 20.226226 | E6: =Versions!N6 -> 9.4579908 | F6: =Versions!Q6 -> 9.5704159
A7: 43132 | B7: =Versions!D7 -> 22.84286 | C7: =Versions!H7 -> 21.044746 | D7: =Versions!K7 -> 28.411283 | E7: =Versions!N7 -> 15.622959 | F7: =Versions!Q7 -> 15.794564
A8: 43101 | B8: =Versions!D8 -> 31.730363 | C8: =Versions!H8 -> 29.396233 | D8: =Versions!K8 -> 33.697943 | E8: =Versions!N8 -> 19.18095 | F8: =Versions!Q8 -> 19.376425
A9: 43070 | B9: =Versions!D9 -> 36.043993 | C9: =Versions!H9 -> 33.033501 | D9: =Versions!K9 -> 34.583677 | E9: =Versions!N9 -> 20.16888 | F9: =Versions!Q9 -> 20.392708
A10: 43040 | B10: =Versions!D10 -> 38.579795 | C10: =Versions!H10 -> 34.85641 | D10: =Versions!K10 -> 39.201794 | E10: =Versions!N10 -> 22.839429 | F10: =Versions!Q10 -> 23.11465
A11: 43009 | B11: =Versions!D11 -> 42.791001 | C11: =Versions!H11 -> 38.447103 | D11: =Versions!K11 -> 40.830873 | E11: =Versions!N11 -> 24.453391 | F11: =Versions!Q11 -> 24.756081
A12: 42979 | B12: =Versions!D12 -> 43.742028 | C12: =Versions!H12 -> 39.393776 | D12: =Versions!K12 -> 35.839233 | E12: =Versions!N12 -> 21.37695 | F12: =Versions!Q12 -> 21.679637
A13: 42948 | B13: =Versions!D13 -> 37.994687 | C13: =Versions!H13 -> 34.436945 | D13: =Versions!K13 -> 35.011115 | E13: =Versions!N13 -> 20.843628 | F13: =Versions!Q13 -> 21.161192
... A145: 38930 | B145: =Versions!D145 -> 7.2323839 | C145: =Versions!H145 -> 0 | D145: =Versions!K145 -> 0 | E145: =Versions!N145 -> 0 | F145: =Versions!Q145 -> 0

Sheet Versions
B1: asof | C1: PL ME w/o Lag | D1: PL ME | G1: LL ME w/o Lag | H1: LL ME | K1: LL_ME_Scale | M1: asof | N1: LL_ME_FixCost | P1: asof | Q1: LL_ME_FixedCost_FGLMC | S1: asof | T1: ME | U1: LL_ME_FixedCost_FGLMC_Weekly
B2: 43282 | C2: 12.118578 | D2: =AVERAGE(C2,C3) -> 11.354682 | F2: 43282 | G2: 10.724472 | H2: =AVERAGE(G2,G3) -> 10.065647 | J2: 43282 | K2: 11.121625 | M2: 43282 | N2: 4.5604413 | P2: 43282 | Q2: 4.6058192 | S2: 43282 | T2: 6.697784 | U2: =AVERAGE(T2,T3) -> 6.3213059
B3: 43252 | C3: 10.590785 | D3: =AVERAGE(C3,C4) -> 10.535279 | F3: 43252 | G3: 9.4068217 | H3: =AVERAGE(G3,G4) -> 9.2655482 | J3: 43252 | K3: 11.539806 | M3: 43252 | N3: 4.9370174 | P3: 43252 | Q3: 4.986557 | S3: 43252 | T3: 5.9448278 | U3: =AVERAGE(T3,T4) -> 5.8864573
B4: 43221 | C4: 10.479773 | D4: =AVERAGE(C4,C5) -> 11.841351 | F4: 43221 | G4: 9.1242747 | H4: =AVERAGE(G4,G5) -> 10.420667 | J4: 43221 | K4: 13.823214 | M4: 43221 | N4: 5.6962943 | P4: 43221 | Q4: 5.7561561 | S4: 43221 | T4: 5.8280869 | U4: =AVERAGE(T4,T5) -> 6.5239925
B5: 43191 | C5: 13.20293 | D5: =AVERAGE(C5,C6) -> 13.48247 | F5: 43191 | G5: 11.717059 | H5: =AVERAGE(G5,G6) -> 12.024291 | J5: 43191 | K5: 14.470734 | M5: 43191 | N5: 6.2026618 | P5: 43191 | Q5: 6.2740196 | S5: 43191 | T5: 7.2198982 | U5: =AVERAGE(T5,T6) -> 7.3318789
B6: 43160 | C6: 13.762011 | D6: =AVERAGE(C6,C7) -> 15.284316 | F6: 43160 | G6: 12.331522 | H6: =AVERAGE(G6,G7) -> 13.757742 | J6: 43160 | K6: 20.226226 | M6: 43160 | N6: 9.4579908 | P6: 43160 | Q6: 9.5704159 | S6: 43160 | T6: 7.4438595 | U6: =AVERAGE(T6,T7) -> 8.4285467
B7: 43132 | C7: 16.806621 | D7: =AVERAGE(C7,C8) -> 22.84286 | F7: 43132 | G7: 15.183962 | H7: =AVERAGE(G7,G8) -> 21.044746 | J7: 43132 | K7: 28.411283 | M7: 43132 | N7: 15.622959 | P7: 43132 | Q7: 15.794564 | S7: 43132 | T7: 9.4132339 | U7: =AVERAGE(T7,T8) -> 13.705729
B8: 43101 | C8: 28.8791 | D8: =AVERAGE(C8,C9) -> 31.730363 | F8: 43101 | G8: 26.90553 | H8: =AVERAGE(G8,G9) -> 29.396233 | J8: 43101 | K8: 33.697943 | M8: 43101 | N8: 19.18095 | P8: 43101 | Q8: 19.376425 | S8: 43101 | T8: 17.998225 | U8: =AVERAGE(T8,T9) -> 19.844159
B9: 43070 | C9: 34.581627 | D9: =AVERAGE(C9,C10) -> 36.043993 | F9: 43070 | G9: 31.886936 | H9: =AVERAGE(G9,G10) -> 33.033501 | J9: 43070 | K9: 34.583677 | M9: 43070 | N9: 20.16888 | P9: 43070 | Q9: 20.392708 | S9: 43070 | T9: 21.690094 | U9: =AVERAGE(T9,T10) -> 22.619778
B10: 43040 | C10: 37.506359 | D10: =AVERAGE(C10,C11) -> 38.579795 | F10: 43040 | G10: 34.180066 | H10: =AVERAGE(G10,G11) -> 34.85641 | J10: 43040 | K10: 39.201794 | M10: 43040 | N10: 22.839429 | P10: 43040 | Q10: 23.11465 | S10: 43040 | T10: 23.549461 | U10: =AVERAGE(T10,T11) -> 24.233802
B11: 43009 | C11: 39.65323 | D11: =AVERAGE(C11,C12) -> 42.791001 | F11: 43009 | G11: 35.532754 | H11: =AVERAGE(G11,G12) -> 38.447103 | J11: 43009 | K11: 40.830873 | M11: 43009 | N11: 24.453391 | P11: 43009 | Q11: 24.756081 | S11: 43009 | T11: 24.918142 | U11: =AVERAGE(T11,T12) -> 27.07677
B12: 42979 | C12: 45.928772 | D12: =AVERAGE(C12,C13) -> 43.742028 | F12: 42979 | G12: 41.361453 | H12: =AVERAGE(G12,G13) -> 39.393776 | J12: 42979 | K12: 35.839233 | M12: 42979 | N12: 21.37695 | P12: 42979 | Q12: 21.679637 | S12: 42979 | T12: 29.235397 | U12: =AVERAGE(T12,T13) -> 27.718754
B13: 42948 | C13: 41.555284 | D13: =AVERAGE(C13,C14) -> 37.994687 | F13: 42948 | G13: 37.4261 | H13: =AVERAGE(G13,G14) -> 34.436945 | J13: 42948 | K13: 35.011115 | M13: 42948 | N13: 20.843628 | P13: 42948 | Q13: 21.161192 | S13: 42948 | T13: 26.202111 | U13: =AVERAGE(T13,T14) -> 23.937284
... B144: 38961 | C144: 10.733488 | D144: =AVERAGE(C144,C145) -> 9.9081998 | F144: 38961 | G144: 0 | H144: =AVERAGE(G144,G145) -> 0 | J144: 38961 | K144: 1.0431822 | M144: 38961 | N144: 0.3489153 | P144: 38961 | Q144: 0.3489153 | S144: 38961 | T144: 0 | U144: =AVERAGE(T144,T145) -> 0
B145: 38930 | C145: 9.0829115 | D145: =AVERAGE(C145,C146) -> 7.2323839 | J145: 38930 | K145: 0 | M145: 38930 | N145: 0 | P145: 38930 | Q145: 0
B146: 38899 | C146: 5.3818563 | D146: =AVERAGE(C146,C147) -> 5.8825445
B147: 38869 | C147: 6.3832327 | D147: =AVERAGE(C147,C148) -> 6.9559503
B148: 38838 | C148: 7.528668 | D148: =AVERAGE(C148,C149) -> 8.16015
B149: 38808 | C149: 8.7916319 | D149: =AVERAGE(C149,C150) -> 10.107173
B150: 38777 | C150: 11.422714 | D150: =AVERAGE(C150,C151) -> 12.183317
B151: 38749 | C151: 12.943919 | D151: =AVERAGE(C151,C152) -> 14.385235
B152: 38718 | C152: 15.826551 | D152: =AVERAGE(C152,C153) -> 14.563769
B153: 38687 | C153: 13.300987 | D153: =AVERAGE(C153,C154) -> 12.998512
B154: 38657 | C154: 12.696038 | D154: =AVERAGE(C154,C155) -> 16.060857
B155: 38626 | C155: 19.425675 | D155: =AVERAGE(C155,C156) -> 23.859046
B156: 38596 | C156: 28.292416 | D156: =AVERAGE(C156,C157) -> 28.157536
B157: 38565 | C157: 28.022657 | D157: =AVERAGE(C157,C158) -> 30.908792
... B295: 34366 | C295: 54.159738 | D295: =AVERAGE(C295,C296) -> 54.159738

Sheet Cello ME
A1: asOfDate | B1: ME_PL_WK | E1: ME_LL_WK | F1: =B1 -> ME_PL_WK | H1: asofDate | I1: ME_LL_WK_25bp | L1: repline | M1: =I1 -> ME_LL_WK_25bp
A2: 43300 | B2: 12.414601 | D2: 43300 | E2: 7.2483736 | F2: =VLOOKUP(D2,A:B,2,0) -> 12.414601 | H2: 43300 | I2: 12.489664 | K2: 43300 | L2: 7.1541387 | M2: =I2 -> 12.489664
A3: 43293 | B3: 12.164557 | D3: 43293 | E3: 7.0908009 | F3: =VLOOKUP(D3,A:B,2,0) -> 12.164557 | H3: 43293 | I3: 12.188239 | K3: 43293 | L3: 6.9982968 | M3: =I3 -> 12.188239
A4: 43286 | B4: 11.776577 | D4: 43286 | E4: 6.863789 | F4: =VLOOKUP(D4,A:B,2,0) -> 11.776577 | H4: 43286 | I4: 11.738598 | K4: 43286 | L4: 6.7645341 | M4: =I4 -> 11.738598
A5: 43279 | B5: 10.980849 | D5: 43279 | E5: 6.4224057 | F5: =VLOOKUP(D5,A:B,2,0) -> 10.980849 | H5: 43279 | I5: 10.833595 | K5: 43279 | L5: 6.142666 | M5: =I5 -> 10.833595
A6: 43272 | B6: 10.430654 | D6: 43272 | E6: 6.1816529 | F6: =VLOOKUP(D6,A:B,2,0) -> 10.430654 | H6: 43272 | I6: 10.381666 | K6: 43272 | L6: 5.8832993 | M6: =I6 -> 10.381666
A7: 43265 | B7: 9.7064189 | D7: 43265 | E7: 5.8856836 | F7: =VLOOKUP(D7,A:B,2,0) -> 9.7064189 | H7: 43265 | I7: 9.8298791 | K7: 43265 | L7: 5.5587942 | M7: =I7 -> 9.8298791
A8: 43258 | B8: 11.245217 | D8: 43258 | E8: 6.5423923 | F8: =VLOOKUP(D8,A:B,2,0) -> 11.245217 | H8: 43258 | I8: 11.05534 | K8: 43258 | L8: 6.2723493 | M8: =I8 -> 11.05534
A9: 43251 | B9: 11.429892 | D9: 43251 | E9: 6.568859 | F9: =VLOOKUP(D9,A:B,2,0) -> 11.429892 | H9: 43251 | I9: 11.054886 | K9: 43251 | L9: 6.2688112 | M9: =I9 -> 11.054886
A10: 43244 | B10: 8.839013 | D10: 43244 | E10: 5.3938939 | F10: =VLOOKUP(D10,A:B,2,0) -> 8.839013 | H10: 43244 | I10: 8.8570418 | K10: 43244 | L10: 5.011703 | M10: =I10 -> 8.8570418
A11: 43237 | B11: 10.042366 | D11: 43237 | E11: 5.9794054 | F11: =VLOOKUP(D11,A:B,2,0) -> 10.042366 | H11: 43237 | I11: 9.964995 | K11: 43237 | L11: 5.6419975 | M11: =I11 -> 9.964995
A12: 43230 | B12: 11.043796 | D12: 43230 | E12: 6.3918892 | F12: =VLOOKUP(D12,A:B,2,0) -> 11.043796 | H12: 43230 | I12: 10.728922 | K12: 43230 | L12: 6.0807671 | M12: =I12 -> 10.728922
A13: 43223 | B13: 11.043796 | D13: 43223 | E13: 6.3918892 | F13: =VLOOKUP(D13,A:B,2,0) -> 11.043796 | H13: 43223 | I13: 10.728922 | K13: 43223 | L13: 6.0807671 | M13: =I13 -> 10.728922
... A621: 38967 | B621: 9.7941244 | D621: 38967 | E621: 0 | F621: =VLOOKUP(D621,A:B,2,0) -> 9.7941244 | H621: 38967 | I621: 0 | K621: 38967 | L621: 2.6102389 | M621: =I621 -> 0
A622: 38960 | B622: 10.192342
A623: 38953 | B623: 9.5633386
A624: 38946 | B624: 9.3752037
A625: 38939 | B625: 8.6092374
A626: 38932 | B626: 7.674436
A627: 38925 | B627: 6.3403105
A628: 38918 | B628: 4.9290831
A629: 38911 | B629: 5.248611
A630: 38904 | B630: 5.0094207
A631: 38897 | B631: 5.1355473
A632: 38890 | B632: 5.8744079
A633: 38883 | B633: 7.0139718
... A1278: 34369 | B1278: 61.622008

Sheet MBAVREFI
A1: Asof | B1: MBAVREFI | C1: ='Cello ME'!I1 -> ME_LL_WK_25bp | G1: asof | H1: ME
A2: 39845 | B2: 6603.4667 | C2: =VLOOKUP(A2,G:H,2,0) -> 75.706723 | G2: 38961
A3: 39873 | B3: 3618.95 | C3: =VLOOKUP(A3,G:H,2,0) -> 90.445249 | G3: 38991
A4: 39904 | B4: 3662.425 | C4: =VLOOKUP(A4,G:H,2,0) -> 85.240285 | G4: 39022 | H4: 0
A5: 39934 | B5: 6477.84 | C5: =VLOOKUP(A5,G:H,2,0) -> 90.585985 | G5: 39052 | H5: 9.013263
A6: 39965 | B6: 4915.125 | C6: =VLOOKUP(A6,G:H,2,0) -> 95.728243 | G6: 39083 | H6: 16.45764
A7: 39995 | B7: 2712.82 | C7: =VLOOKUP(A7,G:H,2,0) -> 92.501195 | G7: 39114 | H7: 27.079731
A8: 40026 | B8: 1822.25 | C8: =VLOOKUP(A8,G:H,2,0) -> 56.951955 | G8: 39142 | H8: 22.348195
A9: 40057 | B9: 1923.775 | C9: =VLOOKUP(A9,G:H,2,0) -> 75.154958 | G9: 39173 | H9: 18.143694
A10: 40087 | B10: 2476.96 | C10: =VLOOKUP(A10,G:H,2,0) -> 72.762651 | G10: 39203 | H10: 26.235069
A11: 40118 | B11: 3104.25 | C11: =VLOOKUP(A11,G:H,2,0) -> 72.540027 | G11: 39234 | H11: 23.273104
A12: 40148 | B12: 2789.875 | C12: =VLOOKUP(A12,G:H,2,0) -> 71.899973 | G12: 39264 | H12: 18.539579
A13: 40179 | B13: 2994.98 | C13: =VLOOKUP(A13,G:H,2,0) -> 70.939002 | G13: 39295 | H13: 5.2571459
A14: 40210 | B14: 2264.2 | C14: =VLOOKUP(A14,G:H,2,0) -> 67.793879 | G14: 39326 | H14: 4.6247793
A15: 40238 | B15: 2717.3 | C15: =VLOOKUP(A15,G:H,2,0) -> 63.759941 | G15: 39356 | H15: 6.8687709
... A113: 43221 | B113: 1144.725 | C113: =VLOOKUP(A113,G:H,2,0) -> 13.434576 | G113: 42339 | H113: 51.154028
G114: 42370 | H114: 41.429791
G115: 42401 | H115: 40.191435
G116: 42430 | H116: 45.544392
G117: 42461 | H117: 60.005962
G118: 42491 | H118: 58.241077
G119: 42522 | H119: 64.312241
G120: 42552 | H120: 65.890859
G121: 42583 | H121: 68.865442
G122: 42614 | H122: 77.733132
G123: 42644 | H123: 77.218487
G124: 42675 | H124: 74.571542
G125: 42705 | H125: 72.171771
... G144: 43282 | H144: 10.266953
H145: 10.52512
H146: 12.138834
