Workbook

Sheet db check
A1: AsOf | B1: avg(#refiUniverse.refinanceable)*100 | G1: media_effect_monthly_saved | H1: media_effect_weekly_saved | I1: media_effect_monthly_calc | J1: media_effect_weekly_calc
A2: 42979 | B2: 39.942742 | F2: 42979 | G2: 39.77 | H2: 39.765 | I2: 39.942742 | J2: 39.772896
A3: 42948 | B3: 35.543002 | F3: 42948 | G3: 35.6 | H3: 35.604 | I3: 35.543002 | J3: 35.60727
A4: 42917 | B4: 30.180612 | F4: 42917 | G4: 30.43 | H4: 30.425 | I4: 30.180612 | J4: 30.2565
A5: 42887 | B5: 34.760887 | F5: 42887 | G5: 34.19 | H5: 34.192 | I5: 34.760887 | J5: 34.270226
A6: 42856 | B6: 30.428991 | F6: 42856 | G6: 29.65 | H6: 29.6975 | I6: 30.428991 | J6: 29.816769
A7: 42826 | B7: 28.902097 | F7: 42826 | G7: 28.57 | H7: 28.6275 | I7: 28.902097 | J7: 28.82311
A8: 42795 | B8: 22.758684 | F8: 42795 | G8: 22.67 | H8: 22.81 | I8: 22.758684 | J8: 22.867953
A9: 42767 | B9: 24.717616 | F9: 42767 | G9: 25.51 | H9: 24.705 | I9: 24.717616 | J9: 24.709927
A10: 42736 | B10: 26.164018 | F10: 42736 | G10: 27.36 | H10: 26.1225 | I10: 26.164018 | J10: 26.126127
A11: 42705 | B11: 22.897693 | F11: 42705 | G11: 20.46 | H11: 24.84 | I11: 22.897693 | J11: 24.845917
A12: 42675 | B12: 41.669767 | F12: 42675 | G12: 38.38 | H12: 49.55 | I12: 41.669767 | J12: 49.552057
A13: 42644 | B13: 70.247905 | F13: 42644 | G13: 70.73 | H13: 70.1625 | I13: 70.247905 | J13: 70.167852
... A284: 34394 | B284: 32.919249 | F284: 34394 | G284: 36.62 | H284: 35.12 | I284: 32.919249 | J284: 35.124016
A285: 34394 | B285: 35.124016

Sheet From Calculation
A1: asof | B1: wacBucket | C1: wac_ | D1: origPMI | E1: currentPMI | F1: currentLLPA | G1: incentive_PL | H1: balance | I1: me_balance | J1: MtgRate | K1: wacWithCost | L1: incentive_bucket | M1: media_effect | N1: media_balance
A2: 42491 | B2: 3.25 | C2: 3.1418298 | D2: 8.3673118 | E2: 1.031098 | F2: 11.702399 | G2: -0.30156409 | H2: 1.0435656e+10 | I2: 499796.87 | J2: 3.448 | K2: 3.2941061 | L2: -15.38 | M2: 63.98 | N2: 0
A3: 42491 | B3: 3.375 | C3: 3.3113734 | D3: 5.8397086 | E3: 0.37191548 | F3: 11.31719 | G3: -0.14974163 | H3: 5.9593479e+09 | I3: 0 | J3: 3.448 | K3: 3.401385 | L3: -4.66 | M3: 63.98 | N3: 0
A4: 42491 | B4: 3.5 | C4: 3.4626302 | D4: 9.0492554 | E4: 0.55641453 | F4: 16.02518 | G4: 0.019995657 | H4: 6.6245942e+10 | I4: 1.191936e+09 | J4: 3.448 | K4: 3.5448655 | L4: 9.68 | M4: 63.98 | N4: 0
A5: 42491 | B5: 3.625 | C5: 3.5598258 | D5: 10.671392 | E5: 0.74036689 | F5: 20.204684 | G5: 0.12112433 | H5: 2.4136792e+11 | I5: 3.491099e+09 | J5: 3.448 | K5: 3.6737985 | L5: 22.57 | M5: 63.98 | N5: 0
A6: 42491 | B6: 3.75 | C6: 3.6842254 | D6: 10.81248 | E6: 2.182317 | F6: 25.440873 | G6: 0.21942486 | H6: 1.5511438e+11 | I6: 1.7972168e+09 | J6: 3.448 | K6: 3.7726994 | L6: 32.46 | M6: 63.98 | N6: 0
A7: 42491 | B7: 3.875 | C7: 3.8055259 | D7: 12.406599 | E7: 6.520449 | F7: 37.452751 | G7: 0.28325552 | H7: 1.4367464e+11 | I7: 2.6971828e+09 | J7: 3.448 | K7: 3.8402296 | L7: 39.22 | M7: 63.98 | N7: 1.980368e+10
A8: 42491 | B8: 4 | C8: 3.948371 | D8: 12.872664 | E8: 2.7943343 | F8: 35.196358 | G8: 0.47366338 | H8: 2.7300922e+11 | I8: 1.1369594e+11 | J8: 3.448 | K8: 4.0127924 | L8: 56.47 | M8: 63.98 | N8: 2.7300922e+11
A9: 42491 | B9: 4.125 | C9: 4.0626611 | D9: 15.064045 | E9: 6.9025748 | F9: 51.242664 | G9: 0.52866919 | H9: 2.7487375e+11 | I9: 1.7280874e+11 | J9: 3.448 | K9: 4.078508 | L9: 63.05 | M9: 63.98 | N9: 2.7487375e+11
A10: 42491 | B10: 4.25 | C10: 4.1824249 | D10: 18.018724 | E10: 10.550923 | F10: 60.01109 | G10: 0.61957519 | H10: 3.0113208e+11 | I10: 2.6556381e+11 | J10: 3.448 | K10: 4.1746503 | L10: 72.66 | M10: 63.98 | N10: 3.0113208e+11
A11: 42491 | B11: 4.375 | C11: 4.3054288 | D11: 16.456497 | E11: 6.3236825 | F11: 57.457102 | G11: 0.77561417 | H11: 1.2319167e+11 | I11: 114097771561 | J11: 3.448 | K11: 4.3326854 | L11: 88.46 | M11: 63.98 | N11: 1.2319167e+11
A12: 42491 | B12: 4.5 | C12: 4.4372815 | D12: 14.363319 | E12: 4.5498939 | F12: 52.389494 | G12: 0.91694206 | H12: 2.1255654e+11 | I12: 2.0463586e+11 | J12: 3.448 | K12: 4.4671605 | L12: 101.91 | M12: 63.98 | N12: 2.1255654e+11
A13: 42491 | B13: 4.625 | C13: 4.5589478 | D13: 17.990905 | E13: 7.1858781 | F13: 73.540428 | G13: 0.99564698 | H13: 2.2591656e+11 | I13: 2.1876291e+11 | J13: 3.448 | K13: 4.5491992 | L13: 110.11 | M13: 63.98 | N13: 2.2591656e+11
... A39: 42491 | B39: 7.875 | C39: 8.2231336 | D39: 23.308499 | E39: 0 | F39: 24.075786 | G39: 4.9085291 | H39: 5.4019536e+09 | I39: 5.4019536e+09 | J39: 3.448 | K39: 8.0478955 | L39: 459.98 | M39: 63.98 | N39: 5.4019536e+09
H41: =SUM(H2:H39) -> 2.8388412e+12 | I41: =SUM(I2:I39) -> 1.8981422e+12 | N41: =SUM(N2:N39) -> 2.2358471e+12
H43: ME PL | I43: =I41/H41*100 -> 66.863276 | M43: ME repline | N43: =N41/H41*100 -> 78.759144
H44: Match DB | I44: =I43-'db check'!I18 -> -7.0314658e-06 | M44: Error | N44: =N43-'db check'!I18 -> 11.895861

Sheet Anlysis
A1: asof | C1: wac_ | D1: origPMI | E1: currentPMI | F1: currentLLPA | G1: incentive_PL | H1: balance | I1: media_balance_PL | J1: me% PL | K1: MtgRate | L1: wacWithCost | M1: incentive_bucket | O1: media_balance_repline | P1: me% Repline
A2: 42491 | B2: 3.25 | C2: 3.1418298 | D2: 8.3673118 | E2: 1.031098 | F2: 11.702399 | G2: ='From Calculation'!G2*100 -> -30.156409 | H2: 1.0435656e+10 | I2: 499796.87 | J2: =I2/H2*100 -> 0.0047893192 | K2: 3.448 | L2: 3.2941061 | M2: -15.38 | O2: 0 | P2: =O2/H2*100 -> 0
A3: 42491 | B3: 3.375 | C3: 3.3113734 | D3: 5.8397086 | E3: 0.37191548 | F3: 11.31719 | G3: ='From Calculation'!G3*100 -> -14.974163 | H3: 5.9593479e+09 | I3: 0 | J3: =I3/H3*100 -> 0 | K3: 3.448 | L3: 3.401385 | M3: -4.66 | O3: 0 | P3: =O3/H3*100 -> 0
A4: 42491 | B4: 3.5 | C4: 3.4626302 | D4: 9.0492554 | E4: 0.55641453 | F4: 16.02518 | G4: ='From Calculation'!G4*100 -> 1.9995657 | H4: 6.6245942e+10 | I4: 1.191936e+09 | J4: =I4/H4*100 -> 1.7992588 | K4: 3.448 | L4: 3.5448655 | M4: 9.68 | O4: 0 | P4: =O4/H4*100 -> 0
A5: 42491 | B5: 3.625 | C5: 3.5598258 | D5: 10.671392 | E5: 0.74036689 | F5: 20.204684 | G5: ='From Calculation'!G5*100 -> 12.112433 | H5: 2.4136792e+11 | I5: 3.491099e+09 | J5: =I5/H5*100 -> 1.4463807 | K5: 3.448 | L5: 3.6737985 | M5: 22.57 | O5: 0 | P5: =O5/H5*100 -> 0
A6: 42491 | B6: 3.75 | C6: 3.6842254 | D6: 10.81248 | E6: 2.182317 | F6: 25.440873 | G6: ='From Calculation'!G6*100 -> 21.942486 | H6: 1.5511438e+11 | I6: 1.7972168e+09 | J6: =I6/H6*100 -> 1.1586397 | K6: 3.448 | L6: 3.7726994 | M6: 32.46 | O6: 0 | P6: =O6/H6*100 -> 0
A7: 42491 | B7: 3.875 | C7: 3.8055259 | D7: 12.406599 | E7: 6.520449 | F7: 37.452751 | G7: ='From Calculation'!G7*100 -> 28.325552 | H7: 1.4367464e+11 | I7: 2.6971828e+09 | J7: =I7/H7*100 -> 1.8772853 | K7: 3.448 | L7: 3.8402296 | M7: 39.22 | O7: 1.980368e+10 | P7: =O7/H7*100 -> 13.7837
A8: 42491 | B8: 4 | C8: 3.948371 | D8: 12.872664 | E8: 2.7943343 | F8: 35.196358 | G8: ='From Calculation'!G8*100 -> 47.366338 | H8: 2.7300922e+11 | I8: 1.1369594e+11 | J8: =I8/H8*100 -> 41.645459 | K8: 3.448 | L8: 4.0127924 | M8: 56.47 | O8: 2.7300922e+11 | P8: =O8/H8*100 -> 100
A9: 42491 | B9: 4.125 | C9: 4.0626611 | D9: 15.064045 | E9: 6.9025748 | F9: 51.242664 | G9: ='From Calculation'!G9*100 -> 52.866919 | H9: 2.7487375e+11 | I9: 1.7280874e+11 | J9: =I9/H9*100 -> 62.868403 | K9: 3.448 | L9: 4.078508 | M9: 63.05 | O9: 2.7487375e+11 | P9: =O9/H9*100 -> 100
A10: 42491 | B10: 4.25 | C10: 4.1824249 | D10: 18.018724 | E10: 10.550923 | F10: 60.01109 | G10: ='From Calculation'!G10*100 -> 61.957519 | H10: 3.0113208e+11 | I10: 2.6556381e+11 | J10: =I10/H10*100 -> 88.188483 | K10: 3.448 | L10: 4.1746503 | M10: 72.66 | O10: 3.0113208e+11 | P10: =O10/H10*100 -> 100
A11: 42491 | B11: 4.375 | C11: 4.3054288 | D11: 16.456497 | E11: 6.3236825 | F11: 57.457102 | G11: ='From Calculation'!G11*100 -> 77.561417 | H11: 1.2319167e+11 | I11: 114097771561 | J11: =I11/H11*100 -> 92.618087 | K11: 3.448 | L11: 4.3326854 | M11: 88.46 | O11: 1.2319167e+11 | P11: =O11/H11*100 -> 100
A12: 42491 | B12: 4.5 | C12: 4.4372815 | D12: 14.363319 | E12: 4.5498939 | F12: 52.389494 | G12: ='From Calculation'!G12*100 -> 91.694206 | H12: 2.1255654e+11 | I12: 2.0463586e+11 | J12: =I12/H12*100 -> 96.273614 | K12: 3.448 | L12: 4.4671605 | M12: 101.91 | O12: 2.1255654e+11 | P12: =O12/H12*100 -> 100
A13: 42491 | B13: 4.625 | C13: 4.5589478 | D13: 17.990905 | E13: 7.1858781 | F13: 73.540428 | G13: ='From Calculation'!G13*100 -> 99.564698 | H13: 2.2591656e+11 | I13: 2.1876291e+11 | J13: =I13/H13*100 -> 96.833497 | K13: 3.448 | L13: 4.5491992 | M13: 110.11 | O13: 2.2591656e+11 | P13: =O13/H13*100 -> 100
... A39: 42491 | B39: 7.875 | C39: 8.2231336 | D39: 23.308499 | E39: 0 | F39: 24.075786 | G39: ='From Calculation'!G39*100 -> 490.85291 | H39: 5.4019536e+09 | I39: 5.4019536e+09 | J39: =I39/H39*100 -> 100 | K39: 3.448 | L39: 8.0478955 | M39: 459.98 | O39: 5.4019536e+09 | P39: =O39/H39*100 -> 100

Sheet Sheet4
A1: asof | C1: wac_ | D1: origPMI | E1: currentPMI | F1: currentLLPA | G1: incentive_PL | H1: balance | I1: me_balance | J1: MtgRate | K1: wacWithCost | L1: incentive_bucket | N1: media_balance
A2: 42491 | B2: 3.25 | C2: 3.4817328 | D2: 9.4058716 | E2: 25.486647 | F2: 102.95761 | G2: -0.42396896 | H2: 1.441818e+10 | I2: 0 | J2: 3.448 | K2: 2.8317982 | L2: -61.62 | N2: 0
A3: 42491 | B3: 3.375 | C3: 3.5548272 | D3: 6.1109212 | E3: 7.9402547 | F3: 88.645372 | G3: -0.17257958 | H3: 1.0820412e+10 | I3: 0 | J3: 3.448 | K3: 3.1350932 | L3: -31.29 | N3: 0
A4: 42491 | B4: 3.5 | C4: 3.5568026 | D4: 5.5475887 | E4: 2.8053266 | F4: 50.788108 | G4: -0.030245057 | H4: 4.6958852e+10 | I4: 0 | J4: 3.448 | K4: 3.4004524 | L4: -4.75 | N4: 0
A5: 42491 | B5: 3.625 | C5: 3.5700371 | D5: 7.9339192 | E5: 1.3050582 | F5: 26.914372 | G5: 0.081539828 | H5: 2.0716488e+11 | I5: 0 | J5: 3.448 | K5: 3.6240027 | L5: 17.6 | N5: 0
A6: 42491 | B6: 3.75 | C6: 3.7020627 | D6: 10.688949 | E6: 4.24292 | F6: 32.82883 | G6: 0.19695093 | H6: 2.4375142e+11 | I6: 0 | J6: 3.448 | K6: 3.7323882 | L6: 28.43 | N6: 0
A7: 42491 | B7: 3.875 | C7: 3.8629779 | D7: 12.689952 | E7: 5.2356791 | F7: 51.777487 | G7: 0.32057696 | H7: 1.6869015e+11 | I7: 0 | J7: 3.448 | K7: 3.820099 | L7: 37.2 | N7: 0
A8: 42491 | B8: 4 | C8: 4.0285573 | D8: 13.657074 | E8: 7.0854345 | F8: 59.012794 | G8: 0.45924175 | H8: 2.7981876e+11 | I8: 3.0923647e+10 | J8: 3.448 | K8: 3.9181844 | L8: 47.01 | N8: 2.1307507e+11
A9: 42491 | B9: 4.125 | C9: 4.1120695 | D9: 14.998922 | E9: 7.4731218 | F9: 52.002292 | G9: 0.56982175 | H9: 3.8405539e+11 | I9: 3.8405539e+11 | J9: 3.448 | K9: 4.0702523 | L9: 62.22 | N9: 3.8405539e+11
A10: 42491 | B10: 4.25 | C10: 4.2592125 | D10: 18.54315 | E10: 8.3469638 | F10: 69.573133 | G10: 0.69974151 | H10: 2.0768568e+11 | I10: 2.0768568e+11 | J10: 3.448 | K10: 4.178029 | L10: 73 | N10: 2.0768568e+11
A11: 42491 | B11: 4.375 | C11: 4.3849803 | D11: 18.952468 | E11: 8.078457 | F11: 74.16954 | G11: 0.82079659 | H11: 1.5541225e+11 | I11: 1.5541225e+11 | J11: 3.448 | K11: 4.2983163 | L11: 85.03 | N11: 1.5541225e+11
A12: 42491 | B12: 4.5 | C12: 4.4817755 | D12: 14.231764 | E12: 4.2841102 | F12: 55.426272 | G12: 0.95518638 | H12: 1.8981848e+11 | I12: 1.8981848e+11 | J12: 3.448 | K12: 4.4609109 | L12: 101.29 | N12: 1.8981848e+11
A13: 42491 | B13: 4.625 | C13: 4.5642373 | D13: 16.945368 | E13: 4.0102844 | F13: 53.194024 | G13: 1.0731031 | H13: 1.9440933e+11 | I13: 1.9440933e+11 | J13: 3.448 | K13: 4.6213658 | L13: 117.33 | N13: 1.9440933e+11
... A39: 42491 | B39: 7.875 | C39: 7.9209747 | D39: 38.654218 | E39: 0 | F39: 23.243639 | G39: 4.7619078 | H39: 8.4937076e+09 | I39: 8.4937076e+09 | J39: 3.448 | K39: 8.2034331 | L39: 475.54 | N39: 8.4937076e+09
H41: =SUM(H2:H39) -> 2.8388412e+12 | I41: =SUM(I2:I39) -> 1.8981422e+12 | N41: =SUM(N2:N39) -> 2.0802937e+12
H43: ME PL | I43: =I41/H41*100 -> 66.863276 | M43: ME repline | N43: =N41/H41*100 -> 73.279676
H44: Match DB | I44: =I43-'db check'!I18 -> -7.0314658e-06 | M44: Error | N44: =N43-'db check'!I18 -> 6.4163933
