Workbook

Sheet Raw Data
A1: id | B1: marketTicker | C1: OrigYear | D1: coupon | E1: ficoBucket | F1: cltvBucket | G1: total_balance | H1: fha_refi_incentive_old | I1: fha_refi_incentive_new | J1: fha_refi_incentive_delta | K1: refi_incentive_old | L1: refi_incentive_new | M1: refi_incentive_delta
A2: =B2&C2&D2&E2&F2 -> FGU620123.576085 | B2: FGU6 | C2: 2012 | D2: 3.5 | E2: 760 | F2: 85 | G2: 1397121 | H2: -90.6674 | I2: -65.6674 | J2: 25 | K2: -37.8908 | L2: -35.6175 | M2: 2.2733
A3: =B3&C3&D3&E3&F3 -> FGU62012472080 | B3: FGU6 | C3: 2012 | D3: 4 | E3: 720 | F3: 80 | G3: 18262792 | H3: -43.237833 | I3: -18.238253 | J3: 24.99958 | K3: 1.870247 | L3: 8.1382573 | M3: 6.2680103
A4: =B4&C4&D4&E4&F4 -> FGU62012472085 | B4: FGU6 | C4: 2012 | D4: 4 | E4: 720 | F4: 85 | G4: 2256668.9 | H4: -34.5928 | I4: -9.5928 | J4: 25 | K4: 6.628 | L4: 15.0043 | M4: 8.3763
A5: =B5&C5&D5&E5&F5 -> FGU62012474080 | B5: FGU6 | C5: 2012 | D5: 4 | E5: 740 | F5: 80 | G5: 1.7962993e+08 | H5: -49.636223 | I5: -24.63646 | J5: 24.999763 | K5: 0.37924918 | L5: 6.5202592 | M5: 6.14101
A6: =B6&C6&D6&E6&F6 -> FGU62012474085 | B6: FGU6 | C6: 2012 | D6: 4 | E6: 740 | F6: 85 | G6: 39989905 | H6: -43.531757 | I6: -18.531893 | J6: 24.999864 | K6: 3.6174777 | L6: 10.117683 | M6: 6.5002054
A7: =B7&C7&D7&E7&F7 -> FGU62012474090 | B7: FGU6 | C7: 2012 | D7: 4 | E7: 740 | F7: 90 | G7: 2476179.2 | H7: -43.6008 | I7: -18.602 | J7: 24.9988 | K7: -1.5552 | L7: 7.4879 | M7: 9.0431
A8: =B8&C8&D8&E8&F8 -> FGU62012476080 | B8: FGU6 | C8: 2012 | D8: 4 | E8: 760 | F8: 80 | G8: 2415954.2 | H8: -59.454147 | I8: -34.454147 | J8: 25 | K8: 3.9007161 | L8: 9.0984186 | M8: 5.1977025
A9: =B9&C9&D9&E9&F9 -> FGU62012476085 | B9: FGU6 | C9: 2012 | D9: 4 | E9: 760 | F9: 85 | G9: 1.038268e+08 | H9: -45.837701 | I9: -20.838259 | J9: 24.999442 | K9: 6.4728171 | L9: 12.312809 | M9: 5.8399917
A10: =B10&C10&D10&E10&F10 -> FGU62012476090 | B10: FGU6 | C10: 2012 | D10: 4 | E10: 760 | F10: 90 | G10: 607829.24 | H10: 10.3953 | I10: 35.3925 | J10: 24.9972 | K10: 60.6431 | L10: 60.6431 | M10: 0
A11: =B11&C11&D11&E11&F11 -> FGU62012478080 | B11: FGU6 | C11: 2012 | D11: 4 | E11: 780 | F11: 80 | G11: 35036123 | H11: -60.120022 | I11: -35.120024 | J11: 24.999999 | K11: 11.875315 | L11: 13.894599 | M11: 2.0192836
A12: =B12&C12&D12&E12&F12 -> FGU62012478085 | B12: FGU6 | C12: 2012 | D12: 4 | E12: 780 | F12: 85 | G12: 2323496.8 | H12: -53.2839 | I12: -28.2839 | J12: 25 | K12: 4.512 | L12: 8.1224 | M12: 3.6104
A13: =B13&C13&D13&E13&F13 -> FGU620124.568095 | B13: FGU6 | C13: 2012 | D13: 4.5 | E13: 680 | F13: 95 | G13: 483242.4 | H13: -15.27 | I13: 9.72 | J13: 24.99 | K13: -2.9386 | L13: 12.4423 | M13: 15.3809
... A45: =B45&C45&D45&E45&F45 -> FGU92012474095 | B45: FGU9 | C45: 2012 | D45: 4 | E45: 740 | F45: 95 | G45: 859258.68 | H45: -12.8453 | I45: 12.1495 | J45: 24.9948 | K45: 13.2018 | L45: 26.0012 | M45: 12.7994
A46: =B46&C46&D46&E46&F46 -> FGU920124760100+ | B46: FGU9 | C46: 2012 | D46: 4 | E46: 760 | F46: 100+ | G46: 6155194.6 | H46: -44.72 | I46: -19.7218 | J46: 24.9982 | K46: -18.0487 | L46: -3.1945 | M46: 14.8542
A47: =B47&C47&D47&E47&F47 -> FGU92012476095 | B47: FGU9 | C47: 2012 | D47: 4 | E47: 760 | F47: 95 | G47: 7712001.2 | H47: -50.820372 | I47: -25.820711 | J47: 24.999661 | K47: -13.04282 | L47: -5.2434125 | M47: 7.7994078
A48: =B48&C48&D48&E48&F48 -> FGU920124780100+ | B48: FGU9 | C48: 2012 | D48: 4 | E48: 780 | F48: 100+ | G48: 2408820.9 | H48: -52.448864 | I48: -27.448864 | J48: 25 | K48: -28.789341 | L48: -12.986359 | M48: 15.802982
A49: =B49&C49&D49&E49&F49 -> FGU92012478095 | B49: FGU9 | C49: 2012 | D49: 4 | E49: 780 | F49: 95 | G49: 49332423 | H49: -63.776729 | I49: -38.776768 | J49: 24.999961 | K49: -27.050356 | L49: -17.492736 | M49: 9.5576201
A50: =B50&C50&D50&E50&F50 -> FGU920124.570095 | B50: FGU9 | C50: 2012 | D50: 4.5 | E50: 700 | F50: 95 | G50: 2286334.8 | H50: 21.0186 | I50: 46.0181 | J50: 24.9995 | K50: 37.4653 | L50: 55.5556 | M50: 18.0903
A51: =B51&C51&D51&E51&F51 -> FGU920124.5720100 | B51: FGU9 | C51: 2012 | D51: 4.5 | E51: 720 | F51: 100 | G51: 15595419 | H51: 9.4287266 | I51: 34.423707 | J51: 24.994981 | K51: 22.897873 | L51: 41.58506 | M51: 18.687186
A52: =B52&C52&D52&E52&F52 -> FGU920124.5720100+ | B52: FGU9 | C52: 2012 | D52: 4.5 | E52: 720 | F52: 100+ | G52: 8145104.9 | H52: -3.8733 | I52: 21.1241 | J52: 24.9974 | K52: 12.1027 | L52: 30.2417 | M52: 18.139
A53: =B53&C53&D53&E53&F53 -> FGU920124.5740100 | B53: FGU9 | C53: 2012 | D53: 4.5 | E53: 740 | F53: 100 | G53: 2807505.5 | H53: 20.382 | I53: 45.3789 | J53: 24.9969 | K53: 27.9019 | L53: 49.2505 | M53: 21.3486
A54: =B54&C54&D54&E54&F54 -> FGU920124.5740100+ | B54: FGU9 | C54: 2012 | D54: 4.5 | E54: 740 | F54: 100+ | G54: 88943742 | H54: -2.080405 | I54: 22.915629 | J54: 24.996034 | K54: 10.451983 | L54: 29.022976 | M54: 18.570993
A55: =B55&C55&D55&E55&F55 -> FGU920124.574095 | B55: FGU9 | C55: 2012 | D55: 4.5 | E55: 740 | F55: 95 | G55: 9690401.5 | H55: -1.8287 | I55: 23.1645 | J55: 24.9932 | K55: 24.6983 | L55: 38.0833 | M55: 13.385
A56: =B56&C56&D56&E56&F56 -> FGU920124.5760100+ | B56: FGU9 | C56: 2012 | D56: 4.5 | E56: 760 | F56: 100+ | G56: 47050528 | H56: 15.819866 | I56: 40.815215 | J56: 24.995349 | K56: 31.276532 | L56: 48.658414 | M56: 17.381882
A57: =B57&C57&D57&E57&F57 -> FGU920124.576097 | B57: FGU9 | C57: 2012 | D57: 4.5 | E57: 760 | F57: 97 | G57: 1.339748e+08 | H57: -4.064 | I57: 20.9277 | J57: 24.9917 | K57: 24.7962 | L57: 37.6154 | M57: 12.8192
A58: =B58&C58&D58&E58&F58 -> FGU920124.5780100+ | B58: FGU9 | C58: 2012 | D58: 4.5 | E58: 780 | F58: 100+ | G58: 5537165.9 | H58: 23.874875 | I58: 48.871697 | J58: 24.996822 | K58: 40.063767 | L58: 58.024694 | M58: 17.960927
A59: =B59&C59&D59&E59&F59 -> FGU920133.5700100+ | B59: FGU9 | C59: 2013 | D59: 3.5 | E59: 700 | F59: 100+ | G59: 1063274.6 | H59: -53.6141 | I59: -28.6158 | J59: 24.9983 | K59: -53.6141 | L59: -28.6158 | M59: 24.9983
A60: =B60&C60&D60&E60&F60 -> FGU920133.576097 | B60: FGU9 | C60: 2013 | D60: 3.5 | E60: 760 | F60: 97 | G60: 3603174.9 | H60: -104.8085 | I60: -79.8089 | J60: 24.9996 | K60: -87.9547 | L60: -70.617 | M60: 17.3377
A61: =B61&C61&D61&E61&F61 -> FGU920133.5780100+ | B61: FGU9 | C61: 2013 | D61: 3.5 | E61: 780 | F61: 100+ | G61: 946242.49 | H61: -112.8281 | I61: -87.8281 | J61: 25 | K61: -99.8108 | L61: -81.6866 | M61: 18.1242
A62: =B62&C62&D62&E62&F62 -> FGU920134680100+ | B62: FGU9 | C62: 2013 | D62: 4 | E62: 680 | F62: 100+ | G62: 2069224.2 | H62: -30.06736 | I62: -5.0677176 | J62: 24.999642 | K62: -29.098492 | L62: -5.03661 | M62: 24.061882
A63: =B63&C63&D63&E63&F63 -> FGU920134720100 | B63: FGU9 | C63: 2013 | D63: 4 | E63: 720 | F63: 100 | G63: 9861007.8 | H63: -55.9709 | I63: -30.9717 | J63: 24.9992 | K63: -39.4976 | L63: -23.2985 | M63: 16.1991
A64: =B64&C64&D64&E64&F64 -> FGU920134740100 | B64: FGU9 | C64: 2013 | D64: 4 | E64: 740 | F64: 100 | G64: 8997663.9 | H64: -43.4035 | I64: -18.4042 | J64: 24.9993 | K64: -25.3368 | L64: -8.9674 | M64: 16.3694
A65: =B65&C65&D65&E65&F65 -> FGU920134740100+ | B65: FGU9 | C65: 2013 | D65: 4 | E65: 740 | F65: 100+ | G65: 2.3476241e+08 | H65: -46.894666 | I65: -21.895215 | J65: 24.999451 | K65: -38.790573 | L65: -18.152673 | M65: 20.6379
A66: =B66&C66&D66&E66&F66 -> FGU920134760100 | B66: FGU9 | C66: 2013 | D66: 4 | E66: 760 | F66: 100 | G66: 4622251 | H66: -40.3218 | I66: -15.3228 | J66: 24.999 | K66: -24.8148 | L66: -7.9322 | M66: 16.8826
A67: =B67&C67&D67&E67&F67 -> FGU920134760100+ | B67: FGU9 | C67: 2013 | D67: 4 | E67: 760 | F67: 100+ | G67: 8943822.4 | H67: -48.1907 | I67: -23.1918 | J67: 24.9989 | K67: -43.1336 | L67: -21.0274 | M67: 22.1062
A68: =B68&C68&D68&E68&F68 -> FGU920134780100+ | B68: FGU9 | C68: 2013 | D68: 4 | E68: 780 | F68: 100+ | G68: 459973.58 | H68: -12.4141 | I68: 12.5858 | J68: 24.9999 | K68: 2.9226 | L68: 21.3493 | M68: 18.4267
A69: =B69&C69&D69&E69&F69 -> FGU920134.5700100+ | B69: FGU9 | C69: 2013 | D69: 4.5 | E69: 700 | F69: 100+ | G69: 16154593 | H69: -5.5854015 | I69: 19.408297 | J69: 24.993698 | K69: -5.4860353 | L69: 19.408297 | M69: 24.894332
A70: =B70&C70&D70&E70&F70 -> FGU920134.5720100+ | B70: FGU9 | C70: 2013 | D70: 4.5 | E70: 720 | F70: 100+ | G70: 4053124.6 | H70: 5.1044998 | I70: 30.098991 | J70: 24.994492 | K70: 6.3890202 | L70: 30.288732 | M70: 23.899712
A71: =B71&C71&D71&E71&F71 -> FGU920134.5740100+ | B71: FGU9 | C71: 2013 | D71: 4.5 | E71: 740 | F71: 100+ | G71: 38290048 | H71: 11.095493 | I71: 36.092019 | J71: 24.996526 | K71: 14.902225 | L71: 37.71853 | M71: 22.816305
A72: =B72&C72&D72&E72&F72 -> FGU920134.574097 | B72: FGU9 | C72: 2013 | D72: 4.5 | E72: 740 | F72: 97 | G72: 1775850.8 | H72: 11.5892 | I72: 36.5871 | J72: 24.9979 | K72: 23.5559 | L72: 42.5961 | M72: 19.0402
A73: =B73&C73&D73&E73&F73 -> FGU920134.5780100+ | B73: FGU9 | C73: 2013 | D73: 4.5 | E73: 780 | F73: 100+ | G73: 2909842.9 | H73: 6.6021525 | I73: 31.60144 | J73: 24.999288 | K73: 13.186164 | L73: 33.866284 | M73: 20.680121
A74: =B74&C74&D74&E74&F74 -> FGU920144.5700100+ | B74: FGU9 | C74: 2014 | D74: 4.5 | E74: 700 | F74: 100+ | G74: 1070970.9 | H74: -14.6998 | I74: 10.2949 | J74: 24.9947 | K74: -14.6998 | L74: 10.2949 | M74: 24.9947

Sheet Complete Data
A1: marketTicker | B1: OrigYear | C1: coupon | D1: ficoBucket | E1: cltvBucket | F1: id | G1: total_balance | H1: fha_refi_incentive_old | I1: fha_refi_incentive_new | J1: fha_refi_incentive_delta | K1: refi_incentive_old | L1: refi_incentive_new | M1: refi_incentive_delta
A2: FGU6 | B2: 2012 | C2: 3.5 | D2: 620 | E2: 80 | F2: =A2&B2&C2&D2&E2 -> FGU620123.562080 | G2: =IF(ISNA(VLOOKUP($F2,'Raw Data'!$A:$M,7,0)),"",VLOOKUP($F2,'Raw Data'!$A:$M,7,0)) | H2: =IF(ISNA(VLOOKUP($F2,'Raw Data'!$A:$M,8,0)),"",VLOOKUP($F2,'Raw Data'!$A:$M,8,0)) | I2: =IF(ISNA(VLOOKUP($F2,'Raw Data'!$A:$M,9,0)),"",VLOOKUP($F2,'Raw Data'!$A:$M,9,0)) | J2: =IF(ISNA(VLOOKUP($F2,'Raw Data'!$A:$M,10,0)),"",VLOOKUP($F2,'Raw Data'!$A:$M,10,0)) | K2: =IF(ISNA(VLOOKUP($F2,'Raw Data'!$A:$M,11,0)),"",VLOOKUP($F2,'Raw Data'!$A:$M,11,0)) | L2: =IF(ISNA(VLOOKUP($F2,'Raw Data'!$A:$M,12,0)),"",VLOOKUP($F2,'Raw Data'!$A:$M,12,0)) | M2: =IF(ISNA(VLOOKUP($F2,'Raw Data'!$A:$M,13,0)),"",VLOOKUP($F2,'Raw Data'!$A:$M,13,0))
A3: FGU6 | B3: 2012 | C3: 3.5 | D3: 640 | E3: 80 | F3: =A3&B3&C3&D3&E3 -> FGU620123.564080 | G3: =IF(ISNA(VLOOKUP($F3,'Raw Data'!$A:$M,7,0)),"",VLOOKUP($F3,'Raw Data'!$A:$M,7,0)) | H3: =IF(ISNA(VLOOKUP($F3,'Raw Data'!$A:$M,8,0)),"",VLOOKUP($F3,'Raw Data'!$A:$M,8,0)) | I3: =IF(ISNA(VLOOKUP($F3,'Raw Data'!$A:$M,9,0)),"",VLOOKUP($F3,'Raw Data'!$A:$M,9,0)) | J3: =IF(ISNA(VLOOKUP($F3,'Raw Data'!$A:$M,10,0)),"",VLOOKUP($F3,'Raw Data'!$A:$M,10,0)) | K3: =IF(ISNA(VLOOKUP($F3,'Raw Data'!$A:$M,11,0)),"",VLOOKUP($F3,'Raw Data'!$A:$M,11,0)) | L3: =IF(ISNA(VLOOKUP($F3,'Raw Data'!$A:$M,12,0)),"",VLOOKUP($F3,'Raw Data'!$A:$M,12,0)) | M3: =IF(ISNA(VLOOKUP($F3,'Raw Data'!$A:$M,13,0)),"",VLOOKUP($F3,'Raw Data'!$A:$M,13,0))
A4: FGU6 | B4: 2012 | C4: 3.5 | D4: 660 | E4: 80 | F4: =A4&B4&C4&D4&E4 -> FGU620123.566080 | G4: =IF(ISNA(VLOOKUP($F4,'Raw Data'!$A:$M,7,0)),"",VLOOKUP($F4,'Raw Data'!$A:$M,7,0)) | H4: =IF(ISNA(VLOOKUP($F4,'Raw Data'!$A:$M,8,0)),"",VLOOKUP($F4,'Raw Data'!$A:$M,8,0)) | I4: =IF(ISNA(VLOOKUP($F4,'Raw Data'!$A:$M,9,0)),"",VLOOKUP($F4,'Raw Data'!$A:$M,9,0)) | J4: =IF(ISNA(VLOOKUP($F4,'Raw Data'!$A:$M,10,0)),"",VLOOKUP($F4,'Raw Data'!$A:$M,10,0)) | K4: =IF(ISNA(VLOOKUP($F4,'Raw Data'!$A:$M,11,0)),"",VLOOKUP($F4,'Raw Data'!$A:$M,11,0)) | L4: =IF(ISNA(VLOOKUP($F4,'Raw Data'!$A:$M,12,0)),"",VLOOKUP($F4,'Raw Data'!$A:$M,12,0)) | M4: =IF(ISNA(VLOOKUP($F4,'Raw Data'!$A:$M,13,0)),"",VLOOKUP($F4,'Raw Data'!$A:$M,13,0))
A5: FGU6 | B5: 2012 | C5: 3.5 | D5: 680 | E5: 80 | F5: =A5&B5&C5&D5&E5 -> FGU620123.568080 | G5: =IF(ISNA(VLOOKUP($F5,'Raw Data'!$A:$M,7,0)),"",VLOOKUP($F5,'Raw Data'!$A:$M,7,0)) | H5: =IF(ISNA(VLOOKUP($F5,'Raw Data'!$A:$M,8,0)),"",VLOOKUP($F5,'Raw Data'!$A:$M,8,0)) | I5: =IF(ISNA(VLOOKUP($F5,'Raw Data'!$A:$M,9,0)),"",VLOOKUP($F5,'Raw Data'!$A:$M,9,0)) | J5: =IF(ISNA(VLOOKUP($F5,'Raw Data'!$A:$M,10,0)),"",VLOOKUP($F5,'Raw Data'!$A:$M,10,0)) | K5: =IF(ISNA(VLOOKUP($F5,'Raw Data'!$A:$M,11,0)),"",VLOOKUP($F5,'Raw Data'!$A:$M,11,0)) | L5: =IF(ISNA(VLOOKUP($F5,'Raw Data'!$A:$M,12,0)),"",VLOOKUP($F5,'Raw Data'!$A:$M,12,0)) | M5: =IF(ISNA(VLOOKUP($F5,'Raw Data'!$A:$M,13,0)),"",VLOOKUP($F5,'Raw Data'!$A:$M,13,0))
A6: FGU6 | B6: 2012 | C6: 3.5 | D6: 700 | E6: 80 | F6: =A6&B6&C6&D6&E6 -> FGU620123.570080 | G6: =IF(ISNA(VLOOKUP($F6,'Raw Data'!$A:$M,7,0)),"",VLOOKUP($F6,'Raw Data'!$A:$M,7,0)) | H6: =IF(ISNA(VLOOKUP($F6,'Raw Data'!$A:$M,8,0)),"",VLOOKUP($F6,'Raw Data'!$A:$M,8,0)) | I6: =IF(ISNA(VLOOKUP($F6,'Raw Data'!$A:$M,9,0)),"",VLOOKUP($F6,'Raw Data'!$A:$M,9,0)) | J6: =IF(ISNA(VLOOKUP($F6,'Raw Data'!$A:$M,10,0)),"",VLOOKUP($F6,'Raw Data'!$A:$M,10,0)) | K6: =IF(ISNA(VLOOKUP($F6,'Raw Data'!$A:$M,11,0)),"",VLOOKUP($F6,'Raw Data'!$A:$M,11,0)) | L6: =IF(ISNA(VLOOKUP($F6,'Raw Data'!$A:$M,12,0)),"",VLOOKUP($F6,'Raw Data'!$A:$M,12,0)) | M6: =IF(ISNA(VLOOKUP($F6,'Raw Data'!$A:$M,13,0)),"",VLOOKUP($F6,'Raw Data'!$A:$M,13,0))
A7: FGU6 | B7: 2012 | C7: 3.5 | D7: 720 | E7: 80 | F7: =A7&B7&C7&D7&E7 -> FGU620123.572080 | G7: =IF(ISNA(VLOOKUP($F7,'Raw Data'!$A:$M,7,0)),"",VLOOKUP($F7,'Raw Data'!$A:$M,7,0)) | H7: =IF(ISNA(VLOOKUP($F7,'Raw Data'!$A:$M,8,0)),"",VLOOKUP($F7,'Raw Data'!$A:$M,8,0)) | I7: =IF(ISNA(VLOOKUP($F7,'Raw Data'!$A:$M,9,0)),"",VLOOKUP($F7,'Raw Data'!$A:$M,9,0)) | J7: =IF(ISNA(VLOOKUP($F7,'Raw Data'!$A:$M,10,0)),"",VLOOKUP($F7,'Raw Data'!$A:$M,10,0)) | K7: =IF(ISNA(VLOOKUP($F7,'Raw Data'!$A:$M,11,0)),"",VLOOKUP($F7,'Raw Data'!$A:$M,11,0)) | L7: =IF(ISNA(VLOOKUP($F7,'Raw Data'!$A:$M,12,0)),"",VLOOKUP($F7,'Raw Data'!$A:$M,12,0)) | M7: =IF(ISNA(VLOOKUP($F7,'Raw Data'!$A:$M,13,0)),"",VLOOKUP($F7,'Raw Data'!$A:$M,13,0))
A8: FGU6 | B8: 2012 | C8: 3.5 | D8: 740 | E8: 80 | F8: =A8&B8&C8&D8&E8 -> FGU620123.574080 | G8: =IF(ISNA(VLOOKUP($F8,'Raw Data'!$A:$M,7,0)),"",VLOOKUP($F8,'Raw Data'!$A:$M,7,0)) | H8: =IF(ISNA(VLOOKUP($F8,'Raw Data'!$A:$M,8,0)),"",VLOOKUP($F8,'Raw Data'!$A:$M,8,0)) | I8: =IF(ISNA(VLOOKUP($F8,'Raw Data'!$A:$M,9,0)),"",VLOOKUP($F8,'Raw Data'!$A:$M,9,0)) | J8: =IF(ISNA(VLOOKUP($F8,'Raw Data'!$A:$M,10,0)),"",VLOOKUP($F8,'Raw Data'!$A:$M,10,0)) | K8: =IF(ISNA(VLOOKUP($F8,'Raw Data'!$A:$M,11,0)),"",VLOOKUP($F8,'Raw Data'!$A:$M,11,0)) | L8: =IF(ISNA(VLOOKUP($F8,'Raw Data'!$A:$M,12,0)),"",VLOOKUP($F8,'Raw Data'!$A:$M,12,0)) | M8: =IF(ISNA(VLOOKUP($F8,'Raw Data'!$A:$M,13,0)),"",VLOOKUP($F8,'Raw Data'!$A:$M,13,0))
A9: FGU6 | B9: 2012 | C9: 3.5 | D9: 760 | E9: 80 | F9: =A9&B9&C9&D9&E9 -> FGU620123.576080 | G9: =IF(ISNA(VLOOKUP($F9,'Raw Data'!$A:$M,7,0)),"",VLOOKUP($F9,'Raw Data'!$A:$M,7,0)) | H9: =IF(ISNA(VLOOKUP($F9,'Raw Data'!$A:$M,8,0)),"",VLOOKUP($F9,'Raw Data'!$A:$M,8,0)) | I9: =IF(ISNA(VLOOKUP($F9,'Raw Data'!$A:$M,9,0)),"",VLOOKUP($F9,'Raw Data'!$A:$M,9,0)) | J9: =IF(ISNA(VLOOKUP($F9,'Raw Data'!$A:$M,10,0)),"",VLOOKUP($F9,'Raw Data'!$A:$M,10,0)) | K9: =IF(ISNA(VLOOKUP($F9,'Raw Data'!$A:$M,11,0)),"",VLOOKUP($F9,'Raw Data'!$A:$M,11,0)) | L9: =IF(ISNA(VLOOKUP($F9,'Raw Data'!$A:$M,12,0)),"",VLOOKUP($F9,'Raw Data'!$A:$M,12,0)) | M9: =IF(ISNA(VLOOKUP($F9,'Raw Data'!$A:$M,13,0)),"",VLOOKUP($F9,'Raw Data'!$A:$M,13,0))
A10: FGU6 | B10: 2012 | C10: 3.5 | D10: 780 | E10: 80 | F10: =A10&B10&C10&D10&E10 -> FGU620123.578080 | G10: =IF(ISNA(VLOOKUP($F10,'Raw Data'!$A:$M,7,0)),"",VLOOKUP($F10,'Raw Data'!$A:$M,7,0)) | H10: =IF(ISNA(VLOOKUP($F10,'Raw Data'!$A:$M,8,0)),"",VLOOKUP($F10,'Raw Data'!$A:$M,8,0)) | I10: =IF(ISNA(VLOOKUP($F10,'Raw Data'!$A:$M,9,0)),"",VLOOKUP($F10,'Raw Data'!$A:$M,9,0)) | J10: =IF(ISNA(VLOOKUP($F10,'Raw Data'!$A:$M,10,0)),"",VLOOKUP($F10,'Raw Data'!$A:$M,10,0)) | K10: =IF(ISNA(VLOOKUP($F10,'Raw Data'!$A:$M,11,0)),"",VLOOKUP($F10,'Raw Data'!$A:$M,11,0)) | L10: =IF(ISNA(VLOOKUP($F10,'Raw Data'!$A:$M,12,0)),"",VLOOKUP($F10,'Raw Data'!$A:$M,12,0)) | M10: =IF(ISNA(VLOOKUP($F10,'Raw Data'!$A:$M,13,0)),"",VLOOKUP($F10,'Raw Data'!$A:$M,13,0))
A11: FGU6 | B11: 2012 | C11: 3.5 | D11: 620 | E11: 85 | F11: =A11&B11&C11&D11&E11 -> FGU620123.562085 | G11: =IF(ISNA(VLOOKUP($F11,'Raw Data'!$A:$M,7,0)),"",VLOOKUP($F11,'Raw Data'!$A:$M,7,0)) | H11: =IF(ISNA(VLOOKUP($F11,'Raw Data'!$A:$M,8,0)),"",VLOOKUP($F11,'Raw Data'!$A:$M,8,0)) | I11: =IF(ISNA(VLOOKUP($F11,'Raw Data'!$A:$M,9,0)),"",VLOOKUP($F11,'Raw Data'!$A:$M,9,0)) | J11: =IF(ISNA(VLOOKUP($F11,'Raw Data'!$A:$M,10,0)),"",VLOOKUP($F11,'Raw Data'!$A:$M,10,0)) | K11: =IF(ISNA(VLOOKUP($F11,'Raw Data'!$A:$M,11,0)),"",VLOOKUP($F11,'Raw Data'!$A:$M,11,0)) | L11: =IF(ISNA(VLOOKUP($F11,'Raw Data'!$A:$M,12,0)),"",VLOOKUP($F11,'Raw Data'!$A:$M,12,0)) | M11: =IF(ISNA(VLOOKUP($F11,'Raw Data'!$A:$M,13,0)),"",VLOOKUP($F11,'Raw Data'!$A:$M,13,0))
A12: FGU6 | B12: 2012 | C12: 3.5 | D12: 640 | E12: 85 | F12: =A12&B12&C12&D12&E12 -> FGU620123.564085 | G12: =IF(ISNA(VLOOKUP($F12,'Raw Data'!$A:$M,7,0)),"",VLOOKUP($F12,'Raw Data'!$A:$M,7,0)) | H12: =IF(ISNA(VLOOKUP($F12,'Raw Data'!$A:$M,8,0)),"",VLOOKUP($F12,'Raw Data'!$A:$M,8,0)) | I12: =IF(ISNA(VLOOKUP($F12,'Raw Data'!$A:$M,9,0)),"",VLOOKUP($F12,'Raw Data'!$A:$M,9,0)) | J12: =IF(ISNA(VLOOKUP($F12,'Raw Data'!$A:$M,10,0)),"",VLOOKUP($F12,'Raw Data'!$A:$M,10,0)) | K12: =IF(ISNA(VLOOKUP($F12,'Raw Data'!$A:$M,11,0)),"",VLOOKUP($F12,'Raw Data'!$A:$M,11,0)) | L12: =IF(ISNA(VLOOKUP($F12,'Raw Data'!$A:$M,12,0)),"",VLOOKUP($F12,'Raw Data'!$A:$M,12,0)) | M12: =IF(ISNA(VLOOKUP($F12,'Raw Data'!$A:$M,13,0)),"",VLOOKUP($F12,'Raw Data'!$A:$M,13,0))
A13: FGU6 | B13: 2012 | C13: 3.5 | D13: 660 | E13: 85 | F13: =A13&B13&C13&D13&E13 -> FGU620123.566085 | G13: =IF(ISNA(VLOOKUP($F13,'Raw Data'!$A:$M,7,0)),"",VLOOKUP($F13,'Raw Data'!$A:$M,7,0)) | H13: =IF(ISNA(VLOOKUP($F13,'Raw Data'!$A:$M,8,0)),"",VLOOKUP($F13,'Raw Data'!$A:$M,8,0)) | I13: =IF(ISNA(VLOOKUP($F13,'Raw Data'!$A:$M,9,0)),"",VLOOKUP($F13,'Raw Data'!$A:$M,9,0)) | J13: =IF(ISNA(VLOOKUP($F13,'Raw Data'!$A:$M,10,0)),"",VLOOKUP($F13,'Raw Data'!$A:$M,10,0)) | K13: =IF(ISNA(VLOOKUP($F13,'Raw Data'!$A:$M,11,0)),"",VLOOKUP($F13,'Raw Data'!$A:$M,11,0)) | L13: =IF(ISNA(VLOOKUP($F13,'Raw Data'!$A:$M,12,0)),"",VLOOKUP($F13,'Raw Data'!$A:$M,12,0)) | M13: =IF(ISNA(VLOOKUP($F13,'Raw Data'!$A:$M,13,0)),"",VLOOKUP($F13,'Raw Data'!$A:$M,13,0))
... A55: FGU6 | B55: 2012 | C55: 3.5 | D55: 780 | E55: 100 | F55: =A55&B55&C55&D55&E55 -> FGU620123.5780100 | G55: =IF(ISNA(VLOOKUP($F55,'Raw Data'!$A:$M,7,0)),"",VLOOKUP($F55,'Raw Data'!$A:$M,7,0)) | H55: =IF(ISNA(VLOOKUP($F55,'Raw Data'!$A:$M,8,0)),"",VLOOKUP($F55,'Raw Data'!$A:$M,8,0)) | I55: =IF(ISNA(VLOOKUP($F55,'Raw Data'!$A:$M,9,0)),"",VLOOKUP($F55,'Raw Data'!$A:$M,9,0)) | J55: =IF(ISNA(VLOOKUP($F55,'Raw Data'!$A:$M,10,0)),"",VLOOKUP($F55,'Raw Data'!$A:$M,10,0)) | K55: =IF(ISNA(VLOOKUP($F55,'Raw Data'!$A:$M,11,0)),"",VLOOKUP($F55,'Raw Data'!$A:$M,11,0)) | L55: =IF(ISNA(VLOOKUP($F55,'Raw Data'!$A:$M,12,0)),"",VLOOKUP($F55,'Raw Data'!$A:$M,12,0)) | M55: =IF(ISNA(VLOOKUP($F55,'Raw Data'!$A:$M,13,0)),"",VLOOKUP($F55,'Raw Data'!$A:$M,13,0))
A56: FGU6 | B56: 2012 | C56: 3.5 | D56: 620 | E56: 100+ | F56: =A56&B56&C56&D56&E56 -> FGU620123.5620100+ | G56: =IF(ISNA(VLOOKUP($F56,'Raw Data'!$A:$M,7,0)),"",VLOOKUP($F56,'Raw Data'!$A:$M,7,0)) | H56: =IF(ISNA(VLOOKUP($F56,'Raw Data'!$A:$M,8,0)),"",VLOOKUP($F56,'Raw Data'!$A:$M,8,0)) | I56: =IF(ISNA(VLOOKUP($F56,'Raw Data'!$A:$M,9,0)),"",VLOOKUP($F56,'Raw Data'!$A:$M,9,0)) | J56: =IF(ISNA(VLOOKUP($F56,'Raw Data'!$A:$M,10,0)),"",VLOOKUP($F56,'Raw Data'!$A:$M,10,0)) | K56: =IF(ISNA(VLOOKUP($F56,'Raw Data'!$A:$M,11,0)),"",VLOOKUP($F56,'Raw Data'!$A:$M,11,0)) | L56: =IF(ISNA(VLOOKUP($F56,'Raw Data'!$A:$M,12,0)),"",VLOOKUP($F56,'Raw Data'!$A:$M,12,0)) | M56: =IF(ISNA(VLOOKUP($F56,'Raw Data'!$A:$M,13,0)),"",VLOOKUP($F56,'Raw Data'!$A:$M,13,0))
A57: FGU6 | B57: 2012 | C57: 3.5 | D57: 640 | E57: 100+ | F57: =A57&B57&C57&D57&E57 -> FGU620123.5640100+ | G57: =IF(ISNA(VLOOKUP($F57,'Raw Data'!$A:$M,7,0)),"",VLOOKUP($F57,'Raw Data'!$A:$M,7,0)) | H57: =IF(ISNA(VLOOKUP($F57,'Raw Data'!$A:$M,8,0)),"",VLOOKUP($F57,'Raw Data'!$A:$M,8,0)) | I57: =IF(ISNA(VLOOKUP($F57,'Raw Data'!$A:$M,9,0)),"",VLOOKUP($F57,'Raw Data'!$A:$M,9,0)) | J57: =IF(ISNA(VLOOKUP($F57,'Raw Data'!$A:$M,10,0)),"",VLOOKUP($F57,'Raw Data'!$A:$M,10,0)) | K57: =IF(ISNA(VLOOKUP($F57,'Raw Data'!$A:$M,11,0)),"",VLOOKUP($F57,'Raw Data'!$A:$M,11,0)) | L57: =IF(ISNA(VLOOKUP($F57,'Raw Data'!$A:$M,12,0)),"",VLOOKUP($F57,'Raw Data'!$A:$M,12,0)) | M57: =IF(ISNA(VLOOKUP($F57,'Raw Data'!$A:$M,13,0)),"",VLOOKUP($F57,'Raw Data'!$A:$M,13,0))
A58: FGU6 | B58: 2012 | C58: 3.5 | D58: 660 | E58: 100+ | F58: =A58&B58&C58&D58&E58 -> FGU620123.5660100+ | G58: =IF(ISNA(VLOOKUP($F58,'Raw Data'!$A:$M,7,0)),"",VLOOKUP($F58,'Raw Data'!$A:$M,7,0)) | H58: =IF(ISNA(VLOOKUP($F58,'Raw Data'!$A:$M,8,0)),"",VLOOKUP($F58,'Raw Data'!$A:$M,8,0)) | I58: =IF(ISNA(VLOOKUP($F58,'Raw Data'!$A:$M,9,0)),"",VLOOKUP($F58,'Raw Data'!$A:$M,9,0)) | J58: =IF(ISNA(VLOOKUP($F58,'Raw Data'!$A:$M,10,0)),"",VLOOKUP($F58,'Raw Data'!$A:$M,10,0)) | K58: =IF(ISNA(VLOOKUP($F58,'Raw Data'!$A:$M,11,0)),"",VLOOKUP($F58,'Raw Data'!$A:$M,11,0)) | L58: =IF(ISNA(VLOOKUP($F58,'Raw Data'!$A:$M,12,0)),"",VLOOKUP($F58,'Raw Data'!$A:$M,12,0)) | M58: =IF(ISNA(VLOOKUP($F58,'Raw Data'!$A:$M,13,0)),"",VLOOKUP($F58,'Raw Data'!$A:$M,13,0))
A59: FGU6 | B59: 2012 | C59: 3.5 | D59: 680 | E59: 100+ | F59: =A59&B59&C59&D59&E59 -> FGU620123.5680100+ | G59: =IF(ISNA(VLOOKUP($F59,'Raw Data'!$A:$M,7,0)),"",VLOOKUP($F59,'Raw Data'!$A:$M,7,0)) | H59: =IF(ISNA(VLOOKUP($F59,'Raw Data'!$A:$M,8,0)),"",VLOOKUP($F59,'Raw Data'!$A:$M,8,0)) | I59: =IF(ISNA(VLOOKUP($F59,'Raw Data'!$A:$M,9,0)),"",VLOOKUP($F59,'Raw Data'!$A:$M,9,0)) | J59: =IF(ISNA(VLOOKUP($F59,'Raw Data'!$A:$M,10,0)),"",VLOOKUP($F59,'Raw Data'!$A:$M,10,0)) | K59: =IF(ISNA(VLOOKUP($F59,'Raw Data'!$A:$M,11,0)),"",VLOOKUP($F59,'Raw Data'!$A:$M,11,0)) | L59: =IF(ISNA(VLOOKUP($F59,'Raw Data'!$A:$M,12,0)),"",VLOOKUP($F59,'Raw Data'!$A:$M,12,0)) | M59: =IF(ISNA(VLOOKUP($F59,'Raw Data'!$A:$M,13,0)),"",VLOOKUP($F59,'Raw Data'!$A:$M,13,0))
A60: FGU6 | B60: 2012 | C60: 3.5 | D60: 700 | E60: 100+ | F60: =A60&B60&C60&D60&E60 -> FGU620123.5700100+ | G60: =IF(ISNA(VLOOKUP($F60,'Raw Data'!$A:$M,7,0)),"",VLOOKUP($F60,'Raw Data'!$A:$M,7,0)) | H60: =IF(ISNA(VLOOKUP($F60,'Raw Data'!$A:$M,8,0)),"",VLOOKUP($F60,'Raw Data'!$A:$M,8,0)) | I60: =IF(ISNA(VLOOKUP($F60,'Raw Data'!$A:$M,9,0)),"",VLOOKUP($F60,'Raw Data'!$A:$M,9,0)) | J60: =IF(ISNA(VLOOKUP($F60,'Raw Data'!$A:$M,10,0)),"",VLOOKUP($F60,'Raw Data'!$A:$M,10,0)) | K60: =IF(ISNA(VLOOKUP($F60,'Raw Data'!$A:$M,11,0)),"",VLOOKUP($F60,'Raw Data'!$A:$M,11,0)) | L60: =IF(ISNA(VLOOKUP($F60,'Raw Data'!$A:$M,12,0)),"",VLOOKUP($F60,'Raw Data'!$A:$M,12,0)) | M60: =IF(ISNA(VLOOKUP($F60,'Raw Data'!$A:$M,13,0)),"",VLOOKUP($F60,'Raw Data'!$A:$M,13,0))
A61: FGU6 | B61: 2012 | C61: 3.5 | D61: 720 | E61: 100+ | F61: =A61&B61&C61&D61&E61 -> FGU620123.5720100+ | G61: =IF(ISNA(VLOOKUP($F61,'Raw Data'!$A:$M,7,0)),"",VLOOKUP($F61,'Raw Data'!$A:$M,7,0)) | H61: =IF(ISNA(VLOOKUP($F61,'Raw Data'!$A:$M,8,0)),"",VLOOKUP($F61,'Raw Data'!$A:$M,8,0)) | I61: =IF(ISNA(VLOOKUP($F61,'Raw Data'!$A:$M,9,0)),"",VLOOKUP($F61,'Raw Data'!$A:$M,9,0)) | J61: =IF(ISNA(VLOOKUP($F61,'Raw Data'!$A:$M,10,0)),"",VLOOKUP($F61,'Raw Data'!$A:$M,10,0)) | K61: =IF(ISNA(VLOOKUP($F61,'Raw Data'!$A:$M,11,0)),"",VLOOKUP($F61,'Raw Data'!$A:$M,11,0)) | L61: =IF(ISNA(VLOOKUP($F61,'Raw Data'!$A:$M,12,0)),"",VLOOKUP($F61,'Raw Data'!$A:$M,12,0)) | M61: =IF(ISNA(VLOOKUP($F61,'Raw Data'!$A:$M,13,0)),"",VLOOKUP($F61,'Raw Data'!$A:$M,13,0))
A62: FGU6 | B62: 2012 | C62: 3.5 | D62: 740 | E62: 100+ | F62: =A62&B62&C62&D62&E62 -> FGU620123.5740100+ | G62: =IF(ISNA(VLOOKUP($F62,'Raw Data'!$A:$M,7,0)),"",VLOOKUP($F62,'Raw Data'!$A:$M,7,0)) | H62: =IF(ISNA(VLOOKUP($F62,'Raw Data'!$A:$M,8,0)),"",VLOOKUP($F62,'Raw Data'!$A:$M,8,0)) | I62: =IF(ISNA(VLOOKUP($F62,'Raw Data'!$A:$M,9,0)),"",VLOOKUP($F62,'Raw Data'!$A:$M,9,0)) | J62: =IF(ISNA(VLOOKUP($F62,'Raw Data'!$A:$M,10,0)),"",VLOOKUP($F62,'Raw Data'!$A:$M,10,0)) | K62: =IF(ISNA(VLOOKUP($F62,'Raw Data'!$A:$M,11,0)),"",VLOOKUP($F62,'Raw Data'!$A:$M,11,0)) | L62: =IF(ISNA(VLOOKUP($F62,'Raw Data'!$A:$M,12,0)),"",VLOOKUP($F62,'Raw Data'!$A:$M,12,0)) | M62: =IF(ISNA(VLOOKUP($F62,'Raw Data'!$A:$M,13,0)),"",VLOOKUP($F62,'Raw Data'!$A:$M,13,0))
A63: FGU6 | B63: 2012 | C63: 3.5 | D63: 760 | E63: 100+ | F63: =A63&B63&C63&D63&E63 -> FGU620123.5760100+ | G63: =IF(ISNA(VLOOKUP($F63,'Raw Data'!$A:$M,7,0)),"",VLOOKUP($F63,'Raw Data'!$A:$M,7,0)) | H63: =IF(ISNA(VLOOKUP($F63,'Raw Data'!$A:$M,8,0)),"",VLOOKUP($F63,'Raw Data'!$A:$M,8,0)) | I63: =IF(ISNA(VLOOKUP($F63,'Raw Data'!$A:$M,9,0)),"",VLOOKUP($F63,'Raw Data'!$A:$M,9,0)) | J63: =IF(ISNA(VLOOKUP($F63,'Raw Data'!$A:$M,10,0)),"",VLOOKUP($F63,'Raw Data'!$A:$M,10,0)) | K63: =IF(ISNA(VLOOKUP($F63,'Raw Data'!$A:$M,11,0)),"",VLOOKUP($F63,'Raw Data'!$A:$M,11,0)) | L63: =IF(ISNA(VLOOKUP($F63,'Raw Data'!$A:$M,12,0)),"",VLOOKUP($F63,'Raw Data'!$A:$M,12,0)) | M63: =IF(ISNA(VLOOKUP($F63,'Raw Data'!$A:$M,13,0)),"",VLOOKUP($F63,'Raw Data'!$A:$M,13,0))
A64: FGU6 | B64: 2012 | C64: 3.5 | D64: 780 | E64: 100+ | F64: =A64&B64&C64&D64&E64 -> FGU620123.5780100+ | G64: =IF(ISNA(VLOOKUP($F64,'Raw Data'!$A:$M,7,0)),"",VLOOKUP($F64,'Raw Data'!$A:$M,7,0)) | H64: =IF(ISNA(VLOOKUP($F64,'Raw Data'!$A:$M,8,0)),"",VLOOKUP($F64,'Raw Data'!$A:$M,8,0)) | I64: =IF(ISNA(VLOOKUP($F64,'Raw Data'!$A:$M,9,0)),"",VLOOKUP($F64,'Raw Data'!$A:$M,9,0)) | J64: =IF(ISNA(VLOOKUP($F64,'Raw Data'!$A:$M,10,0)),"",VLOOKUP($F64,'Raw Data'!$A:$M,10,0)) | K64: =IF(ISNA(VLOOKUP($F64,'Raw Data'!$A:$M,11,0)),"",VLOOKUP($F64,'Raw Data'!$A:$M,11,0)) | L64: =IF(ISNA(VLOOKUP($F64,'Raw Data'!$A:$M,12,0)),"",VLOOKUP($F64,'Raw Data'!$A:$M,12,0)) | M64: =IF(ISNA(VLOOKUP($F64,'Raw Data'!$A:$M,13,0)),"",VLOOKUP($F64,'Raw Data'!$A:$M,13,0))
A65: FGU6 | B65: 2013 | C65: 3.5 | D65: 620 | E65: 80 | F65: =A65&B65&C65&D65&E65 -> FGU620133.562080 | G65: =IF(ISNA(VLOOKUP($F65,'Raw Data'!$A:$M,7,0)),"",VLOOKUP($F65,'Raw Data'!$A:$M,7,0)) | H65: =IF(ISNA(VLOOKUP($F65,'Raw Data'!$A:$M,8,0)),"",VLOOKUP($F65,'Raw Data'!$A:$M,8,0)) | I65: =IF(ISNA(VLOOKUP($F65,'Raw Data'!$A:$M,9,0)),"",VLOOKUP($F65,'Raw Data'!$A:$M,9,0)) | J65: =IF(ISNA(VLOOKUP($F65,'Raw Data'!$A:$M,10,0)),"",VLOOKUP($F65,'Raw Data'!$A:$M,10,0)) | K65: =IF(ISNA(VLOOKUP($F65,'Raw Data'!$A:$M,11,0)),"",VLOOKUP($F65,'Raw Data'!$A:$M,11,0)) | L65: =IF(ISNA(VLOOKUP($F65,'Raw Data'!$A:$M,12,0)),"",VLOOKUP($F65,'Raw Data'!$A:$M,12,0)) | M65: =IF(ISNA(VLOOKUP($F65,'Raw Data'!$A:$M,13,0)),"",VLOOKUP($F65,'Raw Data'!$A:$M,13,0))
A66: FGU6 | B66: 2013 | C66: 3.5 | D66: 640 | E66: 80 | F66: =A66&B66&C66&D66&E66 -> FGU620133.564080 | G66: =IF(ISNA(VLOOKUP($F66,'Raw Data'!$A:$M,7,0)),"",VLOOKUP($F66,'Raw Data'!$A:$M,7,0)) | H66: =IF(ISNA(VLOOKUP($F66,'Raw Data'!$A:$M,8,0)),"",VLOOKUP($F66,'Raw Data'!$A:$M,8,0)) | I66: =IF(ISNA(VLOOKUP($F66,'Raw Data'!$A:$M,9,0)),"",VLOOKUP($F66,'Raw Data'!$A:$M,9,0)) | J66: =IF(ISNA(VLOOKUP($F66,'Raw Data'!$A:$M,10,0)),"",VLOOKUP($F66,'Raw Data'!$A:$M,10,0)) | K66: =IF(ISNA(VLOOKUP($F66,'Raw Data'!$A:$M,11,0)),"",VLOOKUP($F66,'Raw Data'!$A:$M,11,0)) | L66: =IF(ISNA(VLOOKUP($F66,'Raw Data'!$A:$M,12,0)),"",VLOOKUP($F66,'Raw Data'!$A:$M,12,0)) | M66: =IF(ISNA(VLOOKUP($F66,'Raw Data'!$A:$M,13,0)),"",VLOOKUP($F66,'Raw Data'!$A:$M,13,0))
A67: FGU6 | B67: 2013 | C67: 3.5 | D67: 660 | E67: 80 | F67: =A67&B67&C67&D67&E67 -> FGU620133.566080 | G67: =IF(ISNA(VLOOKUP($F67,'Raw Data'!$A:$M,7,0)),"",VLOOKUP($F67,'Raw Data'!$A:$M,7,0)) | H67: =IF(ISNA(VLOOKUP($F67,'Raw Data'!$A:$M,8,0)),"",VLOOKUP($F67,'Raw Data'!$A:$M,8,0)) | I67: =IF(ISNA(VLOOKUP($F67,'Raw Data'!$A:$M,9,0)),"",VLOOKUP($F67,'Raw Data'!$A:$M,9,0)) | J67: =IF(ISNA(VLOOKUP($F67,'Raw Data'!$A:$M,10,0)),"",VLOOKUP($F67,'Raw Data'!$A:$M,10,0)) | K67: =IF(ISNA(VLOOKUP($F67,'Raw Data'!$A:$M,11,0)),"",VLOOKUP($F67,'Raw Data'!$A:$M,11,0)) | L67: =IF(ISNA(VLOOKUP($F67,'Raw Data'!$A:$M,12,0)),"",VLOOKUP($F67,'Raw Data'!$A:$M,12,0)) | M67: =IF(ISNA(VLOOKUP($F67,'Raw Data'!$A:$M,13,0)),"",VLOOKUP($F67,'Raw Data'!$A:$M,13,0))
A68: FGU6 | B68: 2013 | C68: 3.5 | D68: 680 | E68: 80 | F68: =A68&B68&C68&D68&E68 -> FGU620133.568080 | G68: =IF(ISNA(VLOOKUP($F68,'Raw Data'!$A:$M,7,0)),"",VLOOKUP($F68,'Raw Data'!$A:$M,7,0)) | H68: =IF(ISNA(VLOOKUP($F68,'Raw Data'!$A:$M,8,0)),"",VLOOKUP($F68,'Raw Data'!$A:$M,8,0)) | I68: =IF(ISNA(VLOOKUP($F68,'Raw Data'!$A:$M,9,0)),"",VLOOKUP($F68,'Raw Data'!$A:$M,9,0)) | J68: =IF(ISNA(VLOOKUP($F68,'Raw Data'!$A:$M,10,0)),"",VLOOKUP($F68,'Raw Data'!$A:$M,10,0)) | K68: =IF(ISNA(VLOOKUP($F68,'Raw Data'!$A:$M,11,0)),"",VLOOKUP($F68,'Raw Data'!$A:$M,11,0)) | L68: =IF(ISNA(VLOOKUP($F68,'Raw Data'!$A:$M,12,0)),"",VLOOKUP($F68,'Raw Data'!$A:$M,12,0)) | M68: =IF(ISNA(VLOOKUP($F68,'Raw Data'!$A:$M,13,0)),"",VLOOKUP($F68,'Raw Data'!$A:$M,13,0))
A69: FGU6 | B69: 2013 | C69: 3.5 | D69: 700 | E69: 80 | F69: =A69&B69&C69&D69&E69 -> FGU620133.570080 | G69: =IF(ISNA(VLOOKUP($F69,'Raw Data'!$A:$M,7,0)),"",VLOOKUP($F69,'Raw Data'!$A:$M,7,0)) | H69: =IF(ISNA(VLOOKUP($F69,'Raw Data'!$A:$M,8,0)),"",VLOOKUP($F69,'Raw Data'!$A:$M,8,0)) | I69: =IF(ISNA(VLOOKUP($F69,'Raw Data'!$A:$M,9,0)),"",VLOOKUP($F69,'Raw Data'!$A:$M,9,0)) | J69: =IF(ISNA(VLOOKUP($F69,'Raw Data'!$A:$M,10,0)),"",VLOOKUP($F69,'Raw Data'!$A:$M,10,0)) | K69: =IF(ISNA(VLOOKUP($F69,'Raw Data'!$A:$M,11,0)),"",VLOOKUP($F69,'Raw Data'!$A:$M,11,0)) | L69: =IF(ISNA(VLOOKUP($F69,'Raw Data'!$A:$M,12,0)),"",VLOOKUP($F69,'Raw Data'!$A:$M,12,0)) | M69: =IF(ISNA(VLOOKUP($F69,'Raw Data'!$A:$M,13,0)),"",VLOOKUP($F69,'Raw Data'!$A:$M,13,0))
A70: FGU6 | B70: 2013 | C70: 3.5 | D70: 720 | E70: 80 | F70: =A70&B70&C70&D70&E70 -> FGU620133.572080 | G70: =IF(ISNA(VLOOKUP($F70,'Raw Data'!$A:$M,7,0)),"",VLOOKUP($F70,'Raw Data'!$A:$M,7,0)) | H70: =IF(ISNA(VLOOKUP($F70,'Raw Data'!$A:$M,8,0)),"",VLOOKUP($F70,'Raw Data'!$A:$M,8,0)) | I70: =IF(ISNA(VLOOKUP($F70,'Raw Data'!$A:$M,9,0)),"",VLOOKUP($F70,'Raw Data'!$A:$M,9,0)) | J70: =IF(ISNA(VLOOKUP($F70,'Raw Data'!$A:$M,10,0)),"",VLOOKUP($F70,'Raw Data'!$A:$M,10,0)) | K70: =IF(ISNA(VLOOKUP($F70,'Raw Data'!$A:$M,11,0)),"",VLOOKUP($F70,'Raw Data'!$A:$M,11,0)) | L70: =IF(ISNA(VLOOKUP($F70,'Raw Data'!$A:$M,12,0)),"",VLOOKUP($F70,'Raw Data'!$A:$M,12,0)) | M70: =IF(ISNA(VLOOKUP($F70,'Raw Data'!$A:$M,13,0)),"",VLOOKUP($F70,'Raw Data'!$A:$M,13,0))
A71: FGU6 | B71: 2013 | C71: 3.5 | D71: 740 | E71: 80 | F71: =A71&B71&C71&D71&E71 -> FGU620133.574080 | G71: =IF(ISNA(VLOOKUP($F71,'Raw Data'!$A:$M,7,0)),"",VLOOKUP($F71,'Raw Data'!$A:$M,7,0)) | H71: =IF(ISNA(VLOOKUP($F71,'Raw Data'!$A:$M,8,0)),"",VLOOKUP($F71,'Raw Data'!$A:$M,8,0)) | I71: =IF(ISNA(VLOOKUP($F71,'Raw Data'!$A:$M,9,0)),"",VLOOKUP($F71,'Raw Data'!$A:$M,9,0)) | J71: =IF(ISNA(VLOOKUP($F71,'Raw Data'!$A:$M,10,0)),"",VLOOKUP($F71,'Raw Data'!$A:$M,10,0)) | K71: =IF(ISNA(VLOOKUP($F71,'Raw Data'!$A:$M,11,0)),"",VLOOKUP($F71,'Raw Data'!$A:$M,11,0)) | L71: =IF(ISNA(VLOOKUP($F71,'Raw Data'!$A:$M,12,0)),"",VLOOKUP($F71,'Raw Data'!$A:$M,12,0)) | M71: =IF(ISNA(VLOOKUP($F71,'Raw Data'!$A:$M,13,0)),"",VLOOKUP($F71,'Raw Data'!$A:$M,13,0))
A72: FGU6 | B72: 2013 | C72: 3.5 | D72: 760 | E72: 80 | F72: =A72&B72&C72&D72&E72 -> FGU620133.576080 | G72: =IF(ISNA(VLOOKUP($F72,'Raw Data'!$A:$M,7,0)),"",VLOOKUP($F72,'Raw Data'!$A:$M,7,0)) | H72: =IF(ISNA(VLOOKUP($F72,'Raw Data'!$A:$M,8,0)),"",VLOOKUP($F72,'Raw Data'!$A:$M,8,0)) | I72: =IF(ISNA(VLOOKUP($F72,'Raw Data'!$A:$M,9,0)),"",VLOOKUP($F72,'Raw Data'!$A:$M,9,0)) | J72: =IF(ISNA(VLOOKUP($F72,'Raw Data'!$A:$M,10,0)),"",VLOOKUP($F72,'Raw Data'!$A:$M,10,0)) | K72: =IF(ISNA(VLOOKUP($F72,'Raw Data'!$A:$M,11,0)),"",VLOOKUP($F72,'Raw Data'!$A:$M,11,0)) | L72: =IF(ISNA(VLOOKUP($F72,'Raw Data'!$A:$M,12,0)),"",VLOOKUP($F72,'Raw Data'!$A:$M,12,0)) | M72: =IF(ISNA(VLOOKUP($F72,'Raw Data'!$A:$M,13,0)),"",VLOOKUP($F72,'Raw Data'!$A:$M,13,0))
A73: FGU6 | B73: 2013 | C73: 3.5 | D73: 780 | E73: 80 | F73: =A73&B73&C73&D73&E73 -> FGU620133.578080 | G73: =IF(ISNA(VLOOKUP($F73,'Raw Data'!$A:$M,7,0)),"",VLOOKUP($F73,'Raw Data'!$A:$M,7,0)) | H73: =IF(ISNA(VLOOKUP($F73,'Raw Data'!$A:$M,8,0)),"",VLOOKUP($F73,'Raw Data'!$A:$M,8,0)) | I73: =IF(ISNA(VLOOKUP($F73,'Raw Data'!$A:$M,9,0)),"",VLOOKUP($F73,'Raw Data'!$A:$M,9,0)) | J73: =IF(ISNA(VLOOKUP($F73,'Raw Data'!$A:$M,10,0)),"",VLOOKUP($F73,'Raw Data'!$A:$M,10,0)) | K73: =IF(ISNA(VLOOKUP($F73,'Raw Data'!$A:$M,11,0)),"",VLOOKUP($F73,'Raw Data'!$A:$M,11,0)) | L73: =IF(ISNA(VLOOKUP($F73,'Raw Data'!$A:$M,12,0)),"",VLOOKUP($F73,'Raw Data'!$A:$M,12,0)) | M73: =IF(ISNA(VLOOKUP($F73,'Raw Data'!$A:$M,13,0)),"",VLOOKUP($F73,'Raw Data'!$A:$M,13,0))
A74: FGU6 | B74: 2013 | C74: 3.5 | D74: 620 | E74: 85 | F74: =A74&B74&C74&D74&E74 -> FGU620133.562085 | G74: =IF(ISNA(VLOOKUP($F74,'Raw Data'!$A:$M,7,0)),"",VLOOKUP($F74,'Raw Data'!$A:$M,7,0)) | H74: =IF(ISNA(VLOOKUP($F74,'Raw Data'!$A:$M,8,0)),"",VLOOKUP($F74,'Raw Data'!$A:$M,8,0)) | I74: =IF(ISNA(VLOOKUP($F74,'Raw Data'!$A:$M,9,0)),"",VLOOKUP($F74,'Raw Data'!$A:$M,9,0)) | J74: =IF(ISNA(VLOOKUP($F74,'Raw Data'!$A:$M,10,0)),"",VLOOKUP($F74,'Raw Data'!$A:$M,10,0)) | K74: =IF(ISNA(VLOOKUP($F74,'Raw Data'!$A:$M,11,0)),"",VLOOKUP($F74,'Raw Data'!$A:$M,11,0)) | L74: =IF(ISNA(VLOOKUP($F74,'Raw Data'!$A:$M,12,0)),"",VLOOKUP($F74,'Raw Data'!$A:$M,12,0)) | M74: =IF(ISNA(VLOOKUP($F74,'Raw Data'!$A:$M,13,0)),"",VLOOKUP($F74,'Raw Data'!$A:$M,13,0))
A75: FGU6 | B75: 2013 | C75: 3.5 | D75: 640 | E75: 85 | F75: =A75&B75&C75&D75&E75 -> FGU620133.564085 | G75: =IF(ISNA(VLOOKUP($F75,'Raw Data'!$A:$M,7,0)),"",VLOOKUP($F75,'Raw Data'!$A:$M,7,0)) | H75: =IF(ISNA(VLOOKUP($F75,'Raw Data'!$A:$M,8,0)),"",VLOOKUP($F75,'Raw Data'!$A:$M,8,0)) | I75: =IF(ISNA(VLOOKUP($F75,'Raw Data'!$A:$M,9,0)),"",VLOOKUP($F75,'Raw Data'!$A:$M,9,0)) | J75: =IF(ISNA(VLOOKUP($F75,'Raw Data'!$A:$M,10,0)),"",VLOOKUP($F75,'Raw Data'!$A:$M,10,0)) | K75: =IF(ISNA(VLOOKUP($F75,'Raw Data'!$A:$M,11,0)),"",VLOOKUP($F75,'Raw Data'!$A:$M,11,0)) | L75: =IF(ISNA(VLOOKUP($F75,'Raw Data'!$A:$M,12,0)),"",VLOOKUP($F75,'Raw Data'!$A:$M,12,0)) | M75: =IF(ISNA(VLOOKUP($F75,'Raw Data'!$A:$M,13,0)),"",VLOOKUP($F75,'Raw Data'!$A:$M,13,0))
A76: FGU6 | B76: 2013 | C76: 3.5 | D76: 660 | E76: 85 | F76: =A76&B76&C76&D76&E76 -> FGU620133.566085 | G76: =IF(ISNA(VLOOKUP($F76,'Raw Data'!$A:$M,7,0)),"",VLOOKUP($F76,'Raw Data'!$A:$M,7,0)) | H76: =IF(ISNA(VLOOKUP($F76,'Raw Data'!$A:$M,8,0)),"",VLOOKUP($F76,'Raw Data'!$A:$M,8,0)) | I76: =IF(ISNA(VLOOKUP($F76,'Raw Data'!$A:$M,9,0)),"",VLOOKUP($F76,'Raw Data'!$A:$M,9,0)) | J76: =IF(ISNA(VLOOKUP($F76,'Raw Data'!$A:$M,10,0)),"",VLOOKUP($F76,'Raw Data'!$A:$M,10,0)) | K76: =IF(ISNA(VLOOKUP($F76,'Raw Data'!$A:$M,11,0)),"",VLOOKUP($F76,'Raw Data'!$A:$M,11,0)) | L76: =IF(ISNA(VLOOKUP($F76,'Raw Data'!$A:$M,12,0)),"",VLOOKUP($F76,'Raw Data'!$A:$M,12,0)) | M76: =IF(ISNA(VLOOKUP($F76,'Raw Data'!$A:$M,13,0)),"",VLOOKUP($F76,'Raw Data'!$A:$M,13,0))
... A118: FGU6 | B118: 2013 | C118: 3.5 | D118: 780 | E118: 100 | F118: =A118&B118&C118&D118&E118 -> FGU620133.5780100 | G118: =IF(ISNA(VLOOKUP($F118,'Raw Data'!$A:$M,7,0)),"",VLOOKUP($F118,'Raw Data'!$A:$M,7,0)) | H118: =IF(ISNA(VLOOKUP($F118,'Raw Data'!$A:$M,8,0)),"",VLOOKUP($F118,'Raw Data'!$A:$M,8,0)) | I118: =IF(ISNA(VLOOKUP($F118,'Raw Data'!$A:$M,9,0)),"",VLOOKUP($F118,'Raw Data'!$A:$M,9,0)) | J118: =IF(ISNA(VLOOKUP($F118,'Raw Data'!$A:$M,10,0)),"",VLOOKUP($F118,'Raw Data'!$A:$M,10,0)) | K118: =IF(ISNA(VLOOKUP($F118,'Raw Data'!$A:$M,11,0)),"",VLOOKUP($F118,'Raw Data'!$A:$M,11,0)) | L118: =IF(ISNA(VLOOKUP($F118,'Raw Data'!$A:$M,12,0)),"",VLOOKUP($F118,'Raw Data'!$A:$M,12,0)) | M118: =IF(ISNA(VLOOKUP($F118,'Raw Data'!$A:$M,13,0)),"",VLOOKUP($F118,'Raw Data'!$A:$M,13,0))
A119: FGU6 | B119: 2013 | C119: 3.5 | D119: 620 | E119: 100+ | F119: =A119&B119&C119&D119&E119 -> FGU620133.5620100+ | G119: =IF(ISNA(VLOOKUP($F119,'Raw Data'!$A:$M,7,0)),"",VLOOKUP($F119,'Raw Data'!$A:$M,7,0)) | H119: =IF(ISNA(VLOOKUP($F119,'Raw Data'!$A:$M,8,0)),"",VLOOKUP($F119,'Raw Data'!$A:$M,8,0)) | I119: =IF(ISNA(VLOOKUP($F119,'Raw Data'!$A:$M,9,0)),"",VLOOKUP($F119,'Raw Data'!$A:$M,9,0)) | J119: =IF(ISNA(VLOOKUP($F119,'Raw Data'!$A:$M,10,0)),"",VLOOKUP($F119,'Raw Data'!$A:$M,10,0)) | K119: =IF(ISNA(VLOOKUP($F119,'Raw Data'!$A:$M,11,0)),"",VLOOKUP($F119,'Raw Data'!$A:$M,11,0)) | L119: =IF(ISNA(VLOOKUP($F119,'Raw Data'!$A:$M,12,0)),"",VLOOKUP($F119,'Raw Data'!$A:$M,12,0)) | M119: =IF(ISNA(VLOOKUP($F119,'Raw Data'!$A:$M,13,0)),"",VLOOKUP($F119,'Raw Data'!$A:$M,13,0))
A120: FGU6 | B120: 2013 | C120: 3.5 | D120: 640 | E120: 100+ | F120: =A120&B120&C120&D120&E120 -> FGU620133.5640100+ | G120: =IF(ISNA(VLOOKUP($F120,'Raw Data'!$A:$M,7,0)),"",VLOOKUP($F120,'Raw Data'!$A:$M,7,0)) | H120: =IF(ISNA(VLOOKUP($F120,'Raw Data'!$A:$M,8,0)),"",VLOOKUP($F120,'Raw Data'!$A:$M,8,0)) | I120: =IF(ISNA(VLOOKUP($F120,'Raw Data'!$A:$M,9,0)),"",VLOOKUP($F120,'Raw Data'!$A:$M,9,0)) | J120: =IF(ISNA(VLOOKUP($F120,'Raw Data'!$A:$M,10,0)),"",VLOOKUP($F120,'Raw Data'!$A:$M,10,0)) | K120: =IF(ISNA(VLOOKUP($F120,'Raw Data'!$A:$M,11,0)),"",VLOOKUP($F120,'Raw Data'!$A:$M,11,0)) | L120: =IF(ISNA(VLOOKUP($F120,'Raw Data'!$A:$M,12,0)),"",VLOOKUP($F120,'Raw Data'!$A:$M,12,0)) | M120: =IF(ISNA(VLOOKUP($F120,'Raw Data'!$A:$M,13,0)),"",VLOOKUP($F120,'Raw Data'!$A:$M,13,0))
A121: FGU6 | B121: 2013 | C121: 3.5 | D121: 660 | E121: 100+ | F121: =A121&B121&C121&D121&E121 -> FGU620133.5660100+ | G121: =IF(ISNA(VLOOKUP($F121,'Raw Data'!$A:$M,7,0)),"",VLOOKUP($F121,'Raw Data'!$A:$M,7,0)) | H121: =IF(ISNA(VLOOKUP($F121,'Raw Data'!$A:$M,8,0)),"",VLOOKUP($F121,'Raw Data'!$A:$M,8,0)) | I121: =IF(ISNA(VLOOKUP($F121,'Raw Data'!$A:$M,9,0)),"",VLOOKUP($F121,'Raw Data'!$A:$M,9,0)) | J121: =IF(ISNA(VLOOKUP($F121,'Raw Data'!$A:$M,10,0)),"",VLOOKUP($F121,'Raw Data'!$A:$M,10,0)) | K121: =IF(ISNA(VLOOKUP($F121,'Raw Data'!$A:$M,11,0)),"",VLOOKUP($F121,'Raw Data'!$A:$M,11,0)) | L121: =IF(ISNA(VLOOKUP($F121,'Raw Data'!$A:$M,12,0)),"",VLOOKUP($F121,'Raw Data'!$A:$M,12,0)) | M121: =IF(ISNA(VLOOKUP($F121,'Raw Data'!$A:$M,13,0)),"",VLOOKUP($F121,'Raw Data'!$A:$M,13,0))
A122: FGU6 | B122: 2013 | C122: 3.5 | D122: 680 | E122: 100+ | F122: =A122&B122&C122&D122&E122 -> FGU620133.5680100+ | G122: =IF(ISNA(VLOOKUP($F122,'Raw Data'!$A:$M,7,0)),"",VLOOKUP($F122,'Raw Data'!$A:$M,7,0)) | H122: =IF(ISNA(VLOOKUP($F122,'Raw Data'!$A:$M,8,0)),"",VLOOKUP($F122,'Raw Data'!$A:$M,8,0)) | I122: =IF(ISNA(VLOOKUP($F122,'Raw Data'!$A:$M,9,0)),"",VLOOKUP($F122,'Raw Data'!$A:$M,9,0)) | J122: =IF(ISNA(VLOOKUP($F122,'Raw Data'!$A:$M,10,0)),"",VLOOKUP($F122,'Raw Data'!$A:$M,10,0)) | K122: =IF(ISNA(VLOOKUP($F122,'Raw Data'!$A:$M,11,0)),"",VLOOKUP($F122,'Raw Data'!$A:$M,11,0)) | L122: =IF(ISNA(VLOOKUP($F122,'Raw Data'!$A:$M,12,0)),"",VLOOKUP($F122,'Raw Data'!$A:$M,12,0)) | M122: =IF(ISNA(VLOOKUP($F122,'Raw Data'!$A:$M,13,0)),"",VLOOKUP($F122,'Raw Data'!$A:$M,13,0))
A123: FGU6 | B123: 2013 | C123: 3.5 | D123: 700 | E123: 100+ | F123: =A123&B123&C123&D123&E123 -> FGU620133.5700100+ | G123: =IF(ISNA(VLOOKUP($F123,'Raw Data'!$A:$M,7,0)),"",VLOOKUP($F123,'Raw Data'!$A:$M,7,0)) | H123: =IF(ISNA(VLOOKUP($F123,'Raw Data'!$A:$M,8,0)),"",VLOOKUP($F123,'Raw Data'!$A:$M,8,0)) | I123: =IF(ISNA(VLOOKUP($F123,'Raw Data'!$A:$M,9,0)),"",VLOOKUP($F123,'Raw Data'!$A:$M,9,0)) | J123: =IF(ISNA(VLOOKUP($F123,'Raw Data'!$A:$M,10,0)),"",VLOOKUP($F123,'Raw Data'!$A:$M,10,0)) | K123: =IF(ISNA(VLOOKUP($F123,'Raw Data'!$A:$M,11,0)),"",VLOOKUP($F123,'Raw Data'!$A:$M,11,0)) | L123: =IF(ISNA(VLOOKUP($F123,'Raw Data'!$A:$M,12,0)),"",VLOOKUP($F123,'Raw Data'!$A:$M,12,0)) | M123: =IF(ISNA(VLOOKUP($F123,'Raw Data'!$A:$M,13,0)),"",VLOOKUP($F123,'Raw Data'!$A:$M,13,0))
A124: FGU6 | B124: 2013 | C124: 3.5 | D124: 720 | E124: 100+ | F124: =A124&B124&C124&D124&E124 -> FGU620133.5720100+ | G124: =IF(ISNA(VLOOKUP($F124,'Raw Data'!$A:$M,7,0)),"",VLOOKUP($F124,'Raw Data'!$A:$M,7,0)) | H124: =IF(ISNA(VLOOKUP($F124,'Raw Data'!$A:$M,8,0)),"",VLOOKUP($F124,'Raw Data'!$A:$M,8,0)) | I124: =IF(ISNA(VLOOKUP($F124,'Raw Data'!$A:$M,9,0)),"",VLOOKUP($F124,'Raw Data'!$A:$M,9,0)) | J124: =IF(ISNA(VLOOKUP($F124,'Raw Data'!$A:$M,10,0)),"",VLOOKUP($F124,'Raw Data'!$A:$M,10,0)) | K124: =IF(ISNA(VLOOKUP($F124,'Raw Data'!$A:$M,11,0)),"",VLOOKUP($F124,'Raw Data'!$A:$M,11,0)) | L124: =IF(ISNA(VLOOKUP($F124,'Raw Data'!$A:$M,12,0)),"",VLOOKUP($F124,'Raw Data'!$A:$M,12,0)) | M124: =IF(ISNA(VLOOKUP($F124,'Raw Data'!$A:$M,13,0)),"",VLOOKUP($F124,'Raw Data'!$A:$M,13,0))
A125: FGU6 | B125: 2013 | C125: 3.5 | D125: 740 | E125: 100+ | F125: =A125&B125&C125&D125&E125 -> FGU620133.5740100+ | G125: =IF(ISNA(VLOOKUP($F125,'Raw Data'!$A:$M,7,0)),"",VLOOKUP($F125,'Raw Data'!$A:$M,7,0)) | H125: =IF(ISNA(VLOOKUP($F125,'Raw Data'!$A:$M,8,0)),"",VLOOKUP($F125,'Raw Data'!$A:$M,8,0)) | I125: =IF(ISNA(VLOOKUP($F125,'Raw Data'!$A:$M,9,0)),"",VLOOKUP($F125,'Raw Data'!$A:$M,9,0)) | J125: =IF(ISNA(VLOOKUP($F125,'Raw Data'!$A:$M,10,0)),"",VLOOKUP($F125,'Raw Data'!$A:$M,10,0)) | K125: =IF(ISNA(VLOOKUP($F125,'Raw Data'!$A:$M,11,0)),"",VLOOKUP($F125,'Raw Data'!$A:$M,11,0)) | L125: =IF(ISNA(VLOOKUP($F125,'Raw Data'!$A:$M,12,0)),"",VLOOKUP($F125,'Raw Data'!$A:$M,12,0)) | M125: =IF(ISNA(VLOOKUP($F125,'Raw Data'!$A:$M,13,0)),"",VLOOKUP($F125,'Raw Data'!$A:$M,13,0))
A126: FGU6 | B126: 2013 | C126: 3.5 | D126: 760 | E126: 100+ | F126: =A126&B126&C126&D126&E126 -> FGU620133.5760100+ | G126: =IF(ISNA(VLOOKUP($F126,'Raw Data'!$A:$M,7,0)),"",VLOOKUP($F126,'Raw Data'!$A:$M,7,0)) | H126: =IF(ISNA(VLOOKUP($F126,'Raw Data'!$A:$M,8,0)),"",VLOOKUP($F126,'Raw Data'!$A:$M,8,0)) | I126: =IF(ISNA(VLOOKUP($F126,'Raw Data'!$A:$M,9,0)),"",VLOOKUP($F126,'Raw Data'!$A:$M,9,0)) | J126: =IF(ISNA(VLOOKUP($F126,'Raw Data'!$A:$M,10,0)),"",VLOOKUP($F126,'Raw Data'!$A:$M,10,0)) | K126: =IF(ISNA(VLOOKUP($F126,'Raw Data'!$A:$M,11,0)),"",VLOOKUP($F126,'Raw Data'!$A:$M,11,0)) | L126: =IF(ISNA(VLOOKUP($F126,'Raw Data'!$A:$M,12,0)),"",VLOOKUP($F126,'Raw Data'!$A:$M,12,0)) | M126: =IF(ISNA(VLOOKUP($F126,'Raw Data'!$A:$M,13,0)),"",VLOOKUP($F126,'Raw Data'!$A:$M,13,0))
A127: FGU6 | B127: 2013 | C127: 3.5 | D127: 780 | E127: 100+ | F127: =A127&B127&C127&D127&E127 -> FGU620133.5780100+ | G127: =IF(ISNA(VLOOKUP($F127,'Raw Data'!$A:$M,7,0)),"",VLOOKUP($F127,'Raw Data'!$A:$M,7,0)) | H127: =IF(ISNA(VLOOKUP($F127,'Raw Data'!$A:$M,8,0)),"",VLOOKUP($F127,'Raw Data'!$A:$M,8,0)) | I127: =IF(ISNA(VLOOKUP($F127,'Raw Data'!$A:$M,9,0)),"",VLOOKUP($F127,'Raw Data'!$A:$M,9,0)) | J127: =IF(ISNA(VLOOKUP($F127,'Raw Data'!$A:$M,10,0)),"",VLOOKUP($F127,'Raw Data'!$A:$M,10,0)) | K127: =IF(ISNA(VLOOKUP($F127,'Raw Data'!$A:$M,11,0)),"",VLOOKUP($F127,'Raw Data'!$A:$M,11,0)) | L127: =IF(ISNA(VLOOKUP($F127,'Raw Data'!$A:$M,12,0)),"",VLOOKUP($F127,'Raw Data'!$A:$M,12,0)) | M127: =IF(ISNA(VLOOKUP($F127,'Raw Data'!$A:$M,13,0)),"",VLOOKUP($F127,'Raw Data'!$A:$M,13,0))
A128: FGU6 | B128: 2012 | C128: 4 | D128: 620 | E128: 80 | F128: =A128&B128&C128&D128&E128 -> FGU62012462080 | G128: =IF(ISNA(VLOOKUP($F128,'Raw Data'!$A:$M,7,0)),"",VLOOKUP($F128,'Raw Data'!$A:$M,7,0)) | H128: =IF(ISNA(VLOOKUP($F128,'Raw Data'!$A:$M,8,0)),"",VLOOKUP($F128,'Raw Data'!$A:$M,8,0)) | I128: =IF(ISNA(VLOOKUP($F128,'Raw Data'!$A:$M,9,0)),"",VLOOKUP($F128,'Raw Data'!$A:$M,9,0)) | J128: =IF(ISNA(VLOOKUP($F128,'Raw Data'!$A:$M,10,0)),"",VLOOKUP($F128,'Raw Data'!$A:$M,10,0)) | K128: =IF(ISNA(VLOOKUP($F128,'Raw Data'!$A:$M,11,0)),"",VLOOKUP($F128,'Raw Data'!$A:$M,11,0)) | L128: =IF(ISNA(VLOOKUP($F128,'Raw Data'!$A:$M,12,0)),"",VLOOKUP($F128,'Raw Data'!$A:$M,12,0)) | M128: =IF(ISNA(VLOOKUP($F128,'Raw Data'!$A:$M,13,0)),"",VLOOKUP($F128,'Raw Data'!$A:$M,13,0))
A129: FGU6 | B129: 2012 | C129: 4 | D129: 640 | E129: 80 | F129: =A129&B129&C129&D129&E129 -> FGU62012464080 | G129: =IF(ISNA(VLOOKUP($F129,'Raw Data'!$A:$M,7,0)),"",VLOOKUP($F129,'Raw Data'!$A:$M,7,0)) | H129: =IF(ISNA(VLOOKUP($F129,'Raw Data'!$A:$M,8,0)),"",VLOOKUP($F129,'Raw Data'!$A:$M,8,0)) | I129: =IF(ISNA(VLOOKUP($F129,'Raw Data'!$A:$M,9,0)),"",VLOOKUP($F129,'Raw Data'!$A:$M,9,0)) | J129: =IF(ISNA(VLOOKUP($F129,'Raw Data'!$A:$M,10,0)),"",VLOOKUP($F129,'Raw Data'!$A:$M,10,0)) | K129: =IF(ISNA(VLOOKUP($F129,'Raw Data'!$A:$M,11,0)),"",VLOOKUP($F129,'Raw Data'!$A:$M,11,0)) | L129: =IF(ISNA(VLOOKUP($F129,'Raw Data'!$A:$M,12,0)),"",VLOOKUP($F129,'Raw Data'!$A:$M,12,0)) | M129: =IF(ISNA(VLOOKUP($F129,'Raw Data'!$A:$M,13,0)),"",VLOOKUP($F129,'Raw Data'!$A:$M,13,0))
A130: FGU6 | B130: 2012 | C130: 4 | D130: 660 | E130: 80 | F130: =A130&B130&C130&D130&E130 -> FGU62012466080 | G130: =IF(ISNA(VLOOKUP($F130,'Raw Data'!$A:$M,7,0)),"",VLOOKUP($F130,'Raw Data'!$A:$M,7,0)) | H130: =IF(ISNA(VLOOKUP($F130,'Raw Data'!$A:$M,8,0)),"",VLOOKUP($F130,'Raw Data'!$A:$M,8,0)) | I130: =IF(ISNA(VLOOKUP($F130,'Raw Data'!$A:$M,9,0)),"",VLOOKUP($F130,'Raw Data'!$A:$M,9,0)) | J130: =IF(ISNA(VLOOKUP($F130,'Raw Data'!$A:$M,10,0)),"",VLOOKUP($F130,'Raw Data'!$A:$M,10,0)) | K130: =IF(ISNA(VLOOKUP($F130,'Raw Data'!$A:$M,11,0)),"",VLOOKUP($F130,'Raw Data'!$A:$M,11,0)) | L130: =IF(ISNA(VLOOKUP($F130,'Raw Data'!$A:$M,12,0)),"",VLOOKUP($F130,'Raw Data'!$A:$M,12,0)) | M130: =IF(ISNA(VLOOKUP($F130,'Raw Data'!$A:$M,13,0)),"",VLOOKUP($F130,'Raw Data'!$A:$M,13,0))
A131: FGU6 | B131: 2012 | C131: 4 | D131: 680 | E131: 80 | F131: =A131&B131&C131&D131&E131 -> FGU62012468080 | G131: =IF(ISNA(VLOOKUP($F131,'Raw Data'!$A:$M,7,0)),"",VLOOKUP($F131,'Raw Data'!$A:$M,7,0)) | H131: =IF(ISNA(VLOOKUP($F131,'Raw Data'!$A:$M,8,0)),"",VLOOKUP($F131,'Raw Data'!$A:$M,8,0)) | I131: =IF(ISNA(VLOOKUP($F131,'Raw Data'!$A:$M,9,0)),"",VLOOKUP($F131,'Raw Data'!$A:$M,9,0)) | J131: =IF(ISNA(VLOOKUP($F131,'Raw Data'!$A:$M,10,0)),"",VLOOKUP($F131,'Raw Data'!$A:$M,10,0)) | K131: =IF(ISNA(VLOOKUP($F131,'Raw Data'!$A:$M,11,0)),"",VLOOKUP($F131,'Raw Data'!$A:$M,11,0)) | L131: =IF(ISNA(VLOOKUP($F131,'Raw Data'!$A:$M,12,0)),"",VLOOKUP($F131,'Raw Data'!$A:$M,12,0)) | M131: =IF(ISNA(VLOOKUP($F131,'Raw Data'!$A:$M,13,0)),"",VLOOKUP($F131,'Raw Data'!$A:$M,13,0))
A132: FGU6 | B132: 2012 | C132: 4 | D132: 700 | E132: 80 | F132: =A132&B132&C132&D132&E132 -> FGU62012470080 | G132: =IF(ISNA(VLOOKUP($F132,'Raw Data'!$A:$M,7,0)),"",VLOOKUP($F132,'Raw Data'!$A:$M,7,0)) | H132: =IF(ISNA(VLOOKUP($F132,'Raw Data'!$A:$M,8,0)),"",VLOOKUP($F132,'Raw Data'!$A:$M,8,0)) | I132: =IF(ISNA(VLOOKUP($F132,'Raw Data'!$A:$M,9,0)),"",VLOOKUP($F132,'Raw Data'!$A:$M,9,0)) | J132: =IF(ISNA(VLOOKUP($F132,'Raw Data'!$A:$M,10,0)),"",VLOOKUP($F132,'Raw Data'!$A:$M,10,0)) | K132: =IF(ISNA(VLOOKUP($F132,'Raw Data'!$A:$M,11,0)),"",VLOOKUP($F132,'Raw Data'!$A:$M,11,0)) | L132: =IF(ISNA(VLOOKUP($F132,'Raw Data'!$A:$M,12,0)),"",VLOOKUP($F132,'Raw Data'!$A:$M,12,0)) | M132: =IF(ISNA(VLOOKUP($F132,'Raw Data'!$A:$M,13,0)),"",VLOOKUP($F132,'Raw Data'!$A:$M,13,0))
A133: FGU6 | B133: 2012 | C133: 4 | D133: 720 | E133: 80 | F133: =A133&B133&C133&D133&E133 -> FGU62012472080 | G133: =IF(ISNA(VLOOKUP($F133,'Raw Data'!$A:$M,7,0)),"",VLOOKUP($F133,'Raw Data'!$A:$M,7,0)) -> 18262792 | H133: =IF(ISNA(VLOOKUP($F133,'Raw Data'!$A:$M,8,0)),"",VLOOKUP($F133,'Raw Data'!$A:$M,8,0)) -> -43.237833 | I133: =IF(ISNA(VLOOKUP($F133,'Raw Data'!$A:$M,9,0)),"",VLOOKUP($F133,'Raw Data'!$A:$M,9,0)) -> -18.238253 | J133: =IF(ISNA(VLOOKUP($F133,'Raw Data'!$A:$M,10,0)),"",VLOOKUP($F133,'Raw Data'!$A:$M,10,0)) -> 24.99958 | K133: =IF(ISNA(VLOOKUP($F133,'Raw Data'!$A:$M,11,0)),"",VLOOKUP($F133,'Raw Data'!$A:$M,11,0)) -> 1.870247 | L133: =IF(ISNA(VLOOKUP($F133,'Raw Data'!$A:$M,12,0)),"",VLOOKUP($F133,'Raw Data'!$A:$M,12,0)) -> 8.1382573 | M133: =IF(ISNA(VLOOKUP($F133,'Raw Data'!$A:$M,13,0)),"",VLOOKUP($F133,'Raw Data'!$A:$M,13,0)) -> 6.2680103
A134: FGU6 | B134: 2012 | C134: 4 | D134: 740 | E134: 80 | F134: =A134&B134&C134&D134&E134 -> FGU62012474080 | G134: =IF(ISNA(VLOOKUP($F134,'Raw Data'!$A:$M,7,0)),"",VLOOKUP($F134,'Raw Data'!$A:$M,7,0)) -> 1.7962993e+08 | H134: =IF(ISNA(VLOOKUP($F134,'Raw Data'!$A:$M,8,0)),"",VLOOKUP($F134,'Raw Data'!$A:$M,8,0)) -> -49.636223 | I134: =IF(ISNA(VLOOKUP($F134,'Raw Data'!$A:$M,9,0)),"",VLOOKUP($F134,'Raw Data'!$A:$M,9,0)) -> -24.63646 | J134: =IF(ISNA(VLOOKUP($F134,'Raw Data'!$A:$M,10,0)),"",VLOOKUP($F134,'Raw Data'!$A:$M,10,0)) -> 24.999763 | K134: =IF(ISNA(VLOOKUP($F134,'Raw Data'!$A:$M,11,0)),"",VLOOKUP($F134,'Raw Data'!$A:$M,11,0)) -> 0.37924918 | L134: =IF(ISNA(VLOOKUP($F134,'Raw Data'!$A:$M,12,0)),"",VLOOKUP($F134,'Raw Data'!$A:$M,12,0)) -> 6.5202592 | M134: =IF(ISNA(VLOOKUP($F134,'Raw Data'!$A:$M,13,0)),"",VLOOKUP($F134,'Raw Data'!$A:$M,13,0)) -> 6.14101
A135: FGU6 | B135: 2012 | C135: 4 | D135: 760 | E135: 80 | F135: =A135&B135&C135&D135&E135 -> FGU62012476080 | G135: =IF(ISNA(VLOOKUP($F135,'Raw Data'!$A:$M,7,0)),"",VLOOKUP($F135,'Raw Data'!$A:$M,7,0)) -> 2415954.2 | H135: =IF(ISNA(VLOOKUP($F135,'Raw Data'!$A:$M,8,0)),"",VLOOKUP($F135,'Raw Data'!$A:$M,8,0)) -> -59.454147 | I135: =IF(ISNA(VLOOKUP($F135,'Raw Data'!$A:$M,9,0)),"",VLOOKUP($F135,'Raw Data'!$A:$M,9,0)) -> -34.454147 | J135: =IF(ISNA(VLOOKUP($F135,'Raw Data'!$A:$M,10,0)),"",VLOOKUP($F135,'Raw Data'!$A:$M,10,0)) -> 25 | K135: =IF(ISNA(VLOOKUP($F135,'Raw Data'!$A:$M,11,0)),"",VLOOKUP($F135,'Raw Data'!$A:$M,11,0)) -> 3.9007161 | L135: =IF(ISNA(VLOOKUP($F135,'Raw Data'!$A:$M,12,0)),"",VLOOKUP($F135,'Raw Data'!$A:$M,12,0)) -> 9.0984186 | M135: =IF(ISNA(VLOOKUP($F135,'Raw Data'!$A:$M,13,0)),"",VLOOKUP($F135,'Raw Data'!$A:$M,13,0)) -> 5.1977025
A136: FGU6 | B136: 2012 | C136: 4 | D136: 780 | E136: 80 | F136: =A136&B136&C136&D136&E136 -> FGU62012478080 | G136: =IF(ISNA(VLOOKUP($F136,'Raw Data'!$A:$M,7,0)),"",VLOOKUP($F136,'Raw Data'!$A:$M,7,0)) -> 35036123 | H136: =IF(ISNA(VLOOKUP($F136,'Raw Data'!$A:$M,8,0)),"",VLOOKUP($F136,'Raw Data'!$A:$M,8,0)) -> -60.120022 | I136: =IF(ISNA(VLOOKUP($F136,'Raw Data'!$A:$M,9,0)),"",VLOOKUP($F136,'Raw Data'!$A:$M,9,0)) -> -35.120024 | J136: =IF(ISNA(VLOOKUP($F136,'Raw Data'!$A:$M,10,0)),"",VLOOKUP($F136,'Raw Data'!$A:$M,10,0)) -> 24.999999 | K136: =IF(ISNA(VLOOKUP($F136,'Raw Data'!$A:$M,11,0)),"",VLOOKUP($F136,'Raw Data'!$A:$M,11,0)) -> 11.875315 | L136: =IF(ISNA(VLOOKUP($F136,'Raw Data'!$A:$M,12,0)),"",VLOOKUP($F136,'Raw Data'!$A:$M,12,0)) -> 13.894599 | M136: =IF(ISNA(VLOOKUP($F136,'Raw Data'!$A:$M,13,0)),"",VLOOKUP($F136,'Raw Data'!$A:$M,13,0)) -> 2.0192836
A137: FGU6 | B137: 2012 | C137: 4 | D137: 620 | E137: 85 | F137: =A137&B137&C137&D137&E137 -> FGU62012462085 | G137: =IF(ISNA(VLOOKUP($F137,'Raw Data'!$A:$M,7,0)),"",VLOOKUP($F137,'Raw Data'!$A:$M,7,0)) | H137: =IF(ISNA(VLOOKUP($F137,'Raw Data'!$A:$M,8,0)),"",VLOOKUP($F137,'Raw Data'!$A:$M,8,0)) | I137: =IF(ISNA(VLOOKUP($F137,'Raw Data'!$A:$M,9,0)),"",VLOOKUP($F137,'Raw Data'!$A:$M,9,0)) | J137: =IF(ISNA(VLOOKUP($F137,'Raw Data'!$A:$M,10,0)),"",VLOOKUP($F137,'Raw Data'!$A:$M,10,0)) | K137: =IF(ISNA(VLOOKUP($F137,'Raw Data'!$A:$M,11,0)),"",VLOOKUP($F137,'Raw Data'!$A:$M,11,0)) | L137: =IF(ISNA(VLOOKUP($F137,'Raw Data'!$A:$M,12,0)),"",VLOOKUP($F137,'Raw Data'!$A:$M,12,0)) | M137: =IF(ISNA(VLOOKUP($F137,'Raw Data'!$A:$M,13,0)),"",VLOOKUP($F137,'Raw Data'!$A:$M,13,0))
A138: FGU6 | B138: 2012 | C138: 4 | D138: 640 | E138: 85 | F138: =A138&B138&C138&D138&E138 -> FGU62012464085 | G138: =IF(ISNA(VLOOKUP($F138,'Raw Data'!$A:$M,7,0)),"",VLOOKUP($F138,'Raw Data'!$A:$M,7,0)) | H138: =IF(ISNA(VLOOKUP($F138,'Raw Data'!$A:$M,8,0)),"",VLOOKUP($F138,'Raw Data'!$A:$M,8,0)) | I138: =IF(ISNA(VLOOKUP($F138,'Raw Data'!$A:$M,9,0)),"",VLOOKUP($F138,'Raw Data'!$A:$M,9,0)) | J138: =IF(ISNA(VLOOKUP($F138,'Raw Data'!$A:$M,10,0)),"",VLOOKUP($F138,'Raw Data'!$A:$M,10,0)) | K138: =IF(ISNA(VLOOKUP($F138,'Raw Data'!$A:$M,11,0)),"",VLOOKUP($F138,'Raw Data'!$A:$M,11,0)) | L138: =IF(ISNA(VLOOKUP($F138,'Raw Data'!$A:$M,12,0)),"",VLOOKUP($F138,'Raw Data'!$A:$M,12,0)) | M138: =IF(ISNA(VLOOKUP($F138,'Raw Data'!$A:$M,13,0)),"",VLOOKUP($F138,'Raw Data'!$A:$M,13,0))
A139: FGU6 | B139: 2012 | C139: 4 | D139: 660 | E139: 85 | F139: =A139&B139&C139&D139&E139 -> FGU62012466085 | G139: =IF(ISNA(VLOOKUP($F139,'Raw Data'!$A:$M,7,0)),"",VLOOKUP($F139,'Raw Data'!$A:$M,7,0)) | H139: =IF(ISNA(VLOOKUP($F139,'Raw Data'!$A:$M,8,0)),"",VLOOKUP($F139,'Raw Data'!$A:$M,8,0)) | I139: =IF(ISNA(VLOOKUP($F139,'Raw Data'!$A:$M,9,0)),"",VLOOKUP($F139,'Raw Data'!$A:$M,9,0)) | J139: =IF(ISNA(VLOOKUP($F139,'Raw Data'!$A:$M,10,0)),"",VLOOKUP($F139,'Raw Data'!$A:$M,10,0)) | K139: =IF(ISNA(VLOOKUP($F139,'Raw Data'!$A:$M,11,0)),"",VLOOKUP($F139,'Raw Data'!$A:$M,11,0)) | L139: =IF(ISNA(VLOOKUP($F139,'Raw Data'!$A:$M,12,0)),"",VLOOKUP($F139,'Raw Data'!$A:$M,12,0)) | M139: =IF(ISNA(VLOOKUP($F139,'Raw Data'!$A:$M,13,0)),"",VLOOKUP($F139,'Raw Data'!$A:$M,13,0))
... A181: FGU6 | B181: 2012 | C181: 4 | D181: 780 | E181: 100 | F181: =A181&B181&C181&D181&E181 -> FGU620124780100 | G181: =IF(ISNA(VLOOKUP($F181,'Raw Data'!$A:$M,7,0)),"",VLOOKUP($F181,'Raw Data'!$A:$M,7,0)) | H181: =IF(ISNA(VLOOKUP($F181,'Raw Data'!$A:$M,8,0)),"",VLOOKUP($F181,'Raw Data'!$A:$M,8,0)) | I181: =IF(ISNA(VLOOKUP($F181,'Raw Data'!$A:$M,9,0)),"",VLOOKUP($F181,'Raw Data'!$A:$M,9,0)) | J181: =IF(ISNA(VLOOKUP($F181,'Raw Data'!$A:$M,10,0)),"",VLOOKUP($F181,'Raw Data'!$A:$M,10,0)) | K181: =IF(ISNA(VLOOKUP($F181,'Raw Data'!$A:$M,11,0)),"",VLOOKUP($F181,'Raw Data'!$A:$M,11,0)) | L181: =IF(ISNA(VLOOKUP($F181,'Raw Data'!$A:$M,12,0)),"",VLOOKUP($F181,'Raw Data'!$A:$M,12,0)) | M181: =IF(ISNA(VLOOKUP($F181,'Raw Data'!$A:$M,13,0)),"",VLOOKUP($F181,'Raw Data'!$A:$M,13,0))
A182: FGU6 | B182: 2012 | C182: 4 | D182: 620 | E182: 100+ | F182: =A182&B182&C182&D182&E182 -> FGU620124620100+ | G182: =IF(ISNA(VLOOKUP($F182,'Raw Data'!$A:$M,7,0)),"",VLOOKUP($F182,'Raw Data'!$A:$M,7,0)) | H182: =IF(ISNA(VLOOKUP($F182,'Raw Data'!$A:$M,8,0)),"",VLOOKUP($F182,'Raw Data'!$A:$M,8,0)) | I182: =IF(ISNA(VLOOKUP($F182,'Raw Data'!$A:$M,9,0)),"",VLOOKUP($F182,'Raw Data'!$A:$M,9,0)) | J182: =IF(ISNA(VLOOKUP($F182,'Raw Data'!$A:$M,10,0)),"",VLOOKUP($F182,'Raw Data'!$A:$M,10,0)) | K182: =IF(ISNA(VLOOKUP($F182,'Raw Data'!$A:$M,11,0)),"",VLOOKUP($F182,'Raw Data'!$A:$M,11,0)) | L182: =IF(ISNA(VLOOKUP($F182,'Raw Data'!$A:$M,12,0)),"",VLOOKUP($F182,'Raw Data'!$A:$M,12,0)) | M182: =IF(ISNA(VLOOKUP($F182,'Raw Data'!$A:$M,13,0)),"",VLOOKUP($F182,'Raw Data'!$A:$M,13,0))
A183: FGU6 | B183: 2012 | C183: 4 | D183: 640 | E183: 100+ | F183: =A183&B183&C183&D183&E183 -> FGU620124640100+ | G183: =IF(ISNA(VLOOKUP($F183,'Raw Data'!$A:$M,7,0)),"",VLOOKUP($F183,'Raw Data'!$A:$M,7,0)) | H183: =IF(ISNA(VLOOKUP($F183,'Raw Data'!$A:$M,8,0)),"",VLOOKUP($F183,'Raw Data'!$A:$M,8,0)) | I183: =IF(ISNA(VLOOKUP($F183,'Raw Data'!$A:$M,9,0)),"",VLOOKUP($F183,'Raw Data'!$A:$M,9,0)) | J183: =IF(ISNA(VLOOKUP($F183,'Raw Data'!$A:$M,10,0)),"",VLOOKUP($F183,'Raw Data'!$A:$M,10,0)) | K183: =IF(ISNA(VLOOKUP($F183,'Raw Data'!$A:$M,11,0)),"",VLOOKUP($F183,'Raw Data'!$A:$M,11,0)) | L183: =IF(ISNA(VLOOKUP($F183,'Raw Data'!$A:$M,12,0)),"",VLOOKUP($F183,'Raw Data'!$A:$M,12,0)) | M183: =IF(ISNA(VLOOKUP($F183,'Raw Data'!$A:$M,13,0)),"",VLOOKUP($F183,'Raw Data'!$A:$M,13,0))
A184: FGU6 | B184: 2012 | C184: 4 | D184: 660 | E184: 100+ | F184: =A184&B184&C184&D184&E184 -> FGU620124660100+ | G184: =IF(ISNA(VLOOKUP($F184,'Raw Data'!$A:$M,7,0)),"",VLOOKUP($F184,'Raw Data'!$A:$M,7,0)) | H184: =IF(ISNA(VLOOKUP($F184,'Raw Data'!$A:$M,8,0)),"",VLOOKUP($F184,'Raw Data'!$A:$M,8,0)) | I184: =IF(ISNA(VLOOKUP($F184,'Raw Data'!$A:$M,9,0)),"",VLOOKUP($F184,'Raw Data'!$A:$M,9,0)) | J184: =IF(ISNA(VLOOKUP($F184,'Raw Data'!$A:$M,10,0)),"",VLOOKUP($F184,'Raw Data'!$A:$M,10,0)) | K184: =IF(ISNA(VLOOKUP($F184,'Raw Data'!$A:$M,11,0)),"",VLOOKUP($F184,'Raw Data'!$A:$M,11,0)) | L184: =IF(ISNA(VLOOKUP($F184,'Raw Data'!$A:$M,12,0)),"",VLOOKUP($F184,'Raw Data'!$A:$M,12,0)) | M184: =IF(ISNA(VLOOKUP($F184,'Raw Data'!$A:$M,13,0)),"",VLOOKUP($F184,'Raw Data'!$A:$M,13,0))
A185: FGU6 | B185: 2012 | C185: 4 | D185: 680 | E185: 100+ | F185: =A185&B185&C185&D185&E185 -> FGU620124680100+ | G185: =IF(ISNA(VLOOKUP($F185,'Raw Data'!$A:$M,7,0)),"",VLOOKUP($F185,'Raw Data'!$A:$M,7,0)) | H185: =IF(ISNA(VLOOKUP($F185,'Raw Data'!$A:$M,8,0)),"",VLOOKUP($F185,'Raw Data'!$A:$M,8,0)) | I185: =IF(ISNA(VLOOKUP($F185,'Raw Data'!$A:$M,9,0)),"",VLOOKUP($F185,'Raw Data'!$A:$M,9,0)) | J185: =IF(ISNA(VLOOKUP($F185,'Raw Data'!$A:$M,10,0)),"",VLOOKUP($F185,'Raw Data'!$A:$M,10,0)) | K185: =IF(ISNA(VLOOKUP($F185,'Raw Data'!$A:$M,11,0)),"",VLOOKUP($F185,'Raw Data'!$A:$M,11,0)) | L185: =IF(ISNA(VLOOKUP($F185,'Raw Data'!$A:$M,12,0)),"",VLOOKUP($F185,'Raw Data'!$A:$M,12,0)) | M185: =IF(ISNA(VLOOKUP($F185,'Raw Data'!$A:$M,13,0)),"",VLOOKUP($F185,'Raw Data'!$A:$M,13,0))
A186: FGU6 | B186: 2012 | C186: 4 | D186: 700 | E186: 100+ | F186: =A186&B186&C186&D186&E186 -> FGU620124700100+ | G186: =IF(ISNA(VLOOKUP($F186,'Raw Data'!$A:$M,7,0)),"",VLOOKUP($F186,'Raw Data'!$A:$M,7,0)) | H186: =IF(ISNA(VLOOKUP($F186,'Raw Data'!$A:$M,8,0)),"",VLOOKUP($F186,'Raw Data'!$A:$M,8,0)) | I186: =IF(ISNA(VLOOKUP($F186,'Raw Data'!$A:$M,9,0)),"",VLOOKUP($F186,'Raw Data'!$A:$M,9,0)) | J186: =IF(ISNA(VLOOKUP($F186,'Raw Data'!$A:$M,10,0)),"",VLOOKUP($F186,'Raw Data'!$A:$M,10,0)) | K186: =IF(ISNA(VLOOKUP($F186,'Raw Data'!$A:$M,11,0)),"",VLOOKUP($F186,'Raw Data'!$A:$M,11,0)) | L186: =IF(ISNA(VLOOKUP($F186,'Raw Data'!$A:$M,12,0)),"",VLOOKUP($F186,'Raw Data'!$A:$M,12,0)) | M186: =IF(ISNA(VLOOKUP($F186,'Raw Data'!$A:$M,13,0)),"",VLOOKUP($F186,'Raw Data'!$A:$M,13,0))
A187: FGU6 | B187: 2012 | C187: 4 | D187: 720 | E187: 100+ | F187: =A187&B187&C187&D187&E187 -> FGU620124720100+ | G187: =IF(ISNA(VLOOKUP($F187,'Raw Data'!$A:$M,7,0)),"",VLOOKUP($F187,'Raw Data'!$A:$M,7,0)) | H187: =IF(ISNA(VLOOKUP($F187,'Raw Data'!$A:$M,8,0)),"",VLOOKUP($F187,'Raw Data'!$A:$M,8,0)) | I187: =IF(ISNA(VLOOKUP($F187,'Raw Data'!$A:$M,9,0)),"",VLOOKUP($F187,'Raw Data'!$A:$M,9,0)) | J187: =IF(ISNA(VLOOKUP($F187,'Raw Data'!$A:$M,10,0)),"",VLOOKUP($F187,'Raw Data'!$A:$M,10,0)) | K187: =IF(ISNA(VLOOKUP($F187,'Raw Data'!$A:$M,11,0)),"",VLOOKUP($F187,'Raw Data'!$A:$M,11,0)) | L187: =IF(ISNA(VLOOKUP($F187,'Raw Data'!$A:$M,12,0)),"",VLOOKUP($F187,'Raw Data'!$A:$M,12,0)) | M187: =IF(ISNA(VLOOKUP($F187,'Raw Data'!$A:$M,13,0)),"",VLOOKUP($F187,'Raw Data'!$A:$M,13,0))
A188: FGU6 | B188: 2012 | C188: 4 | D188: 740 | E188: 100+ | F188: =A188&B188&C188&D188&E188 -> FGU620124740100+ | G188: =IF(ISNA(VLOOKUP($F188,'Raw Data'!$A:$M,7,0)),"",VLOOKUP($F188,'Raw Data'!$A:$M,7,0)) | H188: =IF(ISNA(VLOOKUP($F188,'Raw Data'!$A:$M,8,0)),"",VLOOKUP($F188,'Raw Data'!$A:$M,8,0)) | I188: =IF(ISNA(VLOOKUP($F188,'Raw Data'!$A:$M,9,0)),"",VLOOKUP($F188,'Raw Data'!$A:$M,9,0)) | J188: =IF(ISNA(VLOOKUP($F188,'Raw Data'!$A:$M,10,0)),"",VLOOKUP($F188,'Raw Data'!$A:$M,10,0)) | K188: =IF(ISNA(VLOOKUP($F188,'Raw Data'!$A:$M,11,0)),"",VLOOKUP($F188,'Raw Data'!$A:$M,11,0)) | L188: =IF(ISNA(VLOOKUP($F188,'Raw Data'!$A:$M,12,0)),"",VLOOKUP($F188,'Raw Data'!$A:$M,12,0)) | M188: =IF(ISNA(VLOOKUP($F188,'Raw Data'!$A:$M,13,0)),"",VLOOKUP($F188,'Raw Data'!$A:$M,13,0))
A189: FGU6 | B189: 2012 | C189: 4 | D189: 760 | E189: 100+ | F189: =A189&B189&C189&D189&E189 -> FGU620124760100+ | G189: =IF(ISNA(VLOOKUP($F189,'Raw Data'!$A:$M,7,0)),"",VLOOKUP($F189,'Raw Data'!$A:$M,7,0)) | H189: =IF(ISNA(VLOOKUP($F189,'Raw Data'!$A:$M,8,0)),"",VLOOKUP($F189,'Raw Data'!$A:$M,8,0)) | I189: =IF(ISNA(VLOOKUP($F189,'Raw Data'!$A:$M,9,0)),"",VLOOKUP($F189,'Raw Data'!$A:$M,9,0)) | J189: =IF(ISNA(VLOOKUP($F189,'Raw Data'!$A:$M,10,0)),"",VLOOKUP($F189,'Raw Data'!$A:$M,10,0)) | K189: =IF(ISNA(VLOOKUP($F189,'Raw Data'!$A:$M,11,0)),"",VLOOKUP($F189,'Raw Data'!$A:$M,11,0)) | L189: =IF(ISNA(VLOOKUP($F189,'Raw Data'!$A:$M,12,0)),"",VLOOKUP($F189,'Raw Data'!$A:$M,12,0)) | M189: =IF(ISNA(VLOOKUP($F189,'Raw Data'!$A:$M,13,0)),"",VLOOKUP($F189,'Raw Data'!$A:$M,13,0))
A190: FGU6 | B190: 2012 | C190: 4 | D190: 780 | E190: 100+ | F190: =A190&B190&C190&D190&E190 -> FGU620124780100+ | G190: =IF(ISNA(VLOOKUP($F190,'Raw Data'!$A:$M,7,0)),"",VLOOKUP($F190,'Raw Data'!$A:$M,7,0)) | H190: =IF(ISNA(VLOOKUP($F190,'Raw Data'!$A:$M,8,0)),"",VLOOKUP($F190,'Raw Data'!$A:$M,8,0)) | I190: =IF(ISNA(VLOOKUP($F190,'Raw Data'!$A:$M,9,0)),"",VLOOKUP($F190,'Raw Data'!$A:$M,9,0)) | J190: =IF(ISNA(VLOOKUP($F190,'Raw Data'!$A:$M,10,0)),"",VLOOKUP($F190,'Raw Data'!$A:$M,10,0)) | K190: =IF(ISNA(VLOOKUP($F190,'Raw Data'!$A:$M,11,0)),"",VLOOKUP($F190,'Raw Data'!$A:$M,11,0)) | L190: =IF(ISNA(VLOOKUP($F190,'Raw Data'!$A:$M,12,0)),"",VLOOKUP($F190,'Raw Data'!$A:$M,12,0)) | M190: =IF(ISNA(VLOOKUP($F190,'Raw Data'!$A:$M,13,0)),"",VLOOKUP($F190,'Raw Data'!$A:$M,13,0))
A191: FGU6 | B191: 2013 | C191: 4 | D191: 620 | E191: 80 | F191: =A191&B191&C191&D191&E191 -> FGU62013462080 | G191: =IF(ISNA(VLOOKUP($F191,'Raw Data'!$A:$M,7,0)),"",VLOOKUP($F191,'Raw Data'!$A:$M,7,0)) | H191: =IF(ISNA(VLOOKUP($F191,'Raw Data'!$A:$M,8,0)),"",VLOOKUP($F191,'Raw Data'!$A:$M,8,0)) | I191: =IF(ISNA(VLOOKUP($F191,'Raw Data'!$A:$M,9,0)),"",VLOOKUP($F191,'Raw Data'!$A:$M,9,0)) | J191: =IF(ISNA(VLOOKUP($F191,'Raw Data'!$A:$M,10,0)),"",VLOOKUP($F191,'Raw Data'!$A:$M,10,0)) | K191: =IF(ISNA(VLOOKUP($F191,'Raw Data'!$A:$M,11,0)),"",VLOOKUP($F191,'Raw Data'!$A:$M,11,0)) | L191: =IF(ISNA(VLOOKUP($F191,'Raw Data'!$A:$M,12,0)),"",VLOOKUP($F191,'Raw Data'!$A:$M,12,0)) | M191: =IF(ISNA(VLOOKUP($F191,'Raw Data'!$A:$M,13,0)),"",VLOOKUP($F191,'Raw Data'!$A:$M,13,0))
A192: FGU6 | B192: 2013 | C192: 4 | D192: 640 | E192: 80 | F192: =A192&B192&C192&D192&E192 -> FGU62013464080 | G192: =IF(ISNA(VLOOKUP($F192,'Raw Data'!$A:$M,7,0)),"",VLOOKUP($F192,'Raw Data'!$A:$M,7,0)) | H192: =IF(ISNA(VLOOKUP($F192,'Raw Data'!$A:$M,8,0)),"",VLOOKUP($F192,'Raw Data'!$A:$M,8,0)) | I192: =IF(ISNA(VLOOKUP($F192,'Raw Data'!$A:$M,9,0)),"",VLOOKUP($F192,'Raw Data'!$A:$M,9,0)) | J192: =IF(ISNA(VLOOKUP($F192,'Raw Data'!$A:$M,10,0)),"",VLOOKUP($F192,'Raw Data'!$A:$M,10,0)) | K192: =IF(ISNA(VLOOKUP($F192,'Raw Data'!$A:$M,11,0)),"",VLOOKUP($F192,'Raw Data'!$A:$M,11,0)) | L192: =IF(ISNA(VLOOKUP($F192,'Raw Data'!$A:$M,12,0)),"",VLOOKUP($F192,'Raw Data'!$A:$M,12,0)) | M192: =IF(ISNA(VLOOKUP($F192,'Raw Data'!$A:$M,13,0)),"",VLOOKUP($F192,'Raw Data'!$A:$M,13,0))
A193: FGU6 | B193: 2013 | C193: 4 | D193: 660 | E193: 80 | F193: =A193&B193&C193&D193&E193 -> FGU62013466080 | G193: =IF(ISNA(VLOOKUP($F193,'Raw Data'!$A:$M,7,0)),"",VLOOKUP($F193,'Raw Data'!$A:$M,7,0)) | H193: =IF(ISNA(VLOOKUP($F193,'Raw Data'!$A:$M,8,0)),"",VLOOKUP($F193,'Raw Data'!$A:$M,8,0)) | I193: =IF(ISNA(VLOOKUP($F193,'Raw Data'!$A:$M,9,0)),"",VLOOKUP($F193,'Raw Data'!$A:$M,9,0)) | J193: =IF(ISNA(VLOOKUP($F193,'Raw Data'!$A:$M,10,0)),"",VLOOKUP($F193,'Raw Data'!$A:$M,10,0)) | K193: =IF(ISNA(VLOOKUP($F193,'Raw Data'!$A:$M,11,0)),"",VLOOKUP($F193,'Raw Data'!$A:$M,11,0)) | L193: =IF(ISNA(VLOOKUP($F193,'Raw Data'!$A:$M,12,0)),"",VLOOKUP($F193,'Raw Data'!$A:$M,12,0)) | M193: =IF(ISNA(VLOOKUP($F193,'Raw Data'!$A:$M,13,0)),"",VLOOKUP($F193,'Raw Data'!$A:$M,13,0))
A194: FGU6 | B194: 2013 | C194: 4 | D194: 680 | E194: 80 | F194: =A194&B194&C194&D194&E194 -> FGU62013468080 | G194: =IF(ISNA(VLOOKUP($F194,'Raw Data'!$A:$M,7,0)),"",VLOOKUP($F194,'Raw Data'!$A:$M,7,0)) | H194: =IF(ISNA(VLOOKUP($F194,'Raw Data'!$A:$M,8,0)),"",VLOOKUP($F194,'Raw Data'!$A:$M,8,0)) | I194: =IF(ISNA(VLOOKUP($F194,'Raw Data'!$A:$M,9,0)),"",VLOOKUP($F194,'Raw Data'!$A:$M,9,0)) | J194: =IF(ISNA(VLOOKUP($F194,'Raw Data'!$A:$M,10,0)),"",VLOOKUP($F194,'Raw Data'!$A:$M,10,0)) | K194: =IF(ISNA(VLOOKUP($F194,'Raw Data'!$A:$M,11,0)),"",VLOOKUP($F194,'Raw Data'!$A:$M,11,0)) | L194: =IF(ISNA(VLOOKUP($F194,'Raw Data'!$A:$M,12,0)),"",VLOOKUP($F194,'Raw Data'!$A:$M,12,0)) | M194: =IF(ISNA(VLOOKUP($F194,'Raw Data'!$A:$M,13,0)),"",VLOOKUP($F194,'Raw Data'!$A:$M,13,0))
A195: FGU6 | B195: 2013 | C195: 4 | D195: 700 | E195: 80 | F195: =A195&B195&C195&D195&E195 -> FGU62013470080 | G195: =IF(ISNA(VLOOKUP($F195,'Raw Data'!$A:$M,7,0)),"",VLOOKUP($F195,'Raw Data'!$A:$M,7,0)) | H195: =IF(ISNA(VLOOKUP($F195,'Raw Data'!$A:$M,8,0)),"",VLOOKUP($F195,'Raw Data'!$A:$M,8,0)) | I195: =IF(ISNA(VLOOKUP($F195,'Raw Data'!$A:$M,9,0)),"",VLOOKUP($F195,'Raw Data'!$A:$M,9,0)) | J195: =IF(ISNA(VLOOKUP($F195,'Raw Data'!$A:$M,10,0)),"",VLOOKUP($F195,'Raw Data'!$A:$M,10,0)) | K195: =IF(ISNA(VLOOKUP($F195,'Raw Data'!$A:$M,11,0)),"",VLOOKUP($F195,'Raw Data'!$A:$M,11,0)) | L195: =IF(ISNA(VLOOKUP($F195,'Raw Data'!$A:$M,12,0)),"",VLOOKUP($F195,'Raw Data'!$A:$M,12,0)) | M195: =IF(ISNA(VLOOKUP($F195,'Raw Data'!$A:$M,13,0)),"",VLOOKUP($F195,'Raw Data'!$A:$M,13,0))
A196: FGU6 | B196: 2013 | C196: 4 | D196: 720 | E196: 80 | F196: =A196&B196&C196&D196&E196 -> FGU62013472080 | G196: =IF(ISNA(VLOOKUP($F196,'Raw Data'!$A:$M,7,0)),"",VLOOKUP($F196,'Raw Data'!$A:$M,7,0)) | H196: =IF(ISNA(VLOOKUP($F196,'Raw Data'!$A:$M,8,0)),"",VLOOKUP($F196,'Raw Data'!$A:$M,8,0)) | I196: =IF(ISNA(VLOOKUP($F196,'Raw Data'!$A:$M,9,0)),"",VLOOKUP($F196,'Raw Data'!$A:$M,9,0)) | J196: =IF(ISNA(VLOOKUP($F196,'Raw Data'!$A:$M,10,0)),"",VLOOKUP($F196,'Raw Data'!$A:$M,10,0)) | K196: =IF(ISNA(VLOOKUP($F196,'Raw Data'!$A:$M,11,0)),"",VLOOKUP($F196,'Raw Data'!$A:$M,11,0)) | L196: =IF(ISNA(VLOOKUP($F196,'Raw Data'!$A:$M,12,0)),"",VLOOKUP($F196,'Raw Data'!$A:$M,12,0)) | M196: =IF(ISNA(VLOOKUP($F196,'Raw Data'!$A:$M,13,0)),"",VLOOKUP($F196,'Raw Data'!$A:$M,13,0))
A197: FGU6 | B197: 2013 | C197: 4 | D197: 740 | E197: 80 | F197: =A197&B197&C197&D197&E197 -> FGU62013474080 | G197: =IF(ISNA(VLOOKUP($F197,'Raw Data'!$A:$M,7,0)),"",VLOOKUP($F197,'Raw Data'!$A:$M,7,0)) | H197: =IF(ISNA(VLOOKUP($F197,'Raw Data'!$A:$M,8,0)),"",VLOOKUP($F197,'Raw Data'!$A:$M,8,0)) | I197: =IF(ISNA(VLOOKUP($F197,'Raw Data'!$A:$M,9,0)),"",VLOOKUP($F197,'Raw Data'!$A:$M,9,0)) | J197: =IF(ISNA(VLOOKUP($F197,'Raw Data'!$A:$M,10,0)),"",VLOOKUP($F197,'Raw Data'!$A:$M,10,0)) | K197: =IF(ISNA(VLOOKUP($F197,'Raw Data'!$A:$M,11,0)),"",VLOOKUP($F197,'Raw Data'!$A:$M,11,0)) | L197: =IF(ISNA(VLOOKUP($F197,'Raw Data'!$A:$M,12,0)),"",VLOOKUP($F197,'Raw Data'!$A:$M,12,0)) | M197: =IF(ISNA(VLOOKUP($F197,'Raw Data'!$A:$M,13,0)),"",VLOOKUP($F197,'Raw Data'!$A:$M,13,0))
A198: FGU6 | B198: 2013 | C198: 4 | D198: 760 | E198: 80 | F198: =A198&B198&C198&D198&E198 -> FGU62013476080 | G198: =IF(ISNA(VLOOKUP($F198,'Raw Data'!$A:$M,7,0)),"",VLOOKUP($F198,'Raw Data'!$A:$M,7,0)) | H198: =IF(ISNA(VLOOKUP($F198,'Raw Data'!$A:$M,8,0)),"",VLOOKUP($F198,'Raw Data'!$A:$M,8,0)) | I198: =IF(ISNA(VLOOKUP($F198,'Raw Data'!$A:$M,9,0)),"",VLOOKUP($F198,'Raw Data'!$A:$M,9,0)) | J198: =IF(ISNA(VLOOKUP($F198,'Raw Data'!$A:$M,10,0)),"",VLOOKUP($F198,'Raw Data'!$A:$M,10,0)) | K198: =IF(ISNA(VLOOKUP($F198,'Raw Data'!$A:$M,11,0)),"",VLOOKUP($F198,'Raw Data'!$A:$M,11,0)) | L198: =IF(ISNA(VLOOKUP($F198,'Raw Data'!$A:$M,12,0)),"",VLOOKUP($F198,'Raw Data'!$A:$M,12,0)) | M198: =IF(ISNA(VLOOKUP($F198,'Raw Data'!$A:$M,13,0)),"",VLOOKUP($F198,'Raw Data'!$A:$M,13,0))
A199: FGU6 | B199: 2013 | C199: 4 | D199: 780 | E199: 80 | F199: =A199&B199&C199&D199&E199 -> FGU62013478080 | G199: =IF(ISNA(VLOOKUP($F199,'Raw Data'!$A:$M,7,0)),"",VLOOKUP($F199,'Raw Data'!$A:$M,7,0)) -> 957901.84 | H199: =IF(ISNA(VLOOKUP($F199,'Raw Data'!$A:$M,8,0)),"",VLOOKUP($F199,'Raw Data'!$A:$M,8,0)) -> -51.97 | I199: =IF(ISNA(VLOOKUP($F199,'Raw Data'!$A:$M,9,0)),"",VLOOKUP($F199,'Raw Data'!$A:$M,9,0)) -> -26.97 | J199: =IF(ISNA(VLOOKUP($F199,'Raw Data'!$A:$M,10,0)),"",VLOOKUP($F199,'Raw Data'!$A:$M,10,0)) -> 25 | K199: =IF(ISNA(VLOOKUP($F199,'Raw Data'!$A:$M,11,0)),"",VLOOKUP($F199,'Raw Data'!$A:$M,11,0)) -> 24.6881 | L199: =IF(ISNA(VLOOKUP($F199,'Raw Data'!$A:$M,12,0)),"",VLOOKUP($F199,'Raw Data'!$A:$M,12,0)) -> 24.6881 | M199: =IF(ISNA(VLOOKUP($F199,'Raw Data'!$A:$M,13,0)),"",VLOOKUP($F199,'Raw Data'!$A:$M,13,0)) -> 0
A200: FGU6 | B200: 2013 | C200: 4 | D200: 620 | E200: 85 | F200: =A200&B200&C200&D200&E200 -> FGU62013462085 | G200: =IF(ISNA(VLOOKUP($F200,'Raw Data'!$A:$M,7,0)),"",VLOOKUP($F200,'Raw Data'!$A:$M,7,0)) | H200: =IF(ISNA(VLOOKUP($F200,'Raw Data'!$A:$M,8,0)),"",VLOOKUP($F200,'Raw Data'!$A:$M,8,0)) | I200: =IF(ISNA(VLOOKUP($F200,'Raw Data'!$A:$M,9,0)),"",VLOOKUP($F200,'Raw Data'!$A:$M,9,0)) | J200: =IF(ISNA(VLOOKUP($F200,'Raw Data'!$A:$M,10,0)),"",VLOOKUP($F200,'Raw Data'!$A:$M,10,0)) | K200: =IF(ISNA(VLOOKUP($F200,'Raw Data'!$A:$M,11,0)),"",VLOOKUP($F200,'Raw Data'!$A:$M,11,0)) | L200: =IF(ISNA(VLOOKUP($F200,'Raw Data'!$A:$M,12,0)),"",VLOOKUP($F200,'Raw Data'!$A:$M,12,0)) | M200: =IF(ISNA(VLOOKUP($F200,'Raw Data'!$A:$M,13,0)),"",VLOOKUP($F200,'Raw Data'!$A:$M,13,0))
A201: FGU6 | B201: 2013 | C201: 4 | D201: 640 | E201: 85 | F201: =A201&B201&C201&D201&E201 -> FGU62013464085 | G201: =IF(ISNA(VLOOKUP($F201,'Raw Data'!$A:$M,7,0)),"",VLOOKUP($F201,'Raw Data'!$A:$M,7,0)) | H201: =IF(ISNA(VLOOKUP($F201,'Raw Data'!$A:$M,8,0)),"",VLOOKUP($F201,'Raw Data'!$A:$M,8,0)) | I201: =IF(ISNA(VLOOKUP($F201,'Raw Data'!$A:$M,9,0)),"",VLOOKUP($F201,'Raw Data'!$A:$M,9,0)) | J201: =IF(ISNA(VLOOKUP($F201,'Raw Data'!$A:$M,10,0)),"",VLOOKUP($F201,'Raw Data'!$A:$M,10,0)) | K201: =IF(ISNA(VLOOKUP($F201,'Raw Data'!$A:$M,11,0)),"",VLOOKUP($F201,'Raw Data'!$A:$M,11,0)) | L201: =IF(ISNA(VLOOKUP($F201,'Raw Data'!$A:$M,12,0)),"",VLOOKUP($F201,'Raw Data'!$A:$M,12,0)) | M201: =IF(ISNA(VLOOKUP($F201,'Raw Data'!$A:$M,13,0)),"",VLOOKUP($F201,'Raw Data'!$A:$M,13,0))
A202: FGU6 | B202: 2013 | C202: 4 | D202: 660 | E202: 85 | F202: =A202&B202&C202&D202&E202 -> FGU62013466085 | G202: =IF(ISNA(VLOOKUP($F202,'Raw Data'!$A:$M,7,0)),"",VLOOKUP($F202,'Raw Data'!$A:$M,7,0)) | H202: =IF(ISNA(VLOOKUP($F202,'Raw Data'!$A:$M,8,0)),"",VLOOKUP($F202,'Raw Data'!$A:$M,8,0)) | I202: =IF(ISNA(VLOOKUP($F202,'Raw Data'!$A:$M,9,0)),"",VLOOKUP($F202,'Raw Data'!$A:$M,9,0)) | J202: =IF(ISNA(VLOOKUP($F202,'Raw Data'!$A:$M,10,0)),"",VLOOKUP($F202,'Raw Data'!$A:$M,10,0)) | K202: =IF(ISNA(VLOOKUP($F202,'Raw Data'!$A:$M,11,0)),"",VLOOKUP($F202,'Raw Data'!$A:$M,11,0)) | L202: =IF(ISNA(VLOOKUP($F202,'Raw Data'!$A:$M,12,0)),"",VLOOKUP($F202,'Raw Data'!$A:$M,12,0)) | M202: =IF(ISNA(VLOOKUP($F202,'Raw Data'!$A:$M,13,0)),"",VLOOKUP($F202,'Raw Data'!$A:$M,13,0))
... A244: FGU6 | B244: 2013 | C244: 4 | D244: 780 | E244: 100 | F244: =A244&B244&C244&D244&E244 -> FGU620134780100 | G244: =IF(ISNA(VLOOKUP($F244,'Raw Data'!$A:$M,7,0)),"",VLOOKUP($F244,'Raw Data'!$A:$M,7,0)) | H244: =IF(ISNA(VLOOKUP($F244,'Raw Data'!$A:$M,8,0)),"",VLOOKUP($F244,'Raw Data'!$A:$M,8,0)) | I244: =IF(ISNA(VLOOKUP($F244,'Raw Data'!$A:$M,9,0)),"",VLOOKUP($F244,'Raw Data'!$A:$M,9,0)) | J244: =IF(ISNA(VLOOKUP($F244,'Raw Data'!$A:$M,10,0)),"",VLOOKUP($F244,'Raw Data'!$A:$M,10,0)) | K244: =IF(ISNA(VLOOKUP($F244,'Raw Data'!$A:$M,11,0)),"",VLOOKUP($F244,'Raw Data'!$A:$M,11,0)) | L244: =IF(ISNA(VLOOKUP($F244,'Raw Data'!$A:$M,12,0)),"",VLOOKUP($F244,'Raw Data'!$A:$M,12,0)) | M244: =IF(ISNA(VLOOKUP($F244,'Raw Data'!$A:$M,13,0)),"",VLOOKUP($F244,'Raw Data'!$A:$M,13,0))
A245: FGU6 | B245: 2013 | C245: 4 | D245: 620 | E245: 100+ | F245: =A245&B245&C245&D245&E245 -> FGU620134620100+ | G245: =IF(ISNA(VLOOKUP($F245,'Raw Data'!$A:$M,7,0)),"",VLOOKUP($F245,'Raw Data'!$A:$M,7,0)) | H245: =IF(ISNA(VLOOKUP($F245,'Raw Data'!$A:$M,8,0)),"",VLOOKUP($F245,'Raw Data'!$A:$M,8,0)) | I245: =IF(ISNA(VLOOKUP($F245,'Raw Data'!$A:$M,9,0)),"",VLOOKUP($F245,'Raw Data'!$A:$M,9,0)) | J245: =IF(ISNA(VLOOKUP($F245,'Raw Data'!$A:$M,10,0)),"",VLOOKUP($F245,'Raw Data'!$A:$M,10,0)) | K245: =IF(ISNA(VLOOKUP($F245,'Raw Data'!$A:$M,11,0)),"",VLOOKUP($F245,'Raw Data'!$A:$M,11,0)) | L245: =IF(ISNA(VLOOKUP($F245,'Raw Data'!$A:$M,12,0)),"",VLOOKUP($F245,'Raw Data'!$A:$M,12,0)) | M245: =IF(ISNA(VLOOKUP($F245,'Raw Data'!$A:$M,13,0)),"",VLOOKUP($F245,'Raw Data'!$A:$M,13,0))
A246: FGU6 | B246: 2013 | C246: 4 | D246: 640 | E246: 100+ | F246: =A246&B246&C246&D246&E246 -> FGU620134640100+ | G246: =IF(ISNA(VLOOKUP($F246,'Raw Data'!$A:$M,7,0)),"",VLOOKUP($F246,'Raw Data'!$A:$M,7,0)) | H246: =IF(ISNA(VLOOKUP($F246,'Raw Data'!$A:$M,8,0)),"",VLOOKUP($F246,'Raw Data'!$A:$M,8,0)) | I246: =IF(ISNA(VLOOKUP($F246,'Raw Data'!$A:$M,9,0)),"",VLOOKUP($F246,'Raw Data'!$A:$M,9,0)) | J246: =IF(ISNA(VLOOKUP($F246,'Raw Data'!$A:$M,10,0)),"",VLOOKUP($F246,'Raw Data'!$A:$M,10,0)) | K246: =IF(ISNA(VLOOKUP($F246,'Raw Data'!$A:$M,11,0)),"",VLOOKUP($F246,'Raw Data'!$A:$M,11,0)) | L246: =IF(ISNA(VLOOKUP($F246,'Raw Data'!$A:$M,12,0)),"",VLOOKUP($F246,'Raw Data'!$A:$M,12,0)) | M246: =IF(ISNA(VLOOKUP($F246,'Raw Data'!$A:$M,13,0)),"",VLOOKUP($F246,'Raw Data'!$A:$M,13,0))
A247: FGU6 | B247: 2013 | C247: 4 | D247: 660 | E247: 100+ | F247: =A247&B247&C247&D247&E247 -> FGU620134660100+ | G247: =IF(ISNA(VLOOKUP($F247,'Raw Data'!$A:$M,7,0)),"",VLOOKUP($F247,'Raw Data'!$A:$M,7,0)) | H247: =IF(ISNA(VLOOKUP($F247,'Raw Data'!$A:$M,8,0)),"",VLOOKUP($F247,'Raw Data'!$A:$M,8,0)) | I247: =IF(ISNA(VLOOKUP($F247,'Raw Data'!$A:$M,9,0)),"",VLOOKUP($F247,'Raw Data'!$A:$M,9,0)) | J247: =IF(ISNA(VLOOKUP($F247,'Raw Data'!$A:$M,10,0)),"",VLOOKUP($F247,'Raw Data'!$A:$M,10,0)) | K247: =IF(ISNA(VLOOKUP($F247,'Raw Data'!$A:$M,11,0)),"",VLOOKUP($F247,'Raw Data'!$A:$M,11,0)) | L247: =IF(ISNA(VLOOKUP($F247,'Raw Data'!$A:$M,12,0)),"",VLOOKUP($F247,'Raw Data'!$A:$M,12,0)) | M247: =IF(ISNA(VLOOKUP($F247,'Raw Data'!$A:$M,13,0)),"",VLOOKUP($F247,'Raw Data'!$A:$M,13,0))
A248: FGU6 | B248: 2013 | C248: 4 | D248: 680 | E248: 100+ | F248: =A248&B248&C248&D248&E248 -> FGU620134680100+ | G248: =IF(ISNA(VLOOKUP($F248,'Raw Data'!$A:$M,7,0)),"",VLOOKUP($F248,'Raw Data'!$A:$M,7,0)) | H248: =IF(ISNA(VLOOKUP($F248,'Raw Data'!$A:$M,8,0)),"",VLOOKUP($F248,'Raw Data'!$A:$M,8,0)) | I248: =IF(ISNA(VLOOKUP($F248,'Raw Data'!$A:$M,9,0)),"",VLOOKUP($F248,'Raw Data'!$A:$M,9,0)) | J248: =IF(ISNA(VLOOKUP($F248,'Raw Data'!$A:$M,10,0)),"",VLOOKUP($F248,'Raw Data'!$A:$M,10,0)) | K248: =IF(ISNA(VLOOKUP($F248,'Raw Data'!$A:$M,11,0)),"",VLOOKUP($F248,'Raw Data'!$A:$M,11,0)) | L248: =IF(ISNA(VLOOKUP($F248,'Raw Data'!$A:$M,12,0)),"",VLOOKUP($F248,'Raw Data'!$A:$M,12,0)) | M248: =IF(ISNA(VLOOKUP($F248,'Raw Data'!$A:$M,13,0)),"",VLOOKUP($F248,'Raw Data'!$A:$M,13,0))
A249: FGU6 | B249: 2013 | C249: 4 | D249: 700 | E249: 100+ | F249: =A249&B249&C249&D249&E249 -> FGU620134700100+ | G249: =IF(ISNA(VLOOKUP($F249,'Raw Data'!$A:$M,7,0)),"",VLOOKUP($F249,'Raw Data'!$A:$M,7,0)) | H249: =IF(ISNA(VLOOKUP($F249,'Raw Data'!$A:$M,8,0)),"",VLOOKUP($F249,'Raw Data'!$A:$M,8,0)) | I249: =IF(ISNA(VLOOKUP($F249,'Raw Data'!$A:$M,9,0)),"",VLOOKUP($F249,'Raw Data'!$A:$M,9,0)) | J249: =IF(ISNA(VLOOKUP($F249,'Raw Data'!$A:$M,10,0)),"",VLOOKUP($F249,'Raw Data'!$A:$M,10,0)) | K249: =IF(ISNA(VLOOKUP($F249,'Raw Data'!$A:$M,11,0)),"",VLOOKUP($F249,'Raw Data'!$A:$M,11,0)) | L249: =IF(ISNA(VLOOKUP($F249,'Raw Data'!$A:$M,12,0)),"",VLOOKUP($F249,'Raw Data'!$A:$M,12,0)) | M249: =IF(ISNA(VLOOKUP($F249,'Raw Data'!$A:$M,13,0)),"",VLOOKUP($F249,'Raw Data'!$A:$M,13,0))
A250: FGU6 | B250: 2013 | C250: 4 | D250: 720 | E250: 100+ | F250: =A250&B250&C250&D250&E250 -> FGU620134720100+ | G250: =IF(ISNA(VLOOKUP($F250,'Raw Data'!$A:$M,7,0)),"",VLOOKUP($F250,'Raw Data'!$A:$M,7,0)) | H250: =IF(ISNA(VLOOKUP($F250,'Raw Data'!$A:$M,8,0)),"",VLOOKUP($F250,'Raw Data'!$A:$M,8,0)) | I250: =IF(ISNA(VLOOKUP($F250,'Raw Data'!$A:$M,9,0)),"",VLOOKUP($F250,'Raw Data'!$A:$M,9,0)) | J250: =IF(ISNA(VLOOKUP($F250,'Raw Data'!$A:$M,10,0)),"",VLOOKUP($F250,'Raw Data'!$A:$M,10,0)) | K250: =IF(ISNA(VLOOKUP($F250,'Raw Data'!$A:$M,11,0)),"",VLOOKUP($F250,'Raw Data'!$A:$M,11,0)) | L250: =IF(ISNA(VLOOKUP($F250,'Raw Data'!$A:$M,12,0)),"",VLOOKUP($F250,'Raw Data'!$A:$M,12,0)) | M250: =IF(ISNA(VLOOKUP($F250,'Raw Data'!$A:$M,13,0)),"",VLOOKUP($F250,'Raw Data'!$A:$M,13,0))
A251: FGU6 | B251: 2013 | C251: 4 | D251: 740 | E251: 100+ | F251: =A251&B251&C251&D251&E251 -> FGU620134740100+ | G251: =IF(ISNA(VLOOKUP($F251,'Raw Data'!$A:$M,7,0)),"",VLOOKUP($F251,'Raw Data'!$A:$M,7,0)) | H251: =IF(ISNA(VLOOKUP($F251,'Raw Data'!$A:$M,8,0)),"",VLOOKUP($F251,'Raw Data'!$A:$M,8,0)) | I251: =IF(ISNA(VLOOKUP($F251,'Raw Data'!$A:$M,9,0)),"",VLOOKUP($F251,'Raw Data'!$A:$M,9,0)) | J251: =IF(ISNA(VLOOKUP($F251,'Raw Data'!$A:$M,10,0)),"",VLOOKUP($F251,'Raw Data'!$A:$M,10,0)) | K251: =IF(ISNA(VLOOKUP($F251,'Raw Data'!$A:$M,11,0)),"",VLOOKUP($F251,'Raw Data'!$A:$M,11,0)) | L251: =IF(ISNA(VLOOKUP($F251,'Raw Data'!$A:$M,12,0)),"",VLOOKUP($F251,'Raw Data'!$A:$M,12,0)) | M251: =IF(ISNA(VLOOKUP($F251,'Raw Data'!$A:$M,13,0)),"",VLOOKUP($F251,'Raw Data'!$A:$M,13,0))
A252: FGU6 | B252: 2013 | C252: 4 | D252: 760 | E252: 100+ | F252: =A252&B252&C252&D252&E252 -> FGU620134760100+ | G252: =IF(ISNA(VLOOKUP($F252,'Raw Data'!$A:$M,7,0)),"",VLOOKUP($F252,'Raw Data'!$A:$M,7,0)) | H252: =IF(ISNA(VLOOKUP($F252,'Raw Data'!$A:$M,8,0)),"",VLOOKUP($F252,'Raw Data'!$A:$M,8,0)) | I252: =IF(ISNA(VLOOKUP($F252,'Raw Data'!$A:$M,9,0)),"",VLOOKUP($F252,'Raw Data'!$A:$M,9,0)) | J252: =IF(ISNA(VLOOKUP($F252,'Raw Data'!$A:$M,10,0)),"",VLOOKUP($F252,'Raw Data'!$A:$M,10,0)) | K252: =IF(ISNA(VLOOKUP($F252,'Raw Data'!$A:$M,11,0)),"",VLOOKUP($F252,'Raw Data'!$A:$M,11,0)) | L252: =IF(ISNA(VLOOKUP($F252,'Raw Data'!$A:$M,12,0)),"",VLOOKUP($F252,'Raw Data'!$A:$M,12,0)) | M252: =IF(ISNA(VLOOKUP($F252,'Raw Data'!$A:$M,13,0)),"",VLOOKUP($F252,'Raw Data'!$A:$M,13,0))
A253: FGU6 | B253: 2013 | C253: 4 | D253: 780 | E253: 100+ | F253: =A253&B253&C253&D253&E253 -> FGU620134780100+ | G253: =IF(ISNA(VLOOKUP($F253,'Raw Data'!$A:$M,7,0)),"",VLOOKUP($F253,'Raw Data'!$A:$M,7,0)) | H253: =IF(ISNA(VLOOKUP($F253,'Raw Data'!$A:$M,8,0)),"",VLOOKUP($F253,'Raw Data'!$A:$M,8,0)) | I253: =IF(ISNA(VLOOKUP($F253,'Raw Data'!$A:$M,9,0)),"",VLOOKUP($F253,'Raw Data'!$A:$M,9,0)) | J253: =IF(ISNA(VLOOKUP($F253,'Raw Data'!$A:$M,10,0)),"",VLOOKUP($F253,'Raw Data'!$A:$M,10,0)) | K253: =IF(ISNA(VLOOKUP($F253,'Raw Data'!$A:$M,11,0)),"",VLOOKUP($F253,'Raw Data'!$A:$M,11,0)) | L253: =IF(ISNA(VLOOKUP($F253,'Raw Data'!$A:$M,12,0)),"",VLOOKUP($F253,'Raw Data'!$A:$M,12,0)) | M253: =IF(ISNA(VLOOKUP($F253,'Raw Data'!$A:$M,13,0)),"",VLOOKUP($F253,'Raw Data'!$A:$M,13,0))
A254: FGU6 | B254: 2014 | C254: 4 | D254: 620 | E254: 80 | F254: =A254&B254&C254&D254&E254 -> FGU62014462080 | G254: =IF(ISNA(VLOOKUP($F254,'Raw Data'!$A:$M,7,0)),"",VLOOKUP($F254,'Raw Data'!$A:$M,7,0)) | H254: =IF(ISNA(VLOOKUP($F254,'Raw Data'!$A:$M,8,0)),"",VLOOKUP($F254,'Raw Data'!$A:$M,8,0)) | I254: =IF(ISNA(VLOOKUP($F254,'Raw Data'!$A:$M,9,0)),"",VLOOKUP($F254,'Raw Data'!$A:$M,9,0)) | J254: =IF(ISNA(VLOOKUP($F254,'Raw Data'!$A:$M,10,0)),"",VLOOKUP($F254,'Raw Data'!$A:$M,10,0)) | K254: =IF(ISNA(VLOOKUP($F254,'Raw Data'!$A:$M,11,0)),"",VLOOKUP($F254,'Raw Data'!$A:$M,11,0)) | L254: =IF(ISNA(VLOOKUP($F254,'Raw Data'!$A:$M,12,0)),"",VLOOKUP($F254,'Raw Data'!$A:$M,12,0)) | M254: =IF(ISNA(VLOOKUP($F254,'Raw Data'!$A:$M,13,0)),"",VLOOKUP($F254,'Raw Data'!$A:$M,13,0))
A255: FGU6 | B255: 2014 | C255: 4 | D255: 640 | E255: 80 | F255: =A255&B255&C255&D255&E255 -> FGU62014464080 | G255: =IF(ISNA(VLOOKUP($F255,'Raw Data'!$A:$M,7,0)),"",VLOOKUP($F255,'Raw Data'!$A:$M,7,0)) | H255: =IF(ISNA(VLOOKUP($F255,'Raw Data'!$A:$M,8,0)),"",VLOOKUP($F255,'Raw Data'!$A:$M,8,0)) | I255: =IF(ISNA(VLOOKUP($F255,'Raw Data'!$A:$M,9,0)),"",VLOOKUP($F255,'Raw Data'!$A:$M,9,0)) | J255: =IF(ISNA(VLOOKUP($F255,'Raw Data'!$A:$M,10,0)),"",VLOOKUP($F255,'Raw Data'!$A:$M,10,0)) | K255: =IF(ISNA(VLOOKUP($F255,'Raw Data'!$A:$M,11,0)),"",VLOOKUP($F255,'Raw Data'!$A:$M,11,0)) | L255: =IF(ISNA(VLOOKUP($F255,'Raw Data'!$A:$M,12,0)),"",VLOOKUP($F255,'Raw Data'!$A:$M,12,0)) | M255: =IF(ISNA(VLOOKUP($F255,'Raw Data'!$A:$M,13,0)),"",VLOOKUP($F255,'Raw Data'!$A:$M,13,0))
A256: FGU6 | B256: 2014 | C256: 4 | D256: 660 | E256: 80 | F256: =A256&B256&C256&D256&E256 -> FGU62014466080 | G256: =IF(ISNA(VLOOKUP($F256,'Raw Data'!$A:$M,7,0)),"",VLOOKUP($F256,'Raw Data'!$A:$M,7,0)) | H256: =IF(ISNA(VLOOKUP($F256,'Raw Data'!$A:$M,8,0)),"",VLOOKUP($F256,'Raw Data'!$A:$M,8,0)) | I256: =IF(ISNA(VLOOKUP($F256,'Raw Data'!$A:$M,9,0)),"",VLOOKUP($F256,'Raw Data'!$A:$M,9,0)) | J256: =IF(ISNA(VLOOKUP($F256,'Raw Data'!$A:$M,10,0)),"",VLOOKUP($F256,'Raw Data'!$A:$M,10,0)) | K256: =IF(ISNA(VLOOKUP($F256,'Raw Data'!$A:$M,11,0)),"",VLOOKUP($F256,'Raw Data'!$A:$M,11,0)) | L256: =IF(ISNA(VLOOKUP($F256,'Raw Data'!$A:$M,12,0)),"",VLOOKUP($F256,'Raw Data'!$A:$M,12,0)) | M256: =IF(ISNA(VLOOKUP($F256,'Raw Data'!$A:$M,13,0)),"",VLOOKUP($F256,'Raw Data'!$A:$M,13,0))
A257: FGU6 | B257: 2014 | C257: 4 | D257: 680 | E257: 80 | F257: =A257&B257&C257&D257&E257 -> FGU62014468080 | G257: =IF(ISNA(VLOOKUP($F257,'Raw Data'!$A:$M,7,0)),"",VLOOKUP($F257,'Raw Data'!$A:$M,7,0)) | H257: =IF(ISNA(VLOOKUP($F257,'Raw Data'!$A:$M,8,0)),"",VLOOKUP($F257,'Raw Data'!$A:$M,8,0)) | I257: =IF(ISNA(VLOOKUP($F257,'Raw Data'!$A:$M,9,0)),"",VLOOKUP($F257,'Raw Data'!$A:$M,9,0)) | J257: =IF(ISNA(VLOOKUP($F257,'Raw Data'!$A:$M,10,0)),"",VLOOKUP($F257,'Raw Data'!$A:$M,10,0)) | K257: =IF(ISNA(VLOOKUP($F257,'Raw Data'!$A:$M,11,0)),"",VLOOKUP($F257,'Raw Data'!$A:$M,11,0)) | L257: =IF(ISNA(VLOOKUP($F257,'Raw Data'!$A:$M,12,0)),"",VLOOKUP($F257,'Raw Data'!$A:$M,12,0)) | M257: =IF(ISNA(VLOOKUP($F257,'Raw Data'!$A:$M,13,0)),"",VLOOKUP($F257,'Raw Data'!$A:$M,13,0))
A258: FGU6 | B258: 2014 | C258: 4 | D258: 700 | E258: 80 | F258: =A258&B258&C258&D258&E258 -> FGU62014470080 | G258: =IF(ISNA(VLOOKUP($F258,'Raw Data'!$A:$M,7,0)),"",VLOOKUP($F258,'Raw Data'!$A:$M,7,0)) | H258: =IF(ISNA(VLOOKUP($F258,'Raw Data'!$A:$M,8,0)),"",VLOOKUP($F258,'Raw Data'!$A:$M,8,0)) | I258: =IF(ISNA(VLOOKUP($F258,'Raw Data'!$A:$M,9,0)),"",VLOOKUP($F258,'Raw Data'!$A:$M,9,0)) | J258: =IF(ISNA(VLOOKUP($F258,'Raw Data'!$A:$M,10,0)),"",VLOOKUP($F258,'Raw Data'!$A:$M,10,0)) | K258: =IF(ISNA(VLOOKUP($F258,'Raw Data'!$A:$M,11,0)),"",VLOOKUP($F258,'Raw Data'!$A:$M,11,0)) | L258: =IF(ISNA(VLOOKUP($F258,'Raw Data'!$A:$M,12,0)),"",VLOOKUP($F258,'Raw Data'!$A:$M,12,0)) | M258: =IF(ISNA(VLOOKUP($F258,'Raw Data'!$A:$M,13,0)),"",VLOOKUP($F258,'Raw Data'!$A:$M,13,0))
A259: FGU6 | B259: 2014 | C259: 4 | D259: 720 | E259: 80 | F259: =A259&B259&C259&D259&E259 -> FGU62014472080 | G259: =IF(ISNA(VLOOKUP($F259,'Raw Data'!$A:$M,7,0)),"",VLOOKUP($F259,'Raw Data'!$A:$M,7,0)) | H259: =IF(ISNA(VLOOKUP($F259,'Raw Data'!$A:$M,8,0)),"",VLOOKUP($F259,'Raw Data'!$A:$M,8,0)) | I259: =IF(ISNA(VLOOKUP($F259,'Raw Data'!$A:$M,9,0)),"",VLOOKUP($F259,'Raw Data'!$A:$M,9,0)) | J259: =IF(ISNA(VLOOKUP($F259,'Raw Data'!$A:$M,10,0)),"",VLOOKUP($F259,'Raw Data'!$A:$M,10,0)) | K259: =IF(ISNA(VLOOKUP($F259,'Raw Data'!$A:$M,11,0)),"",VLOOKUP($F259,'Raw Data'!$A:$M,11,0)) | L259: =IF(ISNA(VLOOKUP($F259,'Raw Data'!$A:$M,12,0)),"",VLOOKUP($F259,'Raw Data'!$A:$M,12,0)) | M259: =IF(ISNA(VLOOKUP($F259,'Raw Data'!$A:$M,13,0)),"",VLOOKUP($F259,'Raw Data'!$A:$M,13,0))
A260: FGU6 | B260: 2014 | C260: 4 | D260: 740 | E260: 80 | F260: =A260&B260&C260&D260&E260 -> FGU62014474080 | G260: =IF(ISNA(VLOOKUP($F260,'Raw Data'!$A:$M,7,0)),"",VLOOKUP($F260,'Raw Data'!$A:$M,7,0)) | H260: =IF(ISNA(VLOOKUP($F260,'Raw Data'!$A:$M,8,0)),"",VLOOKUP($F260,'Raw Data'!$A:$M,8,0)) | I260: =IF(ISNA(VLOOKUP($F260,'Raw Data'!$A:$M,9,0)),"",VLOOKUP($F260,'Raw Data'!$A:$M,9,0)) | J260: =IF(ISNA(VLOOKUP($F260,'Raw Data'!$A:$M,10,0)),"",VLOOKUP($F260,'Raw Data'!$A:$M,10,0)) | K260: =IF(ISNA(VLOOKUP($F260,'Raw Data'!$A:$M,11,0)),"",VLOOKUP($F260,'Raw Data'!$A:$M,11,0)) | L260: =IF(ISNA(VLOOKUP($F260,'Raw Data'!$A:$M,12,0)),"",VLOOKUP($F260,'Raw Data'!$A:$M,12,0)) | M260: =IF(ISNA(VLOOKUP($F260,'Raw Data'!$A:$M,13,0)),"",VLOOKUP($F260,'Raw Data'!$A:$M,13,0))
A261: FGU6 | B261: 2014 | C261: 4 | D261: 760 | E261: 80 | F261: =A261&B261&C261&D261&E261 -> FGU62014476080 | G261: =IF(ISNA(VLOOKUP($F261,'Raw Data'!$A:$M,7,0)),"",VLOOKUP($F261,'Raw Data'!$A:$M,7,0)) | H261: =IF(ISNA(VLOOKUP($F261,'Raw Data'!$A:$M,8,0)),"",VLOOKUP($F261,'Raw Data'!$A:$M,8,0)) | I261: =IF(ISNA(VLOOKUP($F261,'Raw Data'!$A:$M,9,0)),"",VLOOKUP($F261,'Raw Data'!$A:$M,9,0)) | J261: =IF(ISNA(VLOOKUP($F261,'Raw Data'!$A:$M,10,0)),"",VLOOKUP($F261,'Raw Data'!$A:$M,10,0)) | K261: =IF(ISNA(VLOOKUP($F261,'Raw Data'!$A:$M,11,0)),"",VLOOKUP($F261,'Raw Data'!$A:$M,11,0)) | L261: =IF(ISNA(VLOOKUP($F261,'Raw Data'!$A:$M,12,0)),"",VLOOKUP($F261,'Raw Data'!$A:$M,12,0)) | M261: =IF(ISNA(VLOOKUP($F261,'Raw Data'!$A:$M,13,0)),"",VLOOKUP($F261,'Raw Data'!$A:$M,13,0))
A262: FGU6 | B262: 2014 | C262: 4 | D262: 780 | E262: 80 | F262: =A262&B262&C262&D262&E262 -> FGU62014478080 | G262: =IF(ISNA(VLOOKUP($F262,'Raw Data'!$A:$M,7,0)),"",VLOOKUP($F262,'Raw Data'!$A:$M,7,0)) | H262: =IF(ISNA(VLOOKUP($F262,'Raw Data'!$A:$M,8,0)),"",VLOOKUP($F262,'Raw Data'!$A:$M,8,0)) | I262: =IF(ISNA(VLOOKUP($F262,'Raw Data'!$A:$M,9,0)),"",VLOOKUP($F262,'Raw Data'!$A:$M,9,0)) | J262: =IF(ISNA(VLOOKUP($F262,'Raw Data'!$A:$M,10,0)),"",VLOOKUP($F262,'Raw Data'!$A:$M,10,0)) | K262: =IF(ISNA(VLOOKUP($F262,'Raw Data'!$A:$M,11,0)),"",VLOOKUP($F262,'Raw Data'!$A:$M,11,0)) | L262: =IF(ISNA(VLOOKUP($F262,'Raw Data'!$A:$M,12,0)),"",VLOOKUP($F262,'Raw Data'!$A:$M,12,0)) | M262: =IF(ISNA(VLOOKUP($F262,'Raw Data'!$A:$M,13,0)),"",VLOOKUP($F262,'Raw Data'!$A:$M,13,0))
A263: FGU6 | B263: 2014 | C263: 4 | D263: 620 | E263: 85 | F263: =A263&B263&C263&D263&E263 -> FGU62014462085 | G263: =IF(ISNA(VLOOKUP($F263,'Raw Data'!$A:$M,7,0)),"",VLOOKUP($F263,'Raw Data'!$A:$M,7,0)) | H263: =IF(ISNA(VLOOKUP($F263,'Raw Data'!$A:$M,8,0)),"",VLOOKUP($F263,'Raw Data'!$A:$M,8,0)) | I263: =IF(ISNA(VLOOKUP($F263,'Raw Data'!$A:$M,9,0)),"",VLOOKUP($F263,'Raw Data'!$A:$M,9,0)) | J263: =IF(ISNA(VLOOKUP($F263,'Raw Data'!$A:$M,10,0)),"",VLOOKUP($F263,'Raw Data'!$A:$M,10,0)) | K263: =IF(ISNA(VLOOKUP($F263,'Raw Data'!$A:$M,11,0)),"",VLOOKUP($F263,'Raw Data'!$A:$M,11,0)) | L263: =IF(ISNA(VLOOKUP($F263,'Raw Data'!$A:$M,12,0)),"",VLOOKUP($F263,'Raw Data'!$A:$M,12,0)) | M263: =IF(ISNA(VLOOKUP($F263,'Raw Data'!$A:$M,13,0)),"",VLOOKUP($F263,'Raw Data'!$A:$M,13,0))
A264: FGU6 | B264: 2014 | C264: 4 | D264: 640 | E264: 85 | F264: =A264&B264&C264&D264&E264 -> FGU62014464085 | G264: =IF(ISNA(VLOOKUP($F264,'Raw Data'!$A:$M,7,0)),"",VLOOKUP($F264,'Raw Data'!$A:$M,7,0)) | H264: =IF(ISNA(VLOOKUP($F264,'Raw Data'!$A:$M,8,0)),"",VLOOKUP($F264,'Raw Data'!$A:$M,8,0)) | I264: =IF(ISNA(VLOOKUP($F264,'Raw Data'!$A:$M,9,0)),"",VLOOKUP($F264,'Raw Data'!$A:$M,9,0)) | J264: =IF(ISNA(VLOOKUP($F264,'Raw Data'!$A:$M,10,0)),"",VLOOKUP($F264,'Raw Data'!$A:$M,10,0)) | K264: =IF(ISNA(VLOOKUP($F264,'Raw Data'!$A:$M,11,0)),"",VLOOKUP($F264,'Raw Data'!$A:$M,11,0)) | L264: =IF(ISNA(VLOOKUP($F264,'Raw Data'!$A:$M,12,0)),"",VLOOKUP($F264,'Raw Data'!$A:$M,12,0)) | M264: =IF(ISNA(VLOOKUP($F264,'Raw Data'!$A:$M,13,0)),"",VLOOKUP($F264,'Raw Data'!$A:$M,13,0))
...

Sheet Pivot
A1: OrigYear | B1: 2012
A2: coupon | B2: 4.5
A3: marketTicker | B3: FGU9
A4: FICO | B4: CLTV
B5: 80 | C5: 85 | D5: 90 | E5: 95 | F5: 97 | G5: 100 | H5: 100+
A6: Sum of fha_refi_incentive_new
A7: 680 | B7: 0 | C7: 0 | D7: 0 | E7: 0 | F7: 0 | G7: 0 | H7: 0
A8: 700 | B8: 0 | C8: 0 | D8: 0 | E8: 46.0181 | F8: 0 | G8: 0 | H8: 0
A9: 720 | B9: 0 | C9: 0 | D9: 0 | E9: 0 | F9: 0 | G9: 34.423707 | H9: 21.1241
A10: 740 | B10: 0 | C10: 0 | D10: 0 | E10: 23.1645 | F10: 0 | G10: 45.3789 | H10: 22.915629
A11: 780 | B11: 0 | C11: 0 | D11: 0 | E11: 0 | F11: 0 | G11: 0 | H11: 48.871697
A12: 760 | B12: 0 | C12: 0 | D12: 0 | E12: 0 | F12: 20.9277 | G12: 0 | H12: 40.815215
A13: 620 | B13: 0 | C13: 0 | D13: 0 | E13: 0 | F13: 0 | G13: 0 | H13: 0
A14: 640 | B14: 0 | C14: 0 | D14: 0 | E14: 0 | F14: 0 | G14: 0 | H14: 0
A15: 660 | B15: 0 | C15: 0 | D15: 0 | E15: 0 | F15: 0 | G15: 0 | H15: 0
A16: Sum of fha_refi_incentive_old
A17: 680 | B17: 0 | C17: 0 | D17: 0 | E17: 0 | F17: 0 | G17: 0 | H17: 0
A18: 700 | B18: 0 | C18: 0 | D18: 0 | E18: 21.0186 | F18: 0 | G18: 0 | H18: 0
A19: 720 | B19: 0 | C19: 0 | D19: 0 | E19: 0 | F19: 0 | G19: 9.4287266 | H19: -3.8733
A20: 740 | B20: 0 | C20: 0 | D20: 0 | E20: -1.8287 | F20: 0 | G20: 20.382 | H20: -2.080405
A21: 780 | B21: 0 | C21: 0 | D21: 0 | E21: 0 | F21: 0 | G21: 0 | H21: 23.874875
A22: 760 | B22: 0 | C22: 0 | D22: 0 | E22: 0 | F22: -4.064 | G22: 0 | H22: 15.819866
A23: 620 | B23: 0 | C23: 0 | D23: 0 | E23: 0 | F23: 0 | G23: 0 | H23: 0
A24: 640 | B24: 0 | C24: 0 | D24: 0 | E24: 0 | F24: 0 | G24: 0 | H24: 0
A25: 660 | B25: 0 | C25: 0 | D25: 0 | E25: 0 | F25: 0 | G25: 0 | H25: 0
A26: Sum of fha_refi_incentive_delta
A27: 680 | B27: 0 | C27: 0 | D27: 0 | E27: 0 | F27: 0 | G27: 0 | H27: 0
A28: 700 | B28: 0 | C28: 0 | D28: 0 | E28: 24.9995 | F28: 0 | G28: 0 | H28: 0
A29: 720 | B29: 0 | C29: 0 | D29: 0 | E29: 0 | F29: 0 | G29: 24.994981 | H29: 24.9974
A30: 740 | B30: 0 | C30: 0 | D30: 0 | E30: 24.9932 | F30: 0 | G30: 24.9969 | H30: 24.996034
A31: 780 | B31: 0 | C31: 0 | D31: 0 | E31: 0 | F31: 0 | G31: 0 | H31: 24.996822
A32: 760 | B32: 0 | C32: 0 | D32: 0 | E32: 0 | F32: 24.9917 | G32: 0 | H32: 24.995349
A33: 620 | B33: 0 | C33: 0 | D33: 0 | E33: 0 | F33: 0 | G33: 0 | H33: 0
A34: 640 | B34: 0 | C34: 0 | D34: 0 | E34: 0 | F34: 0 | G34: 0 | H34: 0
A35: 660 | B35: 0 | C35: 0 | D35: 0 | E35: 0 | F35: 0 | G35: 0 | H35: 0
A36: Sum of refi_incentive_new
A37: 680 | B37: 0 | C37: 0 | D37: 0 | E37: 0 | F37: 0 | G37: 0 | H37: 0
A38: 700 | B38: 0 | C38: 0 | D38: 0 | E38: 55.5556 | F38: 0 | G38: 0 | H38: 0
A39: 720 | B39: 0 | C39: 0 | D39: 0 | E39: 0 | F39: 0 | G39: 41.58506 | H39: 30.2417
A40: 740 | B40: 0 | C40: 0 | D40: 0 | E40: 38.0833 | F40: 0 | G40: 49.2505 | H40: 29.022976
A41: 780 | B41: 0 | C41: 0 | D41: 0 | E41: 0 | F41: 0 | G41: 0 | H41: 58.024694
A42: 760 | B42: 0 | C42: 0 | D42: 0 | E42: 0 | F42: 37.6154 | G42: 0 | H42: 48.658414
A43: 620 | B43: 0 | C43: 0 | D43: 0 | E43: 0 | F43: 0 | G43: 0 | H43: 0
A44: 640 | B44: 0 | C44: 0 | D44: 0 | E44: 0 | F44: 0 | G44: 0 | H44: 0
A45: 660 | B45: 0 | C45: 0 | D45: 0 | E45: 0 | F45: 0 | G45: 0 | H45: 0
A46: Sum of refi_incentive_old
A47: 680 | B47: 0 | C47: 0 | D47: 0 | E47: 0 | F47: 0 | G47: 0 | H47: 0
A48: 700 | B48: 0 | C48: 0 | D48: 0 | E48: 37.4653 | F48: 0 | G48: 0 | H48: 0
A49: 720 | B49: 0 | C49: 0 | D49: 0 | E49: 0 | F49: 0 | G49: 22.897873 | H49: 12.1027
A50: 740 | B50: 0 | C50: 0 | D50: 0 | E50: 24.6983 | F50: 0 | G50: 27.9019 | H50: 10.451983
A51: 780 | B51: 0 | C51: 0 | D51: 0 | E51: 0 | F51: 0 | G51: 0 | H51: 40.063767
A52: 760 | B52: 0 | C52: 0 | D52: 0 | E52: 0 | F52: 24.7962 | G52: 0 | H52: 31.276532
A53: 620 | B53: 0 | C53: 0 | D53: 0 | E53: 0 | F53: 0 | G53: 0 | H53: 0
A54: 640 | B54: 0 | C54: 0 | D54: 0 | E54: 0 | F54: 0 | G54: 0 | H54: 0
A55: 660 | B55: 0 | C55: 0 | D55: 0 | E55: 0 | F55: 0 | G55: 0 | H55: 0
A56: Sum of refi_incentive_delta
A57: 680 | B57: 0 | C57: 0 | D57: 0 | E57: 0 | F57: 0 | G57: 0 | H57: 0
A58: 700 | B58: 0 | C58: 0 | D58: 0 | E58: 18.0903 | F58: 0 | G58: 0 | H58: 0
A59: 720 | B59: 0 | C59: 0 | D59: 0 | E59: 0 | F59: 0 | G59: 18.687186 | H59: 18.139
A60: 740 | B60: 0 | C60: 0 | D60: 0 | E60: 13.385 | F60: 0 | G60: 21.3486 | H60: 18.570993
A61: 780 | B61: 0 | C61: 0 | D61: 0 | E61: 0 | F61: 0 | G61: 0 | H61: 17.960927
A62: 760 | B62: 0 | C62: 0 | D62: 0 | E62: 0 | F62: 12.8192 | G62: 0 | H62: 17.381882
A63: 620 | B63: 0 | C63: 0 | D63: 0 | E63: 0 | F63: 0 | G63: 0 | H63: 0
A64: 640 | B64: 0 | C64: 0 | D64: 0 | E64: 0 | F64: 0 | G64: 0 | H64: 0
A65: 660 | B65: 0 | C65: 0 | D65: 0 | E65: 0 | F65: 0 | G65: 0 | H65: 0
A66: Sum of total_balance
A67: 680 | B67: 0 | C67: 0 | D67: 0 | E67: 0 | F67: 0 | G67: 0 | H67: 0
A68: 700 | B68: 0 | C68: 0 | D68: 0 | E68: 0.0072806022 | F68: 0 | G68: 0 | H68: 0
A69: 720 | B69: 0 | C69: 0 | D69: 0 | E69: 0 | F69: 0 | G69: 0.049662037 | H69: 0.025937263
A70: 740 | B70: 0 | C70: 0 | D70: 0 | E70: 0.030858104 | F70: 0 | G70: 0.0089402176 | H70: 0.28323236
A71: 780 | B71: 0 | C71: 0 | D71: 0 | E71: 0 | F71: 0 | G71: 0 | H71: 0.017632545
A72: 760 | B72: 0 | C72: 0 | D72: 0 | E72: 0 | F72: 0.42662922 | G72: 0 | H72: 0.14982765
A73: 620 | B73: 0 | C73: 0 | D73: 0 | E73: 0 | F73: 0 | G73: 0 | H73: 0
A74: 640 | B74: 0 | C74: 0 | D74: 0 | E74: 0 | F74: 0 | G74: 0 | H74: 0
A75: 660 | B75: 0 | C75: 0 | D75: 0 | E75: 0 | F75: 0 | G75: 0 | H75: 0

Sheet U9-2010-4.5
D1: FGU9 2010 4.5
A3: Incentive to FHA - Old
B4: CLTV
A5: FICO | B5: 0 and < 80 | C5: >= 80 and < 85 | D5: >= 85 and < 90 | E5: >= 90 and < 95 | F5: >= 95 and < 97 | G5: >= 97 and < 100 | H5: >= 100
A6: <620
A7: 660
A8: 680
A9: 700 | E9: 21.0186
A10: 720 | G10: 9.4287266 | H10: -3.8733
A11: 740 | E11: -1.8287 | G11: 20.382 | H11: -2.080405
A12: 760 | F12: -4.064 | H12: 16.66801
A13: >= 780
A15: Incentive to FHA - New
B16: CLTV
A17: FICO | B17: 0 and < 80 | C17: >= 80 and < 85 | D17: >= 85 and < 90 | E17: >= 90 and < 95 | F17: >= 95 and < 97 | G17: >= 97 and < 100 | H17: >= 100
A18: <620
A19: 660
A20: 680
A21: 700 | E21: 46.0181
A22: 720 | G22: 34.423707 | H22: 21.1241
A23: 740 | E23: 23.1645 | G23: 45.3789 | H23: 22.915629
A24: 760 | F24: 20.9277 | H24: 41.663514
A25: >= 780
A27: Incentive to FHA - Delta | D27: (New - Old)
B28: CLTV
A29: FICO | B29: 0 and < 80 | C29: >= 80 and < 85 | D29: >= 85 and < 90 | E29: >= 90 and < 95 | F29: >= 95 and < 97 | G29: >= 97 and < 100 | H29: >= 100
A30: <620 | B30: =B18-B6 -> 0 | C30: =C18-C6 -> 0 | D30: =D18-D6 -> 0 | E30: =E18-E6 -> 0 | F30: =F18-F6 -> 0 | G30: =G18-G6 -> 0 | H30: =H18-H6 -> 0
A31: 660 | B31: =B19-B7 -> 0 | C31: =C19-C7 -> 0 | D31: =D19-D7 -> 0 | E31: =E19-E7 -> 0 | F31: =F19-F7 -> 0 | G31: =G19-G7 -> 0 | H31: =H19-H7 -> 0
A32: 680 | B32: =B20-B8 -> 0 | C32: =C20-C8 -> 0 | D32: =D20-D8 -> 0 | E32: =E20-E8 -> 0 | F32: =F20-F8 -> 0 | G32: =G20-G8 -> 0 | H32: =H20-H8 -> 0
A33: 700 | B33: =B21-B9 -> 0 | C33: =C21-C9 -> 0 | D33: =D21-D9 -> 0 | E33: =E21-E9 -> 24.9995 | F33: =F21-F9 -> 0 | G33: =G21-G9 -> 0 | H33: =H21-H9 -> 0
A34: 720 | B34: =B22-B10 -> 0 | C34: =C22-C10 -> 0 | D34: =D22-D10 -> 0 | E34: =E22-E10 -> 0 | F34: =F22-F10 -> 0 | G34: =G22-G10 -> 24.994981 | H34: =H22-H10 -> 24.9974
A35: 740 | B35: =B23-B11 -> 0 | C35: =C23-C11 -> 0 | D35: =D23-D11 -> 0 | E35: =E23-E11 -> 24.9932 | F35: =F23-F11 -> 0 | G35: =G23-G11 -> 24.9969 | H35: =H23-H11 -> 24.996034
A36: 760 | B36: =B24-B12 -> 0 | C36: =C24-C12 -> 0 | D36: =D24-D12 -> 0 | E36: =E24-E12 -> 0 | F36: =F24-F12 -> 24.9917 | G36: =G24-G12 -> 0 | H36: =H24-H12 -> 24.995504
A37: >= 780 | B37: =B25-B13 -> 0 | C37: =C25-C13 -> 0 | D37: =D25-D13 -> 0 | E37: =E25-E13 -> 0 | F37: =F25-F13 -> 0 | G37: =G25-G13 -> 0 | H37: =H25-H13 -> 0
A39: Balance Distribution
B40: CLTV
A41: FICO | B41: 0 and < 80 | C41: >= 80 and < 85 | D41: >= 85 and < 90 | E41: >= 90 and < 95 | F41: >= 95 and < 97 | G41: >= 97 and < 100 | H41: >= 100
A42: <620
A43: 660
A44: 680
A45: 700 | E45: 0.0072806022 | F45: 0 | G45: 0 | H45: 0
A46: 720 | E46: 0 | F46: 0 | G46: 0.049662037 | H46: 0.025937263
A47: 740 | E47: 0.030858104 | F47: 0 | G47: 0.0089402176 | H47: 0.28323236
A48: 760 | E48: 0 | F48: 0.42662922 | G48: 0 | H48: 0.1674602
A49: >= 780
A56: Refi Incentive - Old | D56: (as the max number of FHA_incentive and conv_incentive)
B57: CLTV
A58: FICO | B58: 0 and < 80 | C58: >= 80 and < 85 | D58: >= 85 and < 90 | E58: >= 90 and < 95 | F58: >= 95 and < 97 | G58: >= 97 and < 100 | H58: >= 100
A59: <620
A60: 660
A61: 680
A62: 700 | E62: 37.4653
A63: 720 | G63: 22.897873 | H63: 12.1027
A64: 740 | E64: 24.6983 | G64: 27.9019 | H64: 10.451983
A65: 760 | F65: 24.7962 | H65: 32.201775
A66: >= 780
A68: Refi Incentive - New
B69: CLTV
A70: FICO | B70: 0 and < 80 | C70: >= 80 and < 85 | D70: >= 85 and < 90 | E70: >= 90 and < 95 | F70: >= 95 and < 97 | G70: >= 97 and < 100 | H70: >= 100
A71: <620
A72: 660
A73: 680
A74: 700 | E74: 55.5556
A75: 720 | G75: 41.58506 | H75: 30.2417
A76: 740 | E76: 38.0833 | G76: 49.2505 | H76: 29.022976
A77: 760 | F77: 37.6154 | H77: 49.644627
A78: >= 780
A80: Refi Incentive - Delta | D80: (New - Old)
B81: CLTV
A82: FICO | B82: 0 and < 80 | C82: >= 80 and < 85 | D82: >= 85 and < 90 | E82: >= 90 and < 95 | F82: >= 95 and < 97 | G82: >= 97 and < 100 | H82: >= 100
A83: <620 | B83: =B71-B59 -> 0 | C83: =C71-C59 -> 0 | D83: =D71-D59 -> 0 | E83: =E71-E59 -> 0 | F83: =F71-F59 -> 0 | G83: =G71-G59 -> 0 | H83: =H71-H59 -> 0
A84: 660 | B84: =B72-B60 -> 0 | C84: =C72-C60 -> 0 | D84: =D72-D60 -> 0 | E84: =E72-E60 -> 0 | F84: =F72-F60 -> 0 | G84: =G72-G60 -> 0 | H84: =H72-H60 -> 0
A85: 680 | B85: =B73-B61 -> 0 | C85: =C73-C61 -> 0 | D85: =D73-D61 -> 0 | E85: =E73-E61 -> 0 | F85: =F73-F61 -> 0 | G85: =G73-G61 -> 0 | H85: =H73-H61 -> 0
A86: 700 | B86: =B74-B62 -> 0 | C86: =C74-C62 -> 0 | D86: =D74-D62 -> 0 | E86: =E74-E62 -> 18.0903 | F86: =F74-F62 -> 0 | G86: =G74-G62 -> 0 | H86: =H74-H62 -> 0
A87: 720 | B87: =B75-B63 -> 0 | C87: =C75-C63 -> 0 | D87: =D75-D63 -> 0 | E87: =E75-E63 -> 0 | F87: =F75-F63 -> 0 | G87: =G75-G63 -> 18.687186 | H87: =H75-H63 -> 18.139
A88: 740 | B88: =B76-B64 -> 0 | C88: =C76-C64 -> 0 | D88: =D76-D64 -> 0 | E88: =E76-E64 -> 13.385 | F88: =F76-F64 -> 0 | G88: =G76-G64 -> 21.3486 | H88: =H76-H64 -> 18.570993
A89: 760 | B89: =B77-B65 -> 0 | C89: =C77-C65 -> 0 | D89: =D77-D65 -> 0 | E89: =E77-E65 -> 0 | F89: =F77-F65 -> 12.8192 | G89: =G77-G65 -> 0 | H89: =H77-H65 -> 17.442852
A90: >= 780 | B90: =B78-B66 -> 0 | C90: =C78-C66 -> 0 | D90: =D78-D66 -> 0 | E90: =E78-E66 -> 0 | F90: =F78-F66 -> 0 | G90: =G78-G66 -> 0 | H90: =H78-H66 -> 0
A92: Balance Distribution
B93: CLTV
A94: FICO | B94: 0 and < 80 | C94: >= 80 and < 85 | D94: >= 85 and < 90 | E94: >= 90 and < 95 | F94: >= 95 and < 97 | G94: >= 97 and < 100 | H94: >= 100
A95: <620
A96: 660
A97: 680
A98: 700 | E98: 0.0072806022 | F98: 0 | G98: 0 | H98: 0
A99: 720 | E99: 0 | F99: 0 | G99: 0.049662037 | H99: 0.025937263
A100: 740 | E100: 0.030858104 | F100: 0 | G100: 0.0089402176 | H100: 0.28323236
A101: 760 | E101: 0 | F101: 0.42662922 | G101: 0 | H101: 0.1674602
A102: >= 780

Sheet U6-2012-3.5
D1: FGU6 2012 3.5
A3: Incentive to FHA - Old
B4: CLTV
A5: FICO | B5: 0 and < 80 | C5: >= 80 and < 85 | D5: >= 85 and < 90 | E5: >= 90 and < 95 | F5: >= 95 and < 97 | G5: >= 97 and < 100 | H5: >= 100
A6: <620
A7: 660
A8: 680
A9: 700
A10: 720
A11: 740
A12: 760
A13: >= 780 | D13: -90.6674
A15: Incentive to FHA - New
B16: CLTV
A17: FICO | B17: 0 and < 80 | C17: >= 80 and < 85 | D17: >= 85 and < 90 | E17: >= 90 and < 95 | F17: >= 95 and < 97 | G17: >= 97 and < 100 | H17: >= 100
A18: <620
A19: 660
A20: 680
A21: 700
A22: 720
A23: 740
A24: 760
A25: >= 780 | D25: -65.6674
A27: Incentive to FHA - Delta | D27: (New - Old)
B28: CLTV
A29: FICO | B29: 0 and < 80 | C29: >= 80 and < 85 | D29: >= 85 and < 90 | E29: >= 90 and < 95 | F29: >= 95 and < 97 | G29: >= 97 and < 100 | H29: >= 100
A30: <620 | B30: =B18-B6 -> 0 | C30: =C18-C6 -> 0 | D30: =D18-D6 -> 0 | E30: =E18-E6 -> 0 | F30: =F18-F6 -> 0 | G30: =G18-G6 -> 0 | H30: =H18-H6 -> 0
A31: 660 | B31: =B19-B7 -> 0 | C31: =C19-C7 -> 0 | D31: =D19-D7 -> 0 | E31: =E19-E7 -> 0 | F31: =F19-F7 -> 0 | G31: =G19-G7 -> 0 | H31: =H19-H7 -> 0
A32: 680 | B32: =B20-B8 -> 0 | C32: =C20-C8 -> 0 | D32: =D20-D8 -> 0 | E32: =E20-E8 -> 0 | F32: =F20-F8 -> 0 | G32: =G20-G8 -> 0 | H32: =H20-H8 -> 0
A33: 700 | B33: =B21-B9 -> 0 | C33: =C21-C9 -> 0 | D33: =D21-D9 -> 0 | E33: =E21-E9 -> 0 | F33: =F21-F9 -> 0 | G33: =G21-G9 -> 0 | H33: =H21-H9 -> 0
A34: 720 | B34: =B22-B10 -> 0 | C34: =C22-C10 -> 0 | D34: =D22-D10 -> 0 | E34: =E22-E10 -> 0 | F34: =F22-F10 -> 0 | G34: =G22-G10 -> 0 | H34: =H22-H10 -> 0
A35: 740 | B35: =B23-B11 -> 0 | C35: =C23-C11 -> 0 | D35: =D23-D11 -> 0 | E35: =E23-E11 -> 0 | F35: =F23-F11 -> 0 | G35: =G23-G11 -> 0 | H35: =H23-H11 -> 0
A36: 760 | B36: =B24-B12 -> 0 | C36: =C24-C12 -> 0 | D36: =D24-D12 -> 0 | E36: =E24-E12 -> 0 | F36: =F24-F12 -> 0 | G36: =G24-G12 -> 0 | H36: =H24-H12 -> 0
A37: >= 780 | B37: =B25-B13 -> 0 | C37: =C25-C13 -> 0 | D37: =D25-D13 -> 25 | E37: =E25-E13 -> 0 | F37: =F25-F13 -> 0 | G37: =G25-G13 -> 0 | H37: =H25-H13 -> 0
A39: Balance Distribution
B40: CLTV
A41: FICO | B41: 0 and < 80 | C41: >= 80 and < 85 | D41: >= 85 and < 90 | E41: >= 90 and < 95 | F41: >= 95 and < 97 | G41: >= 97 and < 100 | H41: >= 100
A42: <620
A43: 660
A44: 680
A45: 700
A46: 720
A47: 740
A48: 760
A49: >= 780 | D49: 1
A56: Refi Incentive - Old | D56: (as the max number of FHA_incentive and conv_incentive)
B57: CLTV
A58: FICO | B58: 0 and < 80 | C58: >= 80 and < 85 | D58: >= 85 and < 90 | E58: >= 90 and < 95 | F58: >= 95 and < 97 | G58: >= 97 and < 100 | H58: >= 100
A59: <620
A60: 660
A61: 680
A62: 700
A63: 720
A64: 740
A65: 760
A66: >= 780 | D66: -37.8908
A68: Refi Incentive - New
B69: CLTV
A70: FICO | B70: 0 and < 80 | C70: >= 80 and < 85 | D70: >= 85 and < 90 | E70: >= 90 and < 95 | F70: >= 95 and < 97 | G70: >= 97 and < 100 | H70: >= 100
A71: <620
A72: 660
A73: 680
A74: 700
A75: 720
A76: 740
A77: 760
A78: >= 780 | D78: -35.6175
A80: Refi Incentive - Delta | D80: (New - Old)
B81: CLTV
A82: FICO | B82: 0 and < 80 | C82: >= 80 and < 85 | D82: >= 85 and < 90 | E82: >= 90 and < 95 | F82: >= 95 and < 97 | G82: >= 97 and < 100 | H82: >= 100
A83: <620 | B83: =B71-B59 -> 0 | C83: =C71-C59 -> 0 | D83: =D71-D59 -> 0 | E83: =E71-E59 -> 0 | F83: =F71-F59 -> 0 | G83: =G71-G59 -> 0 | H83: =H71-H59 -> 0
A84: 660 | B84: =B72-B60 -> 0 | C84: =C72-C60 -> 0 | D84: =D72-D60 -> 0 | E84: =E72-E60 -> 0 | F84: =F72-F60 -> 0 | G84: =G72-G60 -> 0 | H84: =H72-H60 -> 0
A85: 680 | B85: =B73-B61 -> 0 | C85: =C73-C61 -> 0 | D85: =D73-D61 -> 0 | E85: =E73-E61 -> 0 | F85: =F73-F61 -> 0 | G85: =G73-G61 -> 0 | H85: =H73-H61 -> 0
A86: 700 | B86: =B74-B62 -> 0 | C86: =C74-C62 -> 0 | D86: =D74-D62 -> 0 | E86: =E74-E62 -> 0 | F86: =F74-F62 -> 0 | G86: =G74-G62 -> 0 | H86: =H74-H62 -> 0
A87: 720 | B87: =B75-B63 -> 0 | C87: =C75-C63 -> 0 | D87: =D75-D63 -> 0 | E87: =E75-E63 -> 0 | F87: =F75-F63 -> 0 | G87: =G75-G63 -> 0 | H87: =H75-H63 -> 0
A88: 740 | B88: =B76-B64 -> 0 | C88: =C76-C64 -> 0 | D88: =D76-D64 -> 0 | E88: =E76-E64 -> 0 | F88: =F76-F64 -> 0 | G88: =G76-G64 -> 0 | H88: =H76-H64 -> 0
A89: 760 | B89: =B77-B65 -> 0 | C89: =C77-C65 -> 0 | D89: =D77-D65 -> 0 | E89: =E77-E65 -> 0 | F89: =F77-F65 -> 0 | G89: =G77-G65 -> 0 | H89: =H77-H65 -> 0
A90: >= 780 | B90: =B78-B66 -> 0 | C90: =C78-C66 -> 0 | D90: =D78-D66 -> 2.2733 | E90: =E78-E66 -> 0 | F90: =F78-F66 -> 0 | G90: =G78-G66 -> 0 | H90: =H78-H66 -> 0
A92: Balance Distribution
B93: CLTV
A94: FICO | B94: 0 and < 80 | C94: >= 80 and < 85 | D94: >= 85 and < 90 | E94: >= 90 and < 95 | F94: >= 95 and < 97 | G94: >= 97 and < 100 | H94: >= 100
A95: <620
A96: 660
A97: 680
A98: 700
A99: 720
A100: 740
A101: 760
A102: >= 780 | D102: =D49 -> 1
