Workbook

Sheet Sheet1
A1: Date | B1: MBA MCAI | C1: HPA2Yr | D1: Cello MCAI
A2: 38139 | B2: 377 | C2: =VLOOKUP(A2,HPA2Yr!A:B,2,0) -> 115.07 | D2: =VLOOKUP(A2,Cello!A:B,2,0)*100 -> 4.6486909
A3: 38169 | B3: 383.5 | C3: =VLOOKUP(A3,HPA2Yr!A:B,2,0) -> 115.77 | D3: =VLOOKUP(A3,Cello!A:B,2,0)*100 -> 4.3236855
A4: 38200 | B4: 390 | C4: =VLOOKUP(A4,HPA2Yr!A:B,2,0) -> 116.46 | D4: =VLOOKUP(A4,Cello!A:B,2,0)*100 -> 5.0649945
A5: 38231 | B5: 396.5 | C5: =VLOOKUP(A5,HPA2Yr!A:B,2,0) -> 117.15 | D5: =VLOOKUP(A5,Cello!A:B,2,0)*100 -> 5.526795
A6: 38261 | B6: 403 | C6: =VLOOKUP(A6,HPA2Yr!A:B,2,0) -> 117.42 | D6: =VLOOKUP(A6,Cello!A:B,2,0)*100 -> 5.3382001
A7: 38292 | B7: 409.5 | C7: =VLOOKUP(A7,HPA2Yr!A:B,2,0) -> 117.69 | D7: =VLOOKUP(A7,Cello!A:B,2,0)*100 -> 5.4919325
A8: 38322 | B8: 416 | C8: =VLOOKUP(A8,HPA2Yr!A:B,2,0) -> 117.96 | D8: =VLOOKUP(A8,Cello!A:B,2,0)*100 -> 5.2246834
A9: 38353 | B9: 480.83333 | C9: =VLOOKUP(A9,HPA2Yr!A:B,2,0) -> 118.39 | D9: =VLOOKUP(A9,Cello!A:B,2,0)*100 -> 5.8879966
A10: 38384 | B10: 545.66667 | C10: =VLOOKUP(A10,HPA2Yr!A:B,2,0) -> 118.81 | D10: =VLOOKUP(A10,Cello!A:B,2,0)*100 -> 5.7210385
A11: 38412 | B11: 610.5 | C11: =VLOOKUP(A11,HPA2Yr!A:B,2,0) -> 119.23 | D11: =VLOOKUP(A11,Cello!A:B,2,0)*100 -> 5.7237224
A12: 38443 | B12: 675.33333 | C12: =VLOOKUP(A12,HPA2Yr!A:B,2,0) -> 120.01 | D12: =VLOOKUP(A12,Cello!A:B,2,0)*100 -> 5.7535858
A13: 38473 | B13: 740.16667 | C13: =VLOOKUP(A13,HPA2Yr!A:B,2,0) -> 120.79 | D13: =VLOOKUP(A13,Cello!A:B,2,0)*100 -> 5.077385
... A144: 42461 | B144: 122.4 | C144: =VLOOKUP(A144,HPA2Yr!A:B,2,0) -> #N/A | D144: =VLOOKUP(A144,Cello!A:B,2,0)*100 -> #N/A

Sheet MBA
B1: Date | C1: MCAI | E1: Source: MBA
B2: 38139 | C2: 377
B3: 38169 | C3: 383.5
B4: 38200 | C4: 390
B5: 38231 | C5: 396.5
B6: 38261 | C6: 403
B7: 38292 | C7: 409.5
B8: 38322 | C8: 416
B9: 38353 | C9: 480.83333
B10: 38384 | C10: 545.66667
B11: 38412 | C11: 610.5
B12: 38443 | C12: 675.33333
B13: 38473 | C13: 740.16667
... B144: 42461 | C144: 122.4

Sheet Cello
A1: Column1 | B1: MCAI-Universe
A2: 37742 | B2: 0.031505553
A3: 37773 | B3: 0.029411136
A4: 37803 | B4: 0.031692185
A5: 37834 | B5: 0.031405848
A6: 37865 | B6: 0.024846743
A7: 37895 | B7: 0.022551663
A8: 37926 | B8: 0.030090776
A9: 37956 | B9: 0.031031237
A10: 37987 | B10: 0.051273919
A11: 38018 | B11: 0.050524335
A12: 38047 | B12: 0.051459235
A13: 38078 | B13: 0.053398071
... A154: 42370 | B154: 0.024942796

Sheet HPA2Yr
B1: HPA2Yr
A2: 37742 | B2: 112.55
A3: 37773 | B3: 112.38
A4: 37803 | B4: 112.37
A5: 37834 | B5: 112.37
A6: 37865 | B6: 112.36
A7: 37895 | B7: 112.95
A8: 37926 | B8: 113.54
A9: 37956 | B9: 114.12
A10: 37987 | B10: 114.16
A11: 38018 | B11: 114.21
A12: 38047 | B12: 114.25
A13: 38078 | B13: 114.53
... A154: 42370 | B154: 111.31
