Workbook

Sheet Sheet1
D2: Total Record Number | E2: NULLs
E3: schamBalance | F3: currentBalance | G3: calcSchamBalance
B4: FHL | C4: Loan | D4: 547048814 | E4: 13613886 | F4: 0 | G4: 13613886
C5: Pool | D5: 37632859 | E5: 431260 | F5: 0 | G5: 0
B6: FNM | C6: Loan | D6: 163724521 | E6: 20782029 | F6: 0 | G6: 20782037
C7: Pool | D7: 66911787 | E7: 558710 | F7: 6 | G7: 0
B8: GNM | C8: Loan | D8: 336667361 | E8: 53712430 | F8: 0 | G8: 53712430
C9: Pool | D9: 65267866 | E9: 471108 | F9: 1172 | G9: 0

Sheet Sheet2
C1: Total Record Number | D1: cello table | E1: scale table | F1: Diff | G1: Nulls Before
A2: FHL | B2: Loan | C2: 547048814 | D2: =Sheet1!D4 -> 547048814 | E2: 547067867 | F2: =D2-E2 -> -19053 | G2: =Sheet1!E4 -> 13613886 | L2: marketTicker | M2: new | N2: old
B3: Pool | C3: 37632859 | D3: =Sheet1!D5 -> 37632859 | E3: 35960567 | F3: =D3-E3 -> 1672292 | G3: =Sheet1!E5 -> 431260 | L3: FGLMC | M3: 528376899 | N3: 528392634 | O3: =M3-N3 -> -15735
A4: FNM | B4: Loan | C4: 163724521 | D4: =Sheet1!D6 -> 163724521 | E4: 479775447 | F4: =D4-E4 -> -316050926 | G4: =Sheet1!E6 -> 20782029 | L4: FGT6 | M4: 2673468 | N4: 2673500 | O4: =M4-N4 -> -32
B5: Pool | C5: 66911787 | D5: =Sheet1!D7 -> 66911787 | E5: 65472897 | F5: =D5-E5 -> 1438890 | G5: =Sheet1!E7 -> 558710 | L5: FGU6 | M5: 9688757 | N5: 9688780 | O5: =M5-N5 -> -23
A6: GNM | B6: Loan | C6: 336667361 | D6: =Sheet1!D8 -> 336667361 | F6: =D6-E6 -> 336667361 | G6: =Sheet1!E8 -> 53712430 | L6: FGU9 | M6: 6328888 | N6: 6328900 | O6: =M6-N6 -> -12
B7: Pool | C7: 65267866 | D7: =Sheet1!D9 -> 65267866 | E7: 64935270 | F7: =D7-E7 -> 332596 | G7: =Sheet1!E9 -> 471108 | M7: =SUM(M3:M6) -> 547068012 | N7: =SUM(N3:N6) -> 547083814 | O7: =M7-N7 -> -15802

Sheet Sheet3
A1: issueId | B1: is there | G1: issueId | L1: FNMA Pool
A2: 2952544 | B2: =VLOOKUP(A2,G:G,1,0) -> #N/A | G2: 2949501 | L2: 65680015 | M2: row(s) | N2: affected
A3: 2952906 | B3: =VLOOKUP(A3,G:G,1,0) -> #N/A | G3: 2950081 | L3: 64163229 | M3: row(s) | N3: affected
A4: 2952907 | B4: =VLOOKUP(A4,G:G,1,0) -> #N/A | G4: 2950082 | L4: 1306498 | M4: row(s) | N4: affected
A5: 2952909 | B5: =VLOOKUP(A5,G:G,1,0) -> #N/A | G5: 2950224 | L5: 3170 | M5: row(s) | N5: affected
A6: 2952564 | B6: =VLOOKUP(A6,G:G,1,0) -> #N/A | G6: 2950336 | L6: =L2-SUM(L3:L5) -> 207118
A7: 2953348 | B7: =VLOOKUP(A7,G:G,1,0) -> #N/A | G7: 2950363
A8: 2952784 | B8: =VLOOKUP(A8,G:G,1,0) -> #N/A | G8: 2950460
A9: 2952355 | B9: =VLOOKUP(A9,G:G,1,0) -> #N/A | G9: 2950462
A10: 2952512 | B10: =VLOOKUP(A10,G:G,1,0) -> #N/A | G10: 2950543
A11: 2952716 | B11: =VLOOKUP(A11,G:G,1,0) -> #N/A | G11: 2950544
A12: 2952970 | B12: =VLOOKUP(A12,G:G,1,0) -> #N/A | G12: 2950683
A13: 2953149 | B13: =VLOOKUP(A13,G:G,1,0) -> #N/A | G13: 2950684
A14: 2953353 | B14: =VLOOKUP(A14,G:G,1,0) -> #N/A | G14: 2950685
A15: 2953424 | B15: =VLOOKUP(A15,G:G,1,0) -> #N/A | G15: 2950686
A16: 2953305 | B16: =VLOOKUP(A16,G:G,1,0) -> #N/A | G16: 2950695
A17: 2953306 | B17: =VLOOKUP(A17,G:G,1,0) -> #N/A | G17: 2950699
A18: 2953360 | B18: =VLOOKUP(A18,G:G,1,0) -> #N/A | G18: 2950752
... A509: 2950764 | B509: =VLOOKUP(A509,G:G,1,0) -> 2950764 | G509: 2953426
A510: 2950760 | B510: =VLOOKUP(A510,G:G,1,0) -> 2950760
A511: 2950758 | B511: =VLOOKUP(A511,G:G,1,0) -> 2950758
A512: 2950754 | B512: =VLOOKUP(A512,G:G,1,0) -> 2950754
A513: 2950752 | B513: =VLOOKUP(A513,G:G,1,0) -> 2950752
A514: 2950699 | B514: =VLOOKUP(A514,G:G,1,0) -> 2950699
A515: 2950695 | B515: =VLOOKUP(A515,G:G,1,0) -> 2950695
A516: 2950686 | B516: =VLOOKUP(A516,G:G,1,0) -> 2950686
A517: 2950685 | B517: =VLOOKUP(A517,G:G,1,0) -> 2950685
A518: 2950684 | B518: =VLOOKUP(A518,G:G,1,0) -> 2950684
A519: 2950683 | B519: =VLOOKUP(A519,G:G,1,0) -> 2950683
A520: 2950544 | B520: =VLOOKUP(A520,G:G,1,0) -> 2950544
A521: 2950543 | B521: =VLOOKUP(A521,G:G,1,0) -> 2950543
... A529: 2949501 | B529: =VLOOKUP(A529,G:G,1,0) -> 2949501

Sheet Sheet4
A1: issueId | B1: is there | G1: issueId
A2: 1647343 | B2: =VLOOKUP(A2,G:G,1,0) -> 1647343 | G2: 1646837
A3: 1647344 | B3: =VLOOKUP(A3,G:G,1,0) -> 1647344 | G3: 1646838
A4: 1647345 | B4: =VLOOKUP(A4,G:G,1,0) -> 1647345 | G4: 1647279
A5: 1647363 | B5: =VLOOKUP(A5,G:G,1,0) -> 1647363 | G5: 1647280
A6: 1647426 | B6: =VLOOKUP(A6,G:G,1,0) -> #N/A | G6: 1647281
A7: 1647465 | B7: =VLOOKUP(A7,G:G,1,0) -> 1647465 | G7: 1647284
A8: 1647290 | B8: =VLOOKUP(A8,G:G,1,0) -> 1647290 | G8: 1647290
A9: 1647466 | B9: =VLOOKUP(A9,G:G,1,0) -> 1647466 | G9: 1647305
A10: 1647279 | B10: =VLOOKUP(A10,G:G,1,0) -> 1647279 | G10: 1647306
A11: 1647280 | B11: =VLOOKUP(A11,G:G,1,0) -> 1647280 | G11: 1647333
A12: 1647281 | B12: =VLOOKUP(A12,G:G,1,0) -> 1647281 | G12: 1647334
A13: 1647468 | B13: =VLOOKUP(A13,G:G,1,0) -> 1647468 | G13: 1647335
... A406: 1647946 | B406: =VLOOKUP(A406,G:G,1,0) -> 1647946 | G406: 1648639
A407: 1648639 | B407: =VLOOKUP(A407,G:G,1,0) -> 1648639

Sheet Sheet5
A1: marketTicker | B1: issueId | C1: originationDate | D1: asOf | E1: wala | F1: origFICO | G1: origLTV | H1: oltvBucket | I1: walaBucket | J1: ficoBucket | K1: balance | L1: Pct_HARPed | M1: Est_Pct_HARPed | N1: Pct_MtgIns | O1: Pct_OWNER | P1: Pct_2ND | Q1: Pct_INV | R1: Pct_PURCH | S1: Pct_REFI | T1: Pct_RETAIL | U1: Pct_BROKER | V1: Pct_CORRES | W1: Pct_SINGLE_UNIT | X1: Pct_MULTIPLE_UNIT
A2: FNCL | B2: 2975750 | C2: 42736 | D2: 42705 | E2: -1 | F2: 775 | G2: 69 | H2: 70 | I2: 1 | J2: 780 | K2: 1147650 | L2: 10.537 | M2: 100 | N2: 0 | O2: 0
A3: FNCL | B3: 2975848 | C3: 42736 | D3: 42705 | E3: -1 | F3: 773 | G3: 69 | H3: 70 | I3: 1 | J3: 780 | K3: 27907855 | L3: 10.537 | M3: 98.86 | N3: 0.46 | O3: 0.68
A4: FNCL | B4: 2975863 | C4: 42736 | D4: 42705 | E4: -1 | F4: 770 | G4: 71 | H4: 80 | I4: 1 | J4: 780 | K4: 15983091 | L4: 7.261 | M4: 95.68 | N4: 0 | O4: 4.32
A5: FNCL | B5: 2975865 | C5: 42736 | D5: 42705 | E5: -1 | F5: 776 | G5: 64 | H5: 70 | I5: 1 | J5: 780 | K5: 1234000 | L5: 10.537 | M5: 100 | N5: 0 | O5: 0
A6: FNCL | B6: 2975959 | C6: 42736 | D6: 42705 | E6: -1 | F6: 732 | G6: 80 | H6: 90 | I6: 1 | J6: 740 | K6: 1169828 | L6: 9.621 | M6: 76.46 | N6: 23.54 | O6: 0
A7: FNCL | B7: 2975960 | C7: 42736 | D7: 42705 | E7: -1 | F7: 741 | G7: 73 | H7: 80 | I7: 1 | J7: 760 | K7: 1596499 | L7: 7.125 | M7: 66.035 | N7: 0 | O7: 33.965
A8: FNCL | B8: 2975973 | C8: 42736 | D8: 42705 | E8: -1 | F8: 772 | G8: 66 | H8: 70 | I8: 1 | J8: 780 | K8: 5515093 | L8: 10.537 | M8: 100 | N8: 0 | O8: 0
A9: FNCL | B9: 2975978 | C9: 42736 | D9: 42705 | E9: -1 | F9: 768 | G9: 69 | H9: 70 | I9: 1 | J9: 780 | K9: 6269950 | L9: 10.537 | M9: 93.54 | N9: 6.46 | O9: 0
A10: FNCL | B10: 2975979 | C10: 42736 | D10: 42705 | E10: -1 | F10: 752 | G10: 78 | H10: 80 | I10: 1 | J10: 760 | K10: 17599232 | L10: 7.125 | M10: 96.53 | N10: 0 | O10: 3.47
A11: FNCL | B11: 2975981 | C11: 42736 | D11: 42705 | E11: -1 | F11: 744 | G11: 80 | H11: 90 | I11: 1 | J11: 760 | K11: 6030785 | L11: 13.75 | M11: 94.7 | N11: 2.59 | O11: 2.71
A12: FNCL | B12: 2975990 | C12: 42736 | D12: 42705 | E12: -1 | F12: 775 | G12: 56 | H12: 60 | I12: 1 | J12: 780 | K12: 10422511 | L12: 19.31 | M12: 89.6 | N12: 4.85 | O12: 5.55
A13: FNCL | B13: 2975995 | C13: 42736 | D13: 42705 | E13: -1 | F13: 755 | G13: 70 | H13: 80 | I13: 1 | J13: 760 | K13: 3965337 | L13: 7.125 | M13: 96.96 | N13: 3.04 | O13: 0
... A25: FNCL | B25: 2976095 | C25: 42736 | D25: 42705 | E25: -1 | F25: 705 | G25: 78 | H25: 80 | I25: 1 | J25: 720 | K25: 15341860 | L25: 14.903 | M25: 69.79 | N25: 0 | O25: 30.21
