Workbook

Sheet old
A1: factorDate | B1: modifyDate | C1: sliceId | D1: wacls | E1: ols | F1: burnout | G1: cpr | H1: bal | I1: currLLPA | J1: currMIP | K1: currPMI | L1: pct_dq | M1: pct_fha | N1: pct_HARPed | O1: pct_inv | P1: issueDate | Q1: origMIP | R1: origPMI | S1: pct_owner | T1: poolListName | U1: refi_elig_pct | V1: incentive | W1: pct_REFI | X1: replineMode | Y1: origbal | Z1: pct_2nd | AA1: pct_tpo | AB1: cltv | AC1: odti | AD1: fico | AE1: oltv | AF1: sato | AG1: wac | AH1: wala | AI1: wam
A2: 20130101 | B2: 20130101 | C2: TICKER:FGU6 | D2: 206550.89 | E2: 206717.59 | F2: 5.56 | G2: 0 | H2: 1.8506961e+08 | I2: 495.17 | J2: NA | K2: 150.67 | L2: 0 | M2: NA | N2: 100 | O2: 24.58 | P2: 20130101 | Q2: NA | R2: 18.26 | S2: 72.98 | T2: FHL30.400.13(U6) | U2: 0 | V2: -13.4 | W2: 100 | X2: PL | Y2: 11780809 | Z2: 2.42 | AA2: 23.01 | AB2: 115.43 | AC2: 37.26 | AD2: 735.8 | AE2: 115.44 | AF2: 33.69 | AG2: 4.35 | AH2: 0 | AI2: 356.39
A3: 20130201 | B3: 20130201 | C3: TICKER:FGU6 | D3: 200689.16 | E3: 200965.28 | F3: 6.54 | G3: 0.11 | H3: 4.4432581e+08 | I3: 513.62 | J3: NA | K3: 150.82 | L3: 0 | M3: NA | N3: 100 | O3: 29.48 | P3: 20130101 | Q3: NA | R3: 18.66 | S3: 66.81 | T3: FHL30.400.13(U6) | U3: 0 | V3: -20.31 | W3: 100 | X3: PL | Y3: 1.8484168e+08 | Z3: 3.69 | AA3: 14.88 | AB3: 114.99 | AC3: 37.66 | AD3: 730.88 | AE3: 115.43 | AF3: 35.01 | AG3: 4.34 | AH3: 0.45 | AI3: 355.79
A4: 20130301 | B4: 20130301 | C4: TICKER:FGU6 | D4: 196562.17 | E4: 196935.59 | F4: 6.05 | G4: 0.97 | H4: 8.1475021e+08 | I4: 513.18 | J4: NA | K4: 150.72 | L4: 0.01 | M4: NA | N4: 100 | O4: 29.46 | P4: 20130101 | Q4: NA | R4: 21.03 | S4: 67.27 | T4: FHL30.400.13(U6) | U4: 0 | V4: -32 | W4: 100 | X4: PL | Y4: 4.4375095e+08 | Z4: 3.26 | AA4: 12.11 | AB4: 114.59 | AC4: 37.44 | AD4: 728.41 | AE4: 115.42 | AF4: 34.08 | AG4: 4.34 | AH4: 0.83 | AI4: 355.69
A5: 20130401 | B5: 20130401 | C5: TICKER:FGU6 | D5: 194703.51 | E5: 195184.58 | F5: 5.37 | G5: 0.4 | H5: 1268103967 | I5: 517.62 | J5: NA | K5: 150.74 | L5: 0.2 | M5: NA | N5: 100 | O5: 30.49 | P5: 20130101 | Q5: NA | R5: 20.5 | S5: 66.39 | T5: FHL30.400.13(U6) | U5: 0.03 | V5: -34.5 | W5: 100 | X5: PL | Y5: 8.1366732e+08 | Z5: 3.1 | AA5: 12.92 | AB5: 113.29 | AC5: 37.15 | AD5: 727.07 | AE5: 115.3 | AF5: 32.18 | AG5: 4.35 | AH5: 1.21 | AI5: 355.11
A6: 20130501 | B6: 20130501 | C6: TICKER:FGU6 | D6: 194091.79 | E6: 194735.99 | F6: 5.55 | G6: 1.27 | H6: 1631923809 | I6: 519.43 | J6: NA | K6: 151.76 | L6: 0.2 | M6: NA | N6: 100 | O6: 30.94 | P6: 20130101 | Q6: NA | R6: 20.98 | S6: 65.96 | T6: FHL30.400.13(U6) | U6: 0.12 | V6: -30.11 | W6: 100 | X6: PL | Y6: 1264480110 | Z6: 3.09 | AA6: 13.11 | AB6: 111.89 | AC6: 37.04 | AD6: 726.33 | AE6: 115.18 | AF6: 32.29 | AG6: 4.37 | AH6: 1.75 | AI6: 354.68
A7: 20130601 | B7: 20130601 | C7: TICKER:FGU6 | D7: 192019.77 | E7: 192780.11 | F7: 5.45 | G7: 1.21 | H7: 2058259984 | I7: 518.66 | J7: NA | K7: 151.64 | L7: 0.2 | M7: NA | N7: 100 | O7: 31.16 | P7: 20130101 | Q7: NA | R7: 21.73 | S7: 65.61 | T7: FHL30.400.13(U6) | U7: 0.85 | V7: -36.87 | W7: 100 | X7: PL | Y7: 1629746870 | Z7: 3.21 | AA7: 12.96 | AB7: 110.74 | AC7: 37.05 | AD7: 725.31 | AE7: 115.04 | AF7: 30.9 | AG7: 4.37 | AH7: 2.16 | AI7: 354.27
A8: 20130701 | B8: 20130701 | C8: TICKER:FGU6 | D8: 192050.72 | E8: 192982.75 | F8: 5.01 | G8: 1.31 | H8: 2361839760 | I8: 513.79 | J8: NA | K8: 151.36 | L8: 0.36 | M8: NA | N8: 100 | O8: 30.32 | P8: 20130101 | Q8: NA | R8: 21.78 | S8: 66.46 | T8: FHL30.400.13(U6) | U8: 1.52 | V8: -90.34 | W8: 99.98 | X8: PL | Y8: 2055448100 | Z8: 3.2 | AA8: 13.45 | AB8: 110.28 | AC8: 37.02 | AD8: 724.38 | AE8: 115.03 | AF8: 30.21 | AG8: 4.38 | AH8: 2.75 | AI8: 353.75
A9: 20130801 | B9: 20130801 | C9: TICKER:FGU6 | D9: 193068.77 | E9: 194134.42 | F9: 4.44 | G9: 1.05 | H9: 2789264564 | I9: 505.98 | J9: NA | K9: 182.47 | L9: 0.6 | M9: NA | N9: 100 | O9: 28.78 | P9: 20130101 | Q9: NA | R9: 21.75 | S9: 68.04 | T9: FHL30.400.13(U6) | U9: 2.42 | V9: -118.99 | W9: 99.98 | X9: PL | Y9: 2358603445 | Z9: 3.16 | AA9: 14.13 | AB9: 110 | AC9: 37.05 | AD9: 723.36 | AE9: 114.95 | AF9: 27.37 | AG9: 4.39 | AH9: 3.18 | AI9: 353.29
A10: 20130901 | B10: 20130901 | C10: TICKER:FGU6 | D10: 192159.56 | E10: 193410.46 | F10: 4.15 | G10: 1.79 | H10: 3057450795 | I10: 500.45 | J10: NA | K10: 181.74 | L10: 0.32 | M10: NA | N10: 100 | O10: 28.01 | P10: 20130101 | Q10: NA | R10: 21.95 | S10: 68.73 | T10: FHL30.400.13(U6) | U10: 3.71 | V10: -126.99 | W10: 99.98 | X10: PL | Y10: 2757020704 | Z10: 3.24 | AA10: 13.11 | AB10: 109.36 | AC10: 37.07 | AD10: 722.45 | AE10: 114.88 | AF10: 24.15 | AG10: 4.4 | AH10: 3.83 | AI10: 352.59
A11: 20131001 | B11: 20131001 | C11: TICKER:FGU6 | D11: 191742 | E11: 193222.41 | F11: 4.08 | G11: 1.35 | H11: 3243124317 | I11: 496.54 | J11: NA | K11: 181.56 | L11: 0.56 | M11: NA | N11: 100 | O11: 27.14 | P11: 20130101 | Q11: NA | R11: 22.22 | S11: 69.59 | T11: FHL30.400.13(U6) | U11: 3.91 | V11: -126.9 | W11: 99.98 | X11: PL | Y11: 3051477668 | Z11: 3.26 | AA11: 12.92 | AB11: 109.48 | AC11: 37.09 | AD11: 721.89 | AE11: 114.87 | AF11: 22.12 | AG11: 4.42 | AH11: 4.57 | AI11: 351.7
A12: 20131101 | B12: 20131101 | C12: TICKER:FGU6 | D12: 191486.31 | E12: 193210.82 | F12: 4.1 | G12: 1.64 | H12: 3351010590 | I12: 493.34 | J12: NA | K12: 181.17 | L12: 0.66 | M12: NA | N12: 100 | O12: 26.6 | P12: 20130101 | Q12: NA | R12: 22.32 | S12: 70.11 | T12: FHL30.400.13(U6) | U12: 4.33 | V12: -95.83 | W12: 99.93 | X12: PL | Y12: 3238618039 | Z12: 3.27 | AA12: 12.79 | AB12: 109.46 | AC12: 37.11 | AD12: 721.35 | AE12: 114.83 | AF12: 20.5 | AG12: 4.43 | AH12: 5.4 | AI12: 350.58
A13: 20131201 | B13: 20131201 | C13: TICKER:FGU6 | D13: 191395.41 | E13: 193373.22 | F13: 4.09 | G13: 1.82 | H13: 3421958644 | I13: 491.47 | J13: NA | K13: 180.78 | L13: 0.78 | M13: NA | N13: 100 | O13: 26.2 | P13: 20130101 | Q13: NA | R13: 22.25 | S13: 70.51 | T13: FHL30.400.13(U6) | U13: 4.87 | V13: -101.97 | W13: 99.93 | X13: PL | Y13: 3346330640 | Z13: 3.27 | AA13: 12.83 | AB13: 109.42 | AC13: 37.14 | AD13: 721.12 | AE13: 114.82 | AF13: 19.16 | AG13: 4.43 | AH13: 6.25 | AI13: 349.63
... A50: 20170101 | B50: 20170101 | C50: TICKER:FGU6 | D50: 176919.12 | E50: 190405.2 | F50: 105.2 | G50: 13.77 | H50: 2561612034 | I50: 247.39 | J50: NA | K50: 81.44 | L50: 1.71 | M50: NA | N50: 100 | O50: 24.73 | P50: 20130101 | Q50: NA | R50: 22.18 | S50: 72.14 | T50: FHL30.400.13(U6) | U50: 76.5 | V50: -15.99 | W50: 99.87 | X50: PL | Y50: 2593438765 | Z50: 3.12 | AA50: 11.98 | AB50: 86.64 | AC50: 37.34 | AD50: 718.97 | AE50: 114.89 | AF50: 17.05 | AG50: 4.43 | AH50: 42.97 | AI50: 310.02

Sheet new
A1: factorDate | B1: modifyDate | C1: sliceId | D1: wacls | E1: ols | F1: burnout | G1: cpr | H1: bal | I1: currLLPA | J1: currMIP | K1: currPMI | L1: pct_dq | M1: pct_fha | N1: pct_HARPed | O1: pct_inv | P1: issueDate | Q1: origMIP | R1: origPMI | S1: pct_owner | T1: poolListName | U1: refi_elig_pct | V1: incentive | W1: pct_REFI | X1: replineMode | Y1: origbal | Z1: pct_2nd | AA1: pct_tpo | AB1: cltv | AC1: odti | AD1: fico | AE1: oltv | AF1: sato | AG1: wac | AH1: wala | AI1: wam
A2: 20130101 | B2: 20130101 | C2: TICKER:FGU6 | D2: 206550.89 | E2: 206717.59 | F2: 0 | G2: 0 | H2: 1.8506961e+08 | I2: 492.19 | J2: NA | K2: 150.35 | L2: 0 | M2: NA | N2: 100 | O2: 24.58 | P2: 20130101 | Q2: NA | R2: 150.35 | S2: 72.98 | T2: FHL30.400.13(U6) | U2: 0 | V2: 118.53 | W2: 100 | X2: PL | Y2: 11780809 | Z2: 2.42 | AA2: 23.01 | AB2: 115.43 | AC2: 37.26 | AD2: 735.8 | AE2: 115.44 | AF2: 33.69 | AG2: 4.35 | AH2: 0 | AI2: 356.39
A3: 20130201 | B3: 20130201 | C3: TICKER:FGU6 | D3: 200689.16 | E3: 200965.28 | F3: 0 | G3: 0.11 | H3: 4.4432581e+08 | I3: 510.57 | J3: NA | K3: 150.58 | L3: 0 | M3: NA | N3: 100 | O3: 29.48 | P3: 20130101 | Q3: NA | R3: 150.58 | S3: 66.81 | T3: FHL30.400.13(U6) | U3: 0 | V3: 111.32 | W3: 100 | X3: PL | Y3: 1.8484168e+08 | Z3: 3.69 | AA3: 14.88 | AB3: 114.99 | AC3: 37.66 | AD3: 730.88 | AE3: 115.43 | AF3: 35.01 | AG3: 4.34 | AH3: 0.45 | AI3: 355.79
A4: 20130301 | B4: 20130301 | C4: TICKER:FGU6 | D4: 196562.17 | E4: 196935.59 | F4: 0 | G4: 0.97 | H4: 8.1475021e+08 | I4: 510.48 | J4: NA | K4: 150.51 | L4: 0.01 | M4: NA | N4: 100 | O4: 29.46 | P4: 20130101 | Q4: NA | R4: 150.51 | S4: 67.27 | T4: FHL30.400.13(U6) | U4: 0 | V4: 97.13 | W4: 100 | X4: PL | Y4: 4.4375095e+08 | Z4: 3.26 | AA4: 12.11 | AB4: 114.59 | AC4: 37.44 | AD4: 728.41 | AE4: 115.42 | AF4: 34.08 | AG4: 4.34 | AH4: 0.83 | AI4: 355.69
A5: 20130401 | B5: 20130401 | C5: TICKER:FGU6 | D5: 194703.51 | E5: 195184.58 | F5: 0.01 | G5: 0.4 | H5: 1268103967 | I5: 514.34 | J5: NA | K5: 150.49 | L5: 0.2 | M5: NA | N5: 100 | O5: 30.49 | P5: 20130101 | Q5: NA | R5: 150.49 | S5: 66.39 | T5: FHL30.400.13(U6) | U5: 0.03 | V5: 95.12 | W5: 100 | X5: PL | Y5: 8.1366732e+08 | Z5: 3.1 | AA5: 12.92 | AB5: 113.29 | AC5: 37.15 | AD5: 727.07 | AE5: 115.3 | AF5: 32.18 | AG5: 4.35 | AH5: 1.21 | AI5: 355.11
A6: 20130501 | B6: 20130501 | C6: TICKER:FGU6 | D6: 194091.79 | E6: 194735.99 | F6: 0.09 | G6: 1.27 | H6: 1631923809 | I6: 516.02 | J6: NA | K6: 151.49 | L6: 0.2 | M6: NA | N6: 100 | O6: 30.94 | P6: 20130101 | Q6: NA | R6: 150.68 | S6: 65.96 | T6: FHL30.400.13(U6) | U6: 0.12 | V6: 99.24 | W6: 100 | X6: PL | Y6: 1264480110 | Z6: 3.09 | AA6: 13.11 | AB6: 111.89 | AC6: 37.04 | AD6: 726.33 | AE6: 115.18 | AF6: 32.29 | AG6: 4.37 | AH6: 1.75 | AI6: 354.68
A7: 20130601 | B7: 20130601 | C7: TICKER:FGU6 | D7: 192019.77 | E7: 192780.11 | F7: 0.47 | G7: 1.21 | H7: 2058259984 | I7: 516.85 | J7: NA | K7: 151.51 | L7: 0.2 | M7: NA | N7: 100 | O7: 31.16 | P7: 20130101 | Q7: NA | R7: 150.87 | S7: 65.61 | T7: FHL30.400.13(U6) | U7: 0.59 | V7: 91.87 | W7: 100 | X7: PL | Y7: 1629746870 | Z7: 3.21 | AA7: 12.96 | AB7: 110.74 | AC7: 37.05 | AD7: 725.31 | AE7: 115.04 | AF7: 30.9 | AG7: 4.37 | AH7: 2.16 | AI7: 354.27
A8: 20130701 | B8: 20130701 | C8: TICKER:FGU6 | D8: 192050.72 | E8: 192982.75 | F8: 0.65 | G8: 1.31 | H8: 2361839760 | I8: 513.71 | J8: NA | K8: 151.51 | L8: 0.36 | M8: NA | N8: 100 | O8: 30.32 | P8: 20130101 | Q8: NA | R8: 150.95 | S8: 66.46 | T8: FHL30.400.13(U6) | U8: 0.96 | V8: 38.32 | W8: 99.98 | X8: PL | Y8: 2055448100 | Z8: 3.2 | AA8: 13.45 | AB8: 110.28 | AC8: 37.02 | AD8: 724.38 | AE8: 115.03 | AF8: 30.21 | AG8: 4.38 | AH8: 2.75 | AI8: 353.75
A9: 20130801 | B9: 20130801 | C9: TICKER:FGU6 | D9: 193068.77 | E9: 194134.42 | F9: 0.61 | G9: 1.05 | H9: 2789264564 | I9: 507.92 | J9: NA | K9: 183.51 | L9: 0.6 | M9: NA | N9: 100 | O9: 28.78 | P9: 20130101 | Q9: NA | R9: 155.65 | S9: 68.04 | T9: FHL30.400.13(U6) | U9: 1.49 | V9: 14.36 | W9: 99.98 | X9: PL | Y9: 2358603445 | Z9: 3.16 | AA9: 14.13 | AB9: 110 | AC9: 37.05 | AD9: 723.36 | AE9: 114.95 | AF9: 27.37 | AG9: 4.39 | AH9: 3.18 | AI9: 353.29
A10: 20130901 | B10: 20130901 | C10: TICKER:FGU6 | D10: 192159.56 | E10: 193410.46 | F10: 0.59 | G10: 1.79 | H10: 3057450795 | I10: 505.04 | J10: NA | K10: 183.53 | L10: 0.32 | M10: NA | N10: 100 | O10: 28.01 | P10: 20130101 | Q10: NA | R10: 158.19 | S10: 68.73 | T10: FHL30.400.13(U6) | U10: 2.3 | V10: 8.54 | W10: 99.98 | X10: PL | Y10: 2757020704 | Z10: 3.24 | AA10: 13.11 | AB10: 109.36 | AC10: 37.07 | AD10: 722.45 | AE10: 114.88 | AF10: 24.15 | AG10: 4.4 | AH10: 3.83 | AI10: 352.59
A11: 20131001 | B11: 20131001 | C11: TICKER:FGU6 | D11: 191742 | E11: 193222.41 | F11: 0.59 | G11: 1.35 | H11: 3243124317 | I11: 501.78 | J11: NA | K11: 183.54 | L11: 0.56 | M11: NA | N11: 100 | O11: 27.14 | P11: 20130101 | Q11: NA | R11: 159.71 | S11: 69.59 | T11: FHL30.400.13(U6) | U11: 2.45 | V11: 9.81 | W11: 99.98 | X11: PL | Y11: 3051477668 | Z11: 3.26 | AA11: 12.92 | AB11: 109.48 | AC11: 37.09 | AD11: 721.89 | AE11: 114.87 | AF11: 22.12 | AG11: 4.42 | AH11: 4.57 | AI11: 351.7
A12: 20131101 | B12: 20131101 | C12: TICKER:FGU6 | D12: 191486.31 | E12: 193210.82 | F12: 1.04 | G12: 1.64 | H12: 3351010590 | I12: 499.75 | J12: NA | K12: 183.54 | L12: 0.66 | M12: NA | N12: 100 | O12: 26.6 | P12: 20130101 | Q12: NA | R12: 160.55 | S12: 70.11 | T12: FHL30.400.13(U6) | U12: 2.72 | V12: 41.54 | W12: 99.93 | X12: PL | Y12: 3238618039 | Z12: 3.27 | AA12: 12.79 | AB12: 109.46 | AC12: 37.11 | AD12: 721.35 | AE12: 114.83 | AF12: 20.5 | AG12: 4.43 | AH12: 5.4 | AI12: 350.58
A13: 20131201 | B13: 20131201 | C13: TICKER:FGU6 | D13: 191395.41 | E13: 193373.22 | F13: 1.4 | G13: 1.82 | H13: 3421958644 | I13: 498.26 | J13: NA | K13: 183.54 | L13: 0.78 | M13: NA | N13: 100 | O13: 26.2 | P13: 20130101 | Q13: NA | R13: 161.1 | S13: 70.51 | T13: FHL30.400.13(U6) | U13: 3.11 | V13: 36 | W13: 99.93 | X13: PL | Y13: 3346330640 | Z13: 3.27 | AA13: 12.83 | AB13: 109.42 | AC13: 37.14 | AD13: 721.12 | AE13: 114.82 | AF13: 19.16 | AG13: 4.43 | AH13: 6.25 | AI13: 349.63
... A50: 20170101 | B50: 20170101 | C50: TICKER:FGU6 | D50: 176919.12 | E50: 190405.2 | F50: 1629.76 | G50: 13.77 | H50: 2561612034 | I50: 178.11 | J50: NA | K50: 60.95 | L50: 1.71 | M50: NA | N50: 100 | O50: 24.73 | P50: 20130101 | Q50: NA | R50: 162.2 | S50: 72.14 | T50: FHL30.400.13(U6) | U50: 76.5 | V50: 117.48 | W50: 99.87 | X50: PL | Y50: 2593438765 | Z50: 3.12 | AA50: 11.98 | AB50: 86.64 | AC50: 37.34 | AD50: 718.97 | AE50: 114.89 | AF50: 17.05 | AG50: 4.43 | AH50: 42.97 | AI50: 310.02

Sheet diff
A1: factorDate | B1: modifyDate | C1: sliceId | D1: wacls | E1: ols | F1: burnout | G1: cpr | H1: bal | I1: currLLPA | J1: currMIP | K1: currPMI | L1: pct_dq | M1: pct_fha | N1: pct_HARPed | O1: pct_inv | P1: issueDate | Q1: origMIP | R1: origPMI | S1: pct_owner | T1: poolListName | U1: refi_elig_pct | V1: incentive | W1: pct_REFI | X1: replineMode | Y1: origbal | Z1: pct_2nd | AA1: pct_tpo | AB1: cltv | AC1: odti | AD1: fico | AE1: oltv | AF1: sato | AG1: wac | AH1: wala | AI1: wam
A2: =old!A2-new!A2 -> 0 | B2: =old!B2-new!B2 -> 0 | C2: =old!C2-new!C2 -> #VALUE! | D2: =old!D2-new!D2 -> 0 | E2: =old!E2-new!E2 -> 0 | F2: =old!F2-new!F2 -> 5.56 | G2: =old!G2-new!G2 -> 0 | H2: =old!H2-new!H2 -> 0 | ... AI2: =old!AI2-new!AI2 -> 0
A3: =old!A3-new!A3 -> 0 | B3: =old!B3-new!B3 -> 0 | C3: =old!C3-new!C3 -> #VALUE! | D3: =old!D3-new!D3 -> 0 | E3: =old!E3-new!E3 -> 0 | F3: =old!F3-new!F3 -> 6.54 | G3: =old!G3-new!G3 -> 0 | H3: =old!H3-new!H3 -> 0 | ... AI3: =old!AI3-new!AI3 -> 0
A4: =old!A4-new!A4 -> 0 | B4: =old!B4-new!B4 -> 0 | C4: =old!C4-new!C4 -> #VALUE! | D4: =old!D4-new!D4 -> 0 | E4: =old!E4-new!E4 -> 0 | F4: =old!F4-new!F4 -> 6.05 | G4: =old!G4-new!G4 -> 0 | H4: =old!H4-new!H4 -> 0 | ... AI4: =old!AI4-new!AI4 -> 0
A5: =old!A5-new!A5 -> 0 | B5: =old!B5-new!B5 -> 0 | C5: =old!C5-new!C5 -> #VALUE! | D5: =old!D5-new!D5 -> 0 | E5: =old!E5-new!E5 -> 0 | F5: =old!F5-new!F5 -> 5.36 | G5: =old!G5-new!G5 -> 0 | H5: =old!H5-new!H5 -> 0 | ... AI5: =old!AI5-new!AI5 -> 0
A6: =old!A6-new!A6 -> 0 | B6: =old!B6-new!B6 -> 0 | C6: =old!C6-new!C6 -> #VALUE! | D6: =old!D6-new!D6 -> 0 | E6: =old!E6-new!E6 -> 0 | F6: =old!F6-new!F6 -> 5.46 | G6: =old!G6-new!G6 -> 0 | H6: =old!H6-new!H6 -> 0 | ... AI6: =old!AI6-new!AI6 -> 0
A7: =old!A7-new!A7 -> 0 | B7: =old!B7-new!B7 -> 0 | C7: =old!C7-new!C7 -> #VALUE! | D7: =old!D7-new!D7 -> 0 | E7: =old!E7-new!E7 -> 0 | F7: =old!F7-new!F7 -> 4.98 | G7: =old!G7-new!G7 -> 0 | H7: =old!H7-new!H7 -> 0 | ... AI7: =old!AI7-new!AI7 -> 0
A8: =old!A8-new!A8 -> 0 | B8: =old!B8-new!B8 -> 0 | C8: =old!C8-new!C8 -> #VALUE! | D8: =old!D8-new!D8 -> 0 | E8: =old!E8-new!E8 -> 0 | F8: =old!F8-new!F8 -> 4.36 | G8: =old!G8-new!G8 -> 0 | H8: =old!H8-new!H8 -> 0 | ... AI8: =old!AI8-new!AI8 -> 0
A9: =old!A9-new!A9 -> 0 | B9: =old!B9-new!B9 -> 0 | C9: =old!C9-new!C9 -> #VALUE! | D9: =old!D9-new!D9 -> 0 | E9: =old!E9-new!E9 -> 0 | F9: =old!F9-new!F9 -> 3.83 | G9: =old!G9-new!G9 -> 0 | H9: =old!H9-new!H9 -> 0 | ... AI9: =old!AI9-new!AI9 -> 0
A10: =old!A10-new!A10 -> 0 | B10: =old!B10-new!B10 -> 0 | C10: =old!C10-new!C10 -> #VALUE! | D10: =old!D10-new!D10 -> 0 | E10: =old!E10-new!E10 -> 0 | F10: =old!F10-new!F10 -> 3.56 | G10: =old!G10-new!G10 -> 0 | H10: =old!H10-new!H10 -> 0 | ... AI10: =old!AI10-new!AI10 -> 0
A11: =old!A11-new!A11 -> 0 | B11: =old!B11-new!B11 -> 0 | C11: =old!C11-new!C11 -> #VALUE! | D11: =old!D11-new!D11 -> 0 | E11: =old!E11-new!E11 -> 0 | F11: =old!F11-new!F11 -> 3.49 | G11: =old!G11-new!G11 -> 0 | H11: =old!H11-new!H11 -> 0 | ... AI11: =old!AI11-new!AI11 -> 0
A12: =old!A12-new!A12 -> 0 | B12: =old!B12-new!B12 -> 0 | C12: =old!C12-new!C12 -> #VALUE! | D12: =old!D12-new!D12 -> 0 | E12: =old!E12-new!E12 -> 0 | F12: =old!F12-new!F12 -> 3.06 | G12: =old!G12-new!G12 -> 0 | H12: =old!H12-new!H12 -> 0 | ... AI12: =old!AI12-new!AI12 -> 0
A13: =old!A13-new!A13 -> 0 | B13: =old!B13-new!B13 -> 0 | C13: =old!C13-new!C13 -> #VALUE! | D13: =old!D13-new!D13 -> 0 | E13: =old!E13-new!E13 -> 0 | F13: =old!F13-new!F13 -> 2.69 | G13: =old!G13-new!G13 -> 0 | H13: =old!H13-new!H13 -> 0 | ... AI13: =old!AI13-new!AI13 -> 0
... A50: =old!A50-new!A50 -> 0 | B50: =old!B50-new!B50 -> 0 | C50: =old!C50-new!C50 -> #VALUE! | D50: =old!D50-new!D50 -> 0 | E50: =old!E50-new!E50 -> 0 | F50: =old!F50-new!F50 -> -1524.56 | G50: =old!G50-new!G50 -> 0 | H50: =old!H50-new!H50 -> 0 | ... AI50: =old!AI50-new!AI50 -> 0

Sheet v3
A1: HARP_eligible | B1: dimensionCombination | C1: factorDate | D1: modifyDate | E1: sliceId | F1: wacls | G1: ols | H1: burnout | I1: cpr | J1: bal | K1: currLLPA | L1: currMIP | M1: currPMI | N1: pct_dq | O1: pct_fha | P1: pct_HARPed | Q1: pct_inv | R1: issueDate | S1: origMIP | T1: origPMI | U1: pct_owner | V1: poolListName | W1: refi_elig_pct | X1: incentive | Y1: pct_REFI | Z1: replineMode | AA1: origbal | AB1: pct_2nd | AC1: pct_tpo | AD1: cltv | AE1: odti | AF1: fico | AG1: oltv | AH1: sato | AI1: wac | AJ1: wala | AK1: wam
A2: 0 | B2: ALGORITHM:TICKER | C2: 20130101 | D2: 20130101 | E2: TICKER:FGU6 | F2: 206550.89 | G2: 206717.59 | H2: 5.56 | I2: 0 | J2: 1.8506961e+08 | K2: 495.17 | L2: None | M2: 150.67 | N2: 0 | O2: None | P2: 100 | Q2: 24.58 | R2: 20130101 | S2: None | T2: 18.26 | U2: 72.98 | V2: FHL30.400.13(U6) | W2: 0 | X2: -13.4 | Y2: 100 | Z2: PL | AA2: 11780809 | AB2: 2.42 | AC2: 23.01 | AD2: 115.43 | AE2: 37.26 | AF2: 735.8 | AG2: 115.44 | AH2: 33.69 | AI2: 4.35 | AJ2: 0 | AK2: 356.39
A3: 0 | B3: ALGORITHM:TICKER | C3: 20130201 | D3: 20130201 | E3: TICKER:FGU6 | F3: 200689.16 | G3: 200965.28 | H3: 6.54 | I3: 0.11 | J3: 4.4432581e+08 | K3: 513.62 | L3: None | M3: 150.82 | N3: 0 | O3: None | P3: 100 | Q3: 29.48 | R3: 20130101 | S3: None | T3: 18.66 | U3: 66.81 | V3: FHL30.400.13(U6) | W3: 0 | X3: -20.31 | Y3: 100 | Z3: PL | AA3: 1.8484168e+08 | AB3: 3.69 | AC3: 14.88 | AD3: 114.99 | AE3: 37.66 | AF3: 730.88 | AG3: 115.43 | AH3: 35.01 | AI3: 4.34 | AJ3: 0.45 | AK3: 355.79
A4: 0 | B4: ALGORITHM:TICKER | C4: 20130301 | D4: 20130301 | E4: TICKER:FGU6 | F4: 196562.17 | G4: 196935.59 | H4: 6.05 | I4: 0.97 | J4: 8.1475021e+08 | K4: 513.18 | L4: None | M4: 150.72 | N4: 0.01 | O4: None | P4: 100 | Q4: 29.46 | R4: 20130101 | S4: None | T4: 21.03 | U4: 67.27 | V4: FHL30.400.13(U6) | W4: 0 | X4: -32 | Y4: 100 | Z4: PL | AA4: 4.4375095e+08 | AB4: 3.26 | AC4: 12.11 | AD4: 114.59 | AE4: 37.44 | AF4: 728.41 | AG4: 115.42 | AH4: 34.08 | AI4: 4.34 | AJ4: 0.83 | AK4: 355.69
A5: 0 | B5: ALGORITHM:TICKER | C5: 20130401 | D5: 20130401 | E5: TICKER:FGU6 | F5: 194703.51 | G5: 195184.58 | H5: 5.37 | I5: 0.4 | J5: 1.268104e+09 | K5: 517.62 | L5: None | M5: 150.74 | N5: 0.2 | O5: None | P5: 100 | Q5: 30.49 | R5: 20130101 | S5: None | T5: 20.5 | U5: 66.39 | V5: FHL30.400.13(U6) | W5: 0.03 | X5: -34.5 | Y5: 100 | Z5: PL | AA5: 8.1366732e+08 | AB5: 3.1 | AC5: 12.92 | AD5: 113.29 | AE5: 37.15 | AF5: 727.07 | AG5: 115.3 | AH5: 32.18 | AI5: 4.35 | AJ5: 1.21 | AK5: 355.11
A6: 0 | B6: ALGORITHM:TICKER | C6: 20130501 | D6: 20130501 | E6: TICKER:FGU6 | F6: 194091.79 | G6: 194735.99 | H6: 5.55 | I6: 1.27 | J6: 1.6319238e+09 | K6: 519.43 | L6: None | M6: 151.76 | N6: 0.2 | O6: None | P6: 100 | Q6: 30.94 | R6: 20130101 | S6: None | T6: 20.98 | U6: 65.96 | V6: FHL30.400.13(U6) | W6: 0.12 | X6: -30.11 | Y6: 100 | Z6: PL | AA6: 1.2644801e+09 | AB6: 3.09 | AC6: 13.11 | AD6: 111.89 | AE6: 37.04 | AF6: 726.33 | AG6: 115.18 | AH6: 32.29 | AI6: 4.37 | AJ6: 1.75 | AK6: 354.68
A7: 0 | B7: ALGORITHM:TICKER | C7: 20130601 | D7: 20130601 | E7: TICKER:FGU6 | F7: 192019.77 | G7: 192780.11 | H7: 5.45 | I7: 1.21 | J7: 2.05826e+09 | K7: 518.66 | L7: None | M7: 151.64 | N7: 0.2 | O7: None | P7: 100 | Q7: 31.16 | R7: 20130101 | S7: None | T7: 21.73 | U7: 65.61 | V7: FHL30.400.13(U6) | W7: 0.59 | X7: -36.87 | Y7: 100 | Z7: PL | AA7: 1.6297469e+09 | AB7: 3.21 | AC7: 12.96 | AD7: 110.74 | AE7: 37.05 | AF7: 725.31 | AG7: 115.04 | AH7: 30.9 | AI7: 4.37 | AJ7: 2.16 | AK7: 354.27
A8: 0 | B8: ALGORITHM:TICKER | C8: 20130701 | D8: 20130701 | E8: TICKER:FGU6 | F8: 192050.72 | G8: 192982.75 | H8: 5 | I8: 1.31 | J8: 2.3618398e+09 | K8: 513.79 | L8: None | M8: 151.36 | N8: 0.36 | O8: None | P8: 100 | Q8: 30.32 | R8: 20130101 | S8: None | T8: 21.78 | U8: 66.46 | V8: FHL30.400.13(U6) | W8: 0.96 | X8: -90.34 | Y8: 99.98 | Z8: PL | AA8: 2.0554481e+09 | AB8: 3.2 | AC8: 13.45 | AD8: 110.28 | AE8: 37.02 | AF8: 724.38 | AG8: 115.03 | AH8: 30.21 | AI8: 4.38 | AJ8: 2.75 | AK8: 353.75
A9: 0 | B9: ALGORITHM:TICKER | C9: 20130801 | D9: 20130801 | E9: TICKER:FGU6 | F9: 193068.77 | G9: 194134.42 | H9: 4.44 | I9: 1.05 | J9: 2.7892646e+09 | K9: 505.98 | L9: None | M9: 182.47 | N9: 0.6 | O9: None | P9: 100 | Q9: 28.78 | R9: 20130101 | S9: None | T9: 21.75 | U9: 68.04 | V9: FHL30.400.13(U6) | W9: 1.49 | X9: -118.99 | Y9: 99.98 | Z9: PL | AA9: 2.3586034e+09 | AB9: 3.16 | AC9: 14.13 | AD9: 110 | AE9: 37.05 | AF9: 723.36 | AG9: 114.95 | AH9: 27.37 | AI9: 4.39 | AJ9: 3.18 | AK9: 353.29
A10: 0 | B10: ALGORITHM:TICKER | C10: 20130901 | D10: 20130901 | E10: TICKER:FGU6 | F10: 192159.56 | G10: 193410.46 | H10: 4.15 | I10: 1.79 | J10: 3.0574508e+09 | K10: 500.45 | L10: None | M10: 181.74 | N10: 0.32 | O10: None | P10: 100 | Q10: 28.01 | R10: 20130101 | S10: None | T10: 21.95 | U10: 68.73 | V10: FHL30.400.13(U6) | W10: 2.3 | X10: -126.99 | Y10: 99.98 | Z10: PL | AA10: 2.7570207e+09 | AB10: 3.24 | AC10: 13.11 | AD10: 109.36 | AE10: 37.07 | AF10: 722.45 | AG10: 114.88 | AH10: 24.15 | AI10: 4.4 | AJ10: 3.83 | AK10: 352.59
A11: 0 | B11: ALGORITHM:TICKER | C11: 20131001 | D11: 20131001 | E11: TICKER:FGU6 | F11: 191742 | G11: 193222.41 | H11: 4.08 | I11: 1.35 | J11: 3.2431243e+09 | K11: 496.54 | L11: None | M11: 181.56 | N11: 0.56 | O11: None | P11: 100 | Q11: 27.14 | R11: 20130101 | S11: None | T11: 22.22 | U11: 69.59 | V11: FHL30.400.13(U6) | W11: 2.45 | X11: -126.9 | Y11: 99.98 | Z11: PL | AA11: 3.0514777e+09 | AB11: 3.26 | AC11: 12.92 | AD11: 109.48 | AE11: 37.09 | AF11: 721.89 | AG11: 114.87 | AH11: 22.12 | AI11: 4.42 | AJ11: 4.57 | AK11: 351.7
A12: 0 | B12: ALGORITHM:TICKER | C12: 20131101 | D12: 20131101 | E12: TICKER:FGU6 | F12: 191486.31 | G12: 193210.82 | H12: 4.1 | I12: 1.64 | J12: 3.3510106e+09 | K12: 493.34 | L12: None | M12: 181.17 | N12: 0.66 | O12: None | P12: 100 | Q12: 26.6 | R12: 20130101 | S12: None | T12: 22.32 | U12: 70.11 | V12: FHL30.400.13(U6) | W12: 2.72 | X12: -95.83 | Y12: 99.93 | Z12: PL | AA12: 3.238618e+09 | AB12: 3.27 | AC12: 12.79 | AD12: 109.46 | AE12: 37.11 | AF12: 721.35 | AG12: 114.83 | AH12: 20.5 | AI12: 4.43 | AJ12: 5.4 | AK12: 350.58
A13: 0 | B13: ALGORITHM:TICKER | C13: 20131201 | D13: 20131201 | E13: TICKER:FGU6 | F13: 191395.41 | G13: 193373.22 | H13: 4.09 | I13: 1.82 | J13: 3.4219586e+09 | K13: 491.47 | L13: None | M13: 180.78 | N13: 0.78 | O13: None | P13: 100 | Q13: 26.2 | R13: 20130101 | S13: None | T13: 22.25 | U13: 70.51 | V13: FHL30.400.13(U6) | W13: 3.11 | X13: -101.97 | Y13: 99.93 | Z13: PL | AA13: 3.3463306e+09 | AB13: 3.27 | AC13: 12.83 | AD13: 109.42 | AE13: 37.14 | AF13: 721.12 | AG13: 114.82 | AH13: 19.16 | AI13: 4.43 | AJ13: 6.25 | AK13: 349.63
... A51: 0 | B51: ALGORITHM:TICKER | C51: 20170201 | D51: 20170201 | E51: TICKER:FGU6 | F51: 176476.29 | G51: 190291.81 | H51: 107.74 | I51: 8.9 | J51: 2.5373761e+09 | K51: 246.21 | L51: None | M51: 80.48 | N51: 1.64 | O51: None | P51: 100 | Q51: 24.71 | R51: 20130101 | S51: None | T51: 22.15 | U51: 72.16 | V51: FHL30.400.13(U6) | W51: 76.95 | X51: -7.38 | Y51: 99.87 | Z51: PL | AA51: 2.5571852e+09 | AB51: 3.11 | AC51: 12 | AD51: 86.47 | AE51: 37.33 | AF51: 719 | AG51: 114.88 | AH51: 17.05 | AI51: 4.43 | AJ51: 43.97 | AK51: 308.95

Sheet diff v1_v3
A1: factorDate | B1: modifyDate | C1: sliceId | D1: wacls | E1: ols | F1: burnout | G1: cpr | H1: bal | I1: currLLPA | J1: currMIP | K1: currPMI | L1: pct_dq | M1: pct_fha | N1: pct_HARPed | O1: pct_inv | P1: issueDate | Q1: origMIP | R1: origPMI | S1: pct_owner | T1: poolListName | U1: refi_elig_pct | V1: incentive | W1: pct_REFI | X1: replineMode | Y1: origbal | Z1: pct_2nd | AA1: pct_tpo | AB1: cltv | AC1: odti | AD1: fico | AE1: oltv | AF1: sato | AG1: wac | AH1: wala | AI1: wam
A2: =old!A2-'v3'!C2 -> 0 | B2: =old!B2-'v3'!D2 -> 0 | C2: =old!C2-'v3'!E2 -> #VALUE! | D2: =old!D2-'v3'!F2 -> 0 | E2: =old!E2-'v3'!G2 -> 0 | F2: =old!F2-'v3'!H2 -> 0 | G2: =old!G2-'v3'!I2 -> 0 | H2: =old!H2-'v3'!J2 -> 0 | ... AI2: =old!AI2-'v3'!AK2 -> 0
A3: =old!A3-'v3'!C3 -> 0 | B3: =old!B3-'v3'!D3 -> 0 | C3: =old!C3-'v3'!E3 -> #VALUE! | D3: =old!D3-'v3'!F3 -> 0 | E3: =old!E3-'v3'!G3 -> 0 | F3: =old!F3-'v3'!H3 -> 0 | G3: =old!G3-'v3'!I3 -> 0 | H3: =old!H3-'v3'!J3 -> 0.019999981 | ... AI3: =old!AI3-'v3'!AK3 -> 0
A4: =old!A4-'v3'!C4 -> 0 | B4: =old!B4-'v3'!D4 -> 0 | C4: =old!C4-'v3'!E4 -> #VALUE! | D4: =old!D4-'v3'!F4 -> 0 | E4: =old!E4-'v3'!G4 -> 0 | F4: =old!F4-'v3'!H4 -> 0 | G4: =old!G4-'v3'!I4 -> 0 | H4: =old!H4-'v3'!J4 -> 0.0099999905 | ... AI4: =old!AI4-'v3'!AK4 -> 0
A5: =old!A5-'v3'!C5 -> 0 | B5: =old!B5-'v3'!D5 -> 0 | C5: =old!C5-'v3'!E5 -> #VALUE! | D5: =old!D5-'v3'!F5 -> 0 | E5: =old!E5-'v3'!G5 -> 0 | F5: =old!F5-'v3'!H5 -> 0 | G5: =old!G5-'v3'!I5 -> 0 | H5: =old!H5-'v3'!J5 -> 0.32999992 | ... AI5: =old!AI5-'v3'!AK5 -> 0
A6: =old!A6-'v3'!C6 -> 0 | B6: =old!B6-'v3'!D6 -> 0 | C6: =old!C6-'v3'!E6 -> #VALUE! | D6: =old!D6-'v3'!F6 -> 0 | E6: =old!E6-'v3'!G6 -> 0 | F6: =old!F6-'v3'!H6 -> 0 | G6: =old!G6-'v3'!I6 -> 0 | H6: =old!H6-'v3'!J6 -> 0.33999991 | ... AI6: =old!AI6-'v3'!AK6 -> 0
A7: =old!A7-'v3'!C7 -> 0 | B7: =old!B7-'v3'!D7 -> 0 | C7: =old!C7-'v3'!E7 -> #VALUE! | D7: =old!D7-'v3'!F7 -> 0 | E7: =old!E7-'v3'!G7 -> 0 | F7: =old!F7-'v3'!H7 -> 0 | G7: =old!G7-'v3'!I7 -> 0 | H7: =old!H7-'v3'!J7 -> -0.16000009 | ... AI7: =old!AI7-'v3'!AK7 -> 0
A8: =old!A8-'v3'!C8 -> 0 | B8: =old!B8-'v3'!D8 -> 0 | C8: =old!C8-'v3'!E8 -> #VALUE! | D8: =old!D8-'v3'!F8 -> 0 | E8: =old!E8-'v3'!G8 -> 0 | F8: =old!F8-'v3'!H8 -> 0.01 | G8: =old!G8-'v3'!I8 -> 0 | H8: =old!H8-'v3'!J8 -> 0.050000191 | ... AI8: =old!AI8-'v3'!AK8 -> 0
A9: =old!A9-'v3'!C9 -> 0 | B9: =old!B9-'v3'!D9 -> 0 | C9: =old!C9-'v3'!E9 -> #VALUE! | D9: =old!D9-'v3'!F9 -> 0 | E9: =old!E9-'v3'!G9 -> 0 | F9: =old!F9-'v3'!H9 -> 0 | G9: =old!G9-'v3'!I9 -> 0 | H9: =old!H9-'v3'!J9 -> -0.19000006 | ... AI9: =old!AI9-'v3'!AK9 -> 0
A10: =old!A10-'v3'!C10 -> 0 | B10: =old!B10-'v3'!D10 -> 0 | C10: =old!C10-'v3'!E10 -> #VALUE! | D10: =old!D10-'v3'!F10 -> 0 | E10: =old!E10-'v3'!G10 -> 0 | F10: =old!F10-'v3'!H10 -> 0 | G10: =old!G10-'v3'!I10 -> 0 | H10: =old!H10-'v3'!J10 -> -0.090000153 | ... AI10: =old!AI10-'v3'!AK10 -> 0
A11: =old!A11-'v3'!C11 -> 0 | B11: =old!B11-'v3'!D11 -> 0 | C11: =old!C11-'v3'!E11 -> #VALUE! | D11: =old!D11-'v3'!F11 -> 0 | E11: =old!E11-'v3'!G11 -> 0 | F11: =old!F11-'v3'!H11 -> 0 | G11: =old!G11-'v3'!I11 -> 0 | H11: =old!H11-'v3'!J11 -> -0.32999992 | ... AI11: =old!AI11-'v3'!AK11 -> 0
A12: =old!A12-'v3'!C12 -> 0 | B12: =old!B12-'v3'!D12 -> 0 | C12: =old!C12-'v3'!E12 -> #VALUE! | D12: =old!D12-'v3'!F12 -> 0 | E12: =old!E12-'v3'!G12 -> 0 | F12: =old!F12-'v3'!H12 -> 0 | G12: =old!G12-'v3'!I12 -> 0 | H12: =old!H12-'v3'!J12 -> -0.099999905 | ... AI12: =old!AI12-'v3'!AK12 -> 0
A13: =old!A13-'v3'!C13 -> 0 | B13: =old!B13-'v3'!D13 -> 0 | C13: =old!C13-'v3'!E13 -> #VALUE! | D13: =old!D13-'v3'!F13 -> 0 | E13: =old!E13-'v3'!G13 -> 0 | F13: =old!F13-'v3'!H13 -> 0 | G13: =old!G13-'v3'!I13 -> 0 | H13: =old!H13-'v3'!J13 -> -0.42000008 | ... AI13: =old!AI13-'v3'!AK13 -> 0
... A50: =old!A50-'v3'!C50 -> 0 | B50: =old!B50-'v3'!D50 -> 0 | C50: =old!C50-'v3'!E50 -> #VALUE! | D50: =old!D50-'v3'!F50 -> 0 | E50: =old!E50-'v3'!G50 -> 0 | F50: =old!F50-'v3'!H50 -> 0 | G50: =old!G50-'v3'!I50 -> 0 | H50: =old!H50-'v3'!J50 -> -0.039999962 | ... AI50: =old!AI50-'v3'!AK50 -> 0

Sheet 2.40
A1: HARP_eligible | B1: dimensionCombination | C1: factorDate | D1: modifyDate | E1: sliceId | F1: wacls | G1: ols | H1: burnout | I1: cpr | J1: bal | K1: currLLPA | L1: currMIP | M1: currPMI | N1: pct_dq | O1: pct_fha | P1: pct_HARPed | Q1: pct_inv | R1: issueDate | S1: origMIP | T1: origPMI | U1: pct_owner | V1: poolListName | W1: refi_elig_pct | X1: incentive | Y1: pct_REFI | Z1: replineMode | AA1: origbal | AB1: pct_2nd | AC1: pct_tpo | AD1: cltv | AE1: odti | AF1: fico | AG1: oltv | AH1: sato | AI1: wac | AJ1: wala | AK1: wam
A2: 0 | B2: ALGORITHM:TICKER | C2: 20130101 | D2: 20130101 | E2: TICKER:FGU6 | F2: 206550.89 | G2: 206717.59 | H2: 0 | I2: 0 | J2: 1.8506961e+08 | K2: 495.17 | L2: None | M2: 150.67 | N2: 0 | O2: None | P2: 100 | Q2: 24.58 | R2: 20130101 | S2: None | T2: 18.26 | U2: 72.98 | V2: FHL30.400.13(U6) | W2: 0 | X2: -13.4 | Y2: 100 | Z2: PL | AA2: 11780809 | AB2: 2.42 | AC2: 23.01 | AD2: 115.43 | AE2: 37.26 | AF2: 735.8 | AG2: 115.44 | AH2: 33.69 | AI2: 4.35 | AJ2: 0 | AK2: 356.39
A3: 0 | B3: ALGORITHM:TICKER | C3: 20130201 | D3: 20130201 | E3: TICKER:FGU6 | F3: 200689.16 | G3: 200965.28 | H3: 0 | I3: 0.11 | J3: 4.4432581e+08 | K3: 513.62 | L3: None | M3: 150.82 | N3: 0 | O3: None | P3: 100 | Q3: 29.48 | R3: 20130101 | S3: None | T3: 18.66 | U3: 66.81 | V3: FHL30.400.13(U6) | W3: 0 | X3: -20.31 | Y3: 100 | Z3: PL | AA3: 1.8484168e+08 | AB3: 3.69 | AC3: 14.88 | AD3: 114.99 | AE3: 37.66 | AF3: 730.88 | AG3: 115.43 | AH3: 35.01 | AI3: 4.34 | AJ3: 0.45 | AK3: 355.79
A4: 0 | B4: ALGORITHM:TICKER | C4: 20130301 | D4: 20130301 | E4: TICKER:FGU6 | F4: 196562.17 | G4: 196935.59 | H4: 0 | I4: 0.97 | J4: 8.1475021e+08 | K4: 513.18 | L4: None | M4: 150.72 | N4: 0.01 | O4: None | P4: 100 | Q4: 29.46 | R4: 20130101 | S4: None | T4: 21.03 | U4: 67.27 | V4: FHL30.400.13(U6) | W4: 0 | X4: -32 | Y4: 100 | Z4: PL | AA4: 4.4375095e+08 | AB4: 3.26 | AC4: 12.11 | AD4: 114.59 | AE4: 37.44 | AF4: 728.41 | AG4: 115.42 | AH4: 34.08 | AI4: 4.34 | AJ4: 0.83 | AK4: 355.69
A5: 0 | B5: ALGORITHM:TICKER | C5: 20130401 | D5: 20130401 | E5: TICKER:FGU6 | F5: 194703.51 | G5: 195184.58 | H5: 0 | I5: 0.4 | J5: 1.268104e+09 | K5: 517.62 | L5: None | M5: 150.74 | N5: 0.2 | O5: None | P5: 100 | Q5: 30.49 | R5: 20130101 | S5: None | T5: 20.5 | U5: 66.39 | V5: FHL30.400.13(U6) | W5: 0.03 | X5: -34.5 | Y5: 100 | Z5: PL | AA5: 8.1366732e+08 | AB5: 3.1 | AC5: 12.92 | AD5: 113.29 | AE5: 37.15 | AF5: 727.07 | AG5: 115.3 | AH5: 32.18 | AI5: 4.35 | AJ5: 1.21 | AK5: 355.11
A6: 0 | B6: ALGORITHM:TICKER | C6: 20130501 | D6: 20130501 | E6: TICKER:FGU6 | F6: 194091.79 | G6: 194735.99 | H6: 0 | I6: 1.27 | J6: 1.6319238e+09 | K6: 519.43 | L6: None | M6: 151.76 | N6: 0.2 | O6: None | P6: 100 | Q6: 30.94 | R6: 20130101 | S6: None | T6: 20.98 | U6: 65.96 | V6: FHL30.400.13(U6) | W6: 0.12 | X6: -30.11 | Y6: 100 | Z6: PL | AA6: 1.2644801e+09 | AB6: 3.09 | AC6: 13.11 | AD6: 111.89 | AE6: 37.04 | AF6: 726.33 | AG6: 115.18 | AH6: 32.29 | AI6: 4.37 | AJ6: 1.75 | AK6: 354.68
A7: 0 | B7: ALGORITHM:TICKER | C7: 20130601 | D7: 20130601 | E7: TICKER:FGU6 | F7: 192019.77 | G7: 192780.11 | H7: 0 | I7: 1.21 | J7: 2.05826e+09 | K7: 518.66 | L7: None | M7: 151.64 | N7: 0.2 | O7: None | P7: 100 | Q7: 31.16 | R7: 20130101 | S7: None | T7: 21.73 | U7: 65.61 | V7: FHL30.400.13(U6) | W7: 0.59 | X7: -36.87 | Y7: 100 | Z7: PL | AA7: 1.6297469e+09 | AB7: 3.21 | AC7: 12.96 | AD7: 110.74 | AE7: 37.05 | AF7: 725.31 | AG7: 115.04 | AH7: 30.9 | AI7: 4.37 | AJ7: 2.16 | AK7: 354.27
A8: 0 | B8: ALGORITHM:TICKER | C8: 20130701 | D8: 20130701 | E8: TICKER:FGU6 | F8: 192050.72 | G8: 192982.75 | H8: 0 | I8: 1.31 | J8: 2.3618398e+09 | K8: 513.79 | L8: None | M8: 151.36 | N8: 0.36 | O8: None | P8: 100 | Q8: 30.32 | R8: 20130101 | S8: None | T8: 21.78 | U8: 66.46 | V8: FHL30.400.13(U6) | W8: 0.96 | X8: -90.34 | Y8: 99.98 | Z8: PL | AA8: 2.0554481e+09 | AB8: 3.2 | AC8: 13.45 | AD8: 110.28 | AE8: 37.02 | AF8: 724.38 | AG8: 115.03 | AH8: 30.21 | AI8: 4.38 | AJ8: 2.75 | AK8: 353.75
A9: 0 | B9: ALGORITHM:TICKER | C9: 20130801 | D9: 20130801 | E9: TICKER:FGU6 | F9: 193068.77 | G9: 194134.42 | H9: 0 | I9: 1.05 | J9: 2.7892646e+09 | K9: 505.98 | L9: None | M9: 182.47 | N9: 0.6 | O9: None | P9: 100 | Q9: 28.78 | R9: 20130101 | S9: None | T9: 21.75 | U9: 68.04 | V9: FHL30.400.13(U6) | W9: 1.49 | X9: -118.99 | Y9: 99.98 | Z9: PL | AA9: 2.3586034e+09 | AB9: 3.16 | AC9: 14.13 | AD9: 110 | AE9: 37.05 | AF9: 723.36 | AG9: 114.95 | AH9: 27.37 | AI9: 4.39 | AJ9: 3.18 | AK9: 353.29
A10: 0 | B10: ALGORITHM:TICKER | C10: 20130901 | D10: 20130901 | E10: TICKER:FGU6 | F10: 192159.56 | G10: 193410.46 | H10: 0 | I10: 1.79 | J10: 3.0574508e+09 | K10: 500.45 | L10: None | M10: 181.74 | N10: 0.32 | O10: None | P10: 100 | Q10: 28.01 | R10: 20130101 | S10: None | T10: 21.95 | U10: 68.73 | V10: FHL30.400.13(U6) | W10: 2.3 | X10: -126.99 | Y10: 99.98 | Z10: PL | AA10: 2.7570207e+09 | AB10: 3.24 | AC10: 13.11 | AD10: 109.36 | AE10: 37.07 | AF10: 722.45 | AG10: 114.88 | AH10: 24.15 | AI10: 4.4 | AJ10: 3.83 | AK10: 352.59
A11: 0 | B11: ALGORITHM:TICKER | C11: 20131001 | D11: 20131001 | E11: TICKER:FGU6 | F11: 191742 | G11: 193222.41 | H11: 0 | I11: 1.35 | J11: 3.2431243e+09 | K11: 496.54 | L11: None | M11: 181.56 | N11: 0.56 | O11: None | P11: 100 | Q11: 27.14 | R11: 20130101 | S11: None | T11: 22.22 | U11: 69.59 | V11: FHL30.400.13(U6) | W11: 2.45 | X11: -126.9 | Y11: 99.98 | Z11: PL | AA11: 3.0514777e+09 | AB11: 3.26 | AC11: 12.92 | AD11: 109.48 | AE11: 37.09 | AF11: 721.89 | AG11: 114.87 | AH11: 22.12 | AI11: 4.42 | AJ11: 4.57 | AK11: 351.7
A12: 0 | B12: ALGORITHM:TICKER | C12: 20131101 | D12: 20131101 | E12: TICKER:FGU6 | F12: 191486.31 | G12: 193210.82 | H12: 0 | I12: 1.64 | J12: 3.3510106e+09 | K12: 493.34 | L12: None | M12: 181.17 | N12: 0.66 | O12: None | P12: 100 | Q12: 26.6 | R12: 20130101 | S12: None | T12: 22.32 | U12: 70.11 | V12: FHL30.400.13(U6) | W12: 2.72 | X12: -95.83 | Y12: 99.93 | Z12: PL | AA12: 3.238618e+09 | AB12: 3.27 | AC12: 12.79 | AD12: 109.46 | AE12: 37.11 | AF12: 721.35 | AG12: 114.83 | AH12: 20.5 | AI12: 4.43 | AJ12: 5.4 | AK12: 350.58
A13: 0 | B13: ALGORITHM:TICKER | C13: 20131201 | D13: 20131201 | E13: TICKER:FGU6 | F13: 191395.41 | G13: 193373.22 | H13: 0 | I13: 1.82 | J13: 3.4219586e+09 | K13: 491.47 | L13: None | M13: 180.78 | N13: 0.78 | O13: None | P13: 100 | Q13: 26.2 | R13: 20130101 | S13: None | T13: 22.25 | U13: 70.51 | V13: FHL30.400.13(U6) | W13: 3.11 | X13: -101.97 | Y13: 99.93 | Z13: PL | AA13: 3.3463306e+09 | AB13: 3.27 | AC13: 12.83 | AD13: 109.42 | AE13: 37.14 | AF13: 721.12 | AG13: 114.82 | AH13: 19.16 | AI13: 4.43 | AJ13: 6.25 | AK13: 349.63
... A51: 0 | B51: ALGORITHM:TICKER | C51: 20170201 | D51: 20170201 | E51: TICKER:FGU6 | F51: 176476.29 | G51: 190291.81 | H51: 141.36 | I51: 8.9 | J51: 2.5373761e+09 | K51: 246.21 | L51: None | M51: 80.48 | N51: 1.64 | O51: None | P51: 100 | Q51: 24.71 | R51: 20130101 | S51: None | T51: 22.15 | U51: 72.16 | V51: FHL30.400.13(U6) | W51: 76.95 | X51: -7.38 | Y51: 99.87 | Z51: PL | AA51: 2.5571852e+09 | AB51: 3.11 | AC51: 12 | AD51: 86.47 | AE51: 37.33 | AF51: 719 | AG51: 114.88 | AH51: 17.05 | AI51: 4.43 | AJ51: 43.97 | AK51: 308.95

Sheet diff 2.40
A1: factorDate | B1: modifyDate | C1: sliceId | D1: wacls | E1: ols | F1: burnout | G1: cpr | H1: bal | I1: currLLPA | J1: currMIP | K1: currPMI | L1: pct_dq | M1: pct_fha | N1: pct_HARPed | O1: pct_inv | P1: issueDate | Q1: origMIP | R1: origPMI | S1: pct_owner | T1: poolListName | U1: refi_elig_pct | V1: incentive | W1: pct_REFI | X1: replineMode | Y1: origbal | Z1: pct_2nd | AA1: pct_tpo | AB1: cltv | AC1: odti | AD1: fico | AE1: oltv | AF1: sato | AG1: wac | AH1: wala | AI1: wam
A2: =old!A2-'2.40'!C2 -> 0 | B2: =old!B2-'2.40'!D2 -> 0 | C2: =old!C2-'2.40'!E2 -> #VALUE! | D2: =old!D2-'2.40'!F2 -> 0 | E2: =old!E2-'2.40'!G2 -> 0 | F2: =old!F2-'2.40'!H2 -> 5.56 | G2: =old!G2-'2.40'!I2 -> 0 | H2: =old!H2-'2.40'!J2 -> 0 | ... AI2: =old!AI2-'2.40'!AK2 -> 0
A3: =old!A3-'2.40'!C3 -> 0 | B3: =old!B3-'2.40'!D3 -> 0 | C3: =old!C3-'2.40'!E3 -> #VALUE! | D3: =old!D3-'2.40'!F3 -> 0 | E3: =old!E3-'2.40'!G3 -> 0 | F3: =old!F3-'2.40'!H3 -> 6.54 | G3: =old!G3-'2.40'!I3 -> 0 | H3: =old!H3-'2.40'!J3 -> 0.019999981 | ... AI3: =old!AI3-'2.40'!AK3 -> 0
A4: =old!A4-'2.40'!C4 -> 0 | B4: =old!B4-'2.40'!D4 -> 0 | C4: =old!C4-'2.40'!E4 -> #VALUE! | D4: =old!D4-'2.40'!F4 -> 0 | E4: =old!E4-'2.40'!G4 -> 0 | F4: =old!F4-'2.40'!H4 -> 6.05 | G4: =old!G4-'2.40'!I4 -> 0 | H4: =old!H4-'2.40'!J4 -> 0.0099999905 | ... AI4: =old!AI4-'2.40'!AK4 -> 0
A5: =old!A5-'2.40'!C5 -> 0 | B5: =old!B5-'2.40'!D5 -> 0 | C5: =old!C5-'2.40'!E5 -> #VALUE! | D5: =old!D5-'2.40'!F5 -> 0 | E5: =old!E5-'2.40'!G5 -> 0 | F5: =old!F5-'2.40'!H5 -> 5.37 | G5: =old!G5-'2.40'!I5 -> 0 | H5: =old!H5-'2.40'!J5 -> 0.32999992 | ... AI5: =old!AI5-'2.40'!AK5 -> 0
A6: =old!A6-'2.40'!C6 -> 0 | B6: =old!B6-'2.40'!D6 -> 0 | C6: =old!C6-'2.40'!E6 -> #VALUE! | D6: =old!D6-'2.40'!F6 -> 0 | E6: =old!E6-'2.40'!G6 -> 0 | F6: =old!F6-'2.40'!H6 -> 5.55 | G6: =old!G6-'2.40'!I6 -> 0 | H6: =old!H6-'2.40'!J6 -> 0.33999991 | ... AI6: =old!AI6-'2.40'!AK6 -> 0
A7: =old!A7-'2.40'!C7 -> 0 | B7: =old!B7-'2.40'!D7 -> 0 | C7: =old!C7-'2.40'!E7 -> #VALUE! | D7: =old!D7-'2.40'!F7 -> 0 | E7: =old!E7-'2.40'!G7 -> 0 | F7: =old!F7-'2.40'!H7 -> 5.45 | G7: =old!G7-'2.40'!I7 -> 0 | H7: =old!H7-'2.40'!J7 -> -0.16000009 | ... AI7: =old!AI7-'2.40'!AK7 -> 0
A8: =old!A8-'2.40'!C8 -> 0 | B8: =old!B8-'2.40'!D8 -> 0 | C8: =old!C8-'2.40'!E8 -> #VALUE! | D8: =old!D8-'2.40'!F8 -> 0 | E8: =old!E8-'2.40'!G8 -> 0 | F8: =old!F8-'2.40'!H8 -> 5.01 | G8: =old!G8-'2.40'!I8 -> 0 | H8: =old!H8-'2.40'!J8 -> 0.050000191 | ... AI8: =old!AI8-'2.40'!AK8 -> 0
A9: =old!A9-'2.40'!C9 -> 0 | B9: =old!B9-'2.40'!D9 -> 0 | C9: =old!C9-'2.40'!E9 -> #VALUE! | D9: =old!D9-'2.40'!F9 -> 0 | E9: =old!E9-'2.40'!G9 -> 0 | F9: =old!F9-'2.40'!H9 -> 4.44 | G9: =old!G9-'2.40'!I9 -> 0 | H9: =old!H9-'2.40'!J9 -> -0.19000006 | ... AI9: =old!AI9-'2.40'!AK9 -> 0
A10: =old!A10-'2.40'!C10 -> 0 | B10: =old!B10-'2.40'!D10 -> 0 | C10: =old!C10-'2.40'!E10 -> #VALUE! | D10: =old!D10-'2.40'!F10 -> 0 | E10: =old!E10-'2.40'!G10 -> 0 | F10: =old!F10-'2.40'!H10 -> 4.15 | G10: =old!G10-'2.40'!I10 -> 0 | H10: =old!H10-'2.40'!J10 -> -0.090000153 | ... AI10: =old!AI10-'2.40'!AK10 -> 0
A11: =old!A11-'2.40'!C11 -> 0 | B11: =old!B11-'2.40'!D11 -> 0 | C11: =old!C11-'2.40'!E11 -> #VALUE! | D11: =old!D11-'2.40'!F11 -> 0 | E11: =old!E11-'2.40'!G11 -> 0 | F11: =old!F11-'2.40'!H11 -> 4.08 | G11: =old!G11-'2.40'!I11 -> 0 | H11: =old!H11-'2.40'!J11 -> -0.32999992 | ... AI11: =old!AI11-'2.40'!AK11 -> 0
A12: =old!A12-'2.40'!C12 -> 0 | B12: =old!B12-'2.40'!D12 -> 0 | C12: =old!C12-'2.40'!E12 -> #VALUE! | D12: =old!D12-'2.40'!F12 -> 0 | E12: =old!E12-'2.40'!G12 -> 0 | F12: =old!F12-'2.40'!H12 -> 4.1 | G12: =old!G12-'2.40'!I12 -> 0 | H12: =old!H12-'2.40'!J12 -> -0.099999905 | ... AI12: =old!AI12-'2.40'!AK12 -> 0
A13: =old!A13-'2.40'!C13 -> 0 | B13: =old!B13-'2.40'!D13 -> 0 | C13: =old!C13-'2.40'!E13 -> #VALUE! | D13: =old!D13-'2.40'!F13 -> 0 | E13: =old!E13-'2.40'!G13 -> 0 | F13: =old!F13-'2.40'!H13 -> 4.09 | G13: =old!G13-'2.40'!I13 -> 0 | H13: =old!H13-'2.40'!J13 -> -0.42000008 | ... AI13: =old!AI13-'2.40'!AK13 -> 0
... A50: =old!A50-'2.40'!C50 -> 0 | B50: =old!B50-'2.40'!D50 -> 0 | C50: =old!C50-'2.40'!E50 -> #VALUE! | D50: =old!D50-'2.40'!F50 -> 0 | E50: =old!E50-'2.40'!G50 -> 0 | F50: =old!F50-'2.40'!H50 -> -35.56 | G50: =old!G50-'2.40'!I50 -> 0 | H50: =old!H50-'2.40'!J50 -> -0.039999962 | ... AI50: =old!AI50-'2.40'!AK50 -> 0
