Workbook

Sheet S-Curve
A1: Incentive | B1: Incentive Multiplier | C1: Incentive SMM | D1: Incentive CPR | G1: Baseline Refi | H1: CPR
A2: -250 | B2: 0.1635746 | C2: =B2*$G$2 -> 0.00027302253 | D2: =100*(1-(1-C2)^12) -> 0.32713551 | G2: 0.001669101 | H2: =100*(1-(1-G2)^12) -> 1.9846362
A3: -249 | B3: 0.1635752 | C3: =B3*$G$2 -> 0.00027302353 | D3: =100*(1-(1-C3)^12) -> 0.32713671
A4: -248 | B4: 0.1635757 | C4: =B4*$G$2 -> 0.00027302436 | D4: =100*(1-(1-C4)^12) -> 0.32713771
A5: -247 | B5: 0.1635762 | C5: =B5*$G$2 -> 0.0002730252 | D5: =100*(1-(1-C5)^12) -> 0.3271387
A6: -246 | B6: 0.1635767 | C6: =B6*$G$2 -> 0.00027302603 | D6: =100*(1-(1-C6)^12) -> 0.3271397
A7: -245 | B7: 0.1635772 | C7: =B7*$G$2 -> 0.00027302687 | D7: =100*(1-(1-C7)^12) -> 0.3271407
A8: -244 | B8: 0.1635777 | C8: =B8*$G$2 -> 0.0002730277 | D8: =100*(1-(1-C8)^12) -> 0.3271417
A9: -243 | B9: 0.1635782 | C9: =B9*$G$2 -> 0.00027302854 | D9: =100*(1-(1-C9)^12) -> 0.3271427
A10: -242 | B10: 0.1635787 | C10: =B10*$G$2 -> 0.00027302937 | D10: =100*(1-(1-C10)^12) -> 0.3271437
A11: -241 | B11: 0.1635792 | C11: =B11*$G$2 -> 0.00027303021 | D11: =100*(1-(1-C11)^12) -> 0.32714469
A12: -240 | B12: 0.1635797 | C12: =B12*$G$2 -> 0.00027303104 | D12: =100*(1-(1-C12)^12) -> 0.32714569
A13: -239 | B13: 0.1635803 | C13: =B13*$G$2 -> 0.00027303204 | D13: =100*(1-(1-C13)^12) -> 0.32714689
A14: -238 | B14: 0.1635808 | C14: =B14*$G$2 -> 0.00027303288 | D14: =100*(1-(1-C14)^12) -> 0.32714789
... A702: 450 | B702: 8.0020476 | C702: =B702*$G$2 -> 0.013356226 | D702: =100*(1-(1-C702)^12) -> 14.90098

Sheet Seasoning Ramp
K1: SMM | M1: CPR
B2: Media Effect Multiplier | D2: %Refinanceable | E2: 40 | F2: 70 | J2: ='S-Curve'!C1 -> Incentive SMM | K2: %Refi 40 | L2: %Refi 70 | M2: %Refi 40 | N2: %Refi 70
A3: 0 | B3: 1.415276 | D3: %Refinanceable multiplier | E3: =VLOOKUP(E2,A:B,2,0) -> 2.387249 | F3: =VLOOKUP(F2,A:B,2,0) -> 4.926412 | I3: ='S-Curve'!A2 -> -250 | J3: ='S-Curve'!C2 -> 0.00027302253 | K3: =J3*$E$3 -> 0.00065177276 | L3: =J3*$F$3 -> 0.0013450215 | M3: =100*(1-(1-K3)^12) -> 0.77932966 | N3: =100*(1-(1-L3)^12) -> 1.6021392
A4: 1 | B4: 1.415307 | I4: ='S-Curve'!A3 -> -249 | J4: ='S-Curve'!C3 -> 0.00027302353 | K4: =J4*$E$3 -> 0.00065177515 | L4: =J4*$F$3 -> 0.0013450264 | M4: =100*(1-(1-K4)^12) -> 0.77933251 | N4: =100*(1-(1-L4)^12) -> 1.602145
A5: 2 | B5: 1.415338 | I5: ='S-Curve'!A4 -> -248 | J5: ='S-Curve'!C4 -> 0.00027302436 | K5: =J5*$E$3 -> 0.00065177714 | L5: =J5*$F$3 -> 0.0013450305 | M5: =100*(1-(1-K5)^12) -> 0.77933488 | N5: =100*(1-(1-L5)^12) -> 1.6021499
A6: 3 | B6: 1.415369 | I6: ='S-Curve'!A5 -> -247 | J6: ='S-Curve'!C5 -> 0.0002730252 | K6: =J6*$E$3 -> 0.00065177913 | L6: =J6*$F$3 -> 0.0013450346 | M6: =100*(1-(1-K6)^12) -> 0.77933726 | N6: =100*(1-(1-L6)^12) -> 1.6021547
A7: 4 | B7: 1.415401 | I7: ='S-Curve'!A6 -> -246 | J7: ='S-Curve'!C6 -> 0.00027302603 | K7: =J7*$E$3 -> 0.00065178113 | L7: =J7*$F$3 -> 0.0013450387 | M7: =100*(1-(1-K7)^12) -> 0.77933963 | N7: =100*(1-(1-L7)^12) -> 1.6021596
A8: 5 | B8: 1.415433 | I8: ='S-Curve'!A7 -> -245 | J8: ='S-Curve'!C7 -> 0.00027302687 | K8: =J8*$E$3 -> 0.00065178312 | L8: =J8*$F$3 -> 0.0013450428 | M8: =100*(1-(1-K8)^12) -> 0.779342 | N8: =100*(1-(1-L8)^12) -> 1.6021645
A9: 6 | B9: 1.415525 | I9: ='S-Curve'!A8 -> -244 | J9: ='S-Curve'!C8 -> 0.0002730277 | K9: =J9*$E$3 -> 0.00065178511 | L9: =J9*$F$3 -> 0.001345047 | M9: =100*(1-(1-K9)^12) -> 0.77934438 | N9: =100*(1-(1-L9)^12) -> 1.6021693
A10: 7 | B10: 1.415796 | I10: ='S-Curve'!A9 -> -243 | J10: ='S-Curve'!C9 -> 0.00027302854 | K10: =J10*$E$3 -> 0.0006517871 | L10: =J10*$F$3 -> 0.0013450511 | M10: =100*(1-(1-K10)^12) -> 0.77934675 | N10: =100*(1-(1-L10)^12) -> 1.6021742
A11: 8 | B11: 1.416369 | I11: ='S-Curve'!A10 -> -242 | J11: ='S-Curve'!C10 -> 0.00027302937 | K11: =J11*$E$3 -> 0.00065178909 | L11: =J11*$F$3 -> 0.0013450552 | M11: =100*(1-(1-K11)^12) -> 0.77934912 | N11: =100*(1-(1-L11)^12) -> 1.602179
A12: 9 | B12: 1.417364 | I12: ='S-Curve'!A11 -> -241 | J12: ='S-Curve'!C11 -> 0.00027303021 | K12: =J12*$E$3 -> 0.00065179109 | L12: =J12*$F$3 -> 0.0013450593 | M12: =100*(1-(1-K12)^12) -> 0.7793515 | N12: =100*(1-(1-L12)^12) -> 1.6021839
A13: 10 | B13: 1.419011 | I13: ='S-Curve'!A12 -> -240 | J13: ='S-Curve'!C12 -> 0.00027303104 | K13: =J13*$E$3 -> 0.00065179308 | L13: =J13*$F$3 -> 0.0013450634 | M13: =100*(1-(1-K13)^12) -> 0.77935387 | N13: =100*(1-(1-L13)^12) -> 1.6021888
A14: 11 | B14: 1.422493 | I14: ='S-Curve'!A13 -> -239 | J14: ='S-Curve'!C13 -> 0.00027303204 | K14: =J14*$E$3 -> 0.00065179547 | L14: =J14*$F$3 -> 0.0013450683 | M14: =100*(1-(1-K14)^12) -> 0.77935672 | N14: =100*(1-(1-L14)^12) -> 1.6021946
A15: 12 | B15: 1.428095 | I15: ='S-Curve'!A14 -> -238 | J15: ='S-Curve'!C14 -> 0.00027303288 | K15: =J15*$E$3 -> 0.00065179746 | L15: =J15*$F$3 -> 0.0013450724 | M15: =100*(1-(1-K15)^12) -> 0.77935909 | N15: =100*(1-(1-L15)^12) -> 1.6021995
... A123: 120 | B123: 8.427181 | I123: ='S-Curve'!A122 -> -130 | J123: ='S-Curve'!C122 -> 0.00027312484 | K123: =J123*$E$3 -> 0.00065201701 | L123: =J123*$F$3 -> 0.0013455255 | M123: =100*(1-(1-K123)^12) -> 0.77962067 | N123: =100*(1-(1-L123)^12) -> 1.6027351
I124: ='S-Curve'!A123 -> -129 | J124: ='S-Curve'!C123 -> 0.00027312568 | K124: =J124*$E$3 -> 0.000652019 | L124: =J124*$F$3 -> 0.0013455296 | M124: =100*(1-(1-K124)^12) -> 0.77962304 | N124: =100*(1-(1-L124)^12) -> 1.60274
I125: ='S-Curve'!A124 -> -128 | J125: ='S-Curve'!C124 -> 0.00027312651 | K125: =J125*$E$3 -> 0.000652021 | L125: =J125*$F$3 -> 0.0013455337 | M125: =100*(1-(1-K125)^12) -> 0.77962542 | N125: =100*(1-(1-L125)^12) -> 1.6027449
I126: ='S-Curve'!A125 -> -127 | J126: ='S-Curve'!C125 -> 0.00027312735 | K126: =J126*$E$3 -> 0.00065202299 | L126: =J126*$F$3 -> 0.0013455378 | M126: =100*(1-(1-K126)^12) -> 0.77962779 | N126: =100*(1-(1-L126)^12) -> 1.6027497
I127: ='S-Curve'!A126 -> -126 | J127: ='S-Curve'!C126 -> 0.00027312818 | K127: =J127*$E$3 -> 0.00065202498 | L127: =J127*$F$3 -> 0.001345542 | M127: =100*(1-(1-K127)^12) -> 0.77963016 | N127: =100*(1-(1-L127)^12) -> 1.6027546
I128: ='S-Curve'!A127 -> -125 | J128: ='S-Curve'!C127 -> 0.00027312902 | K128: =J128*$E$3 -> 0.00065202697 | L128: =J128*$F$3 -> 0.0013455461 | M128: =100*(1-(1-K128)^12) -> 0.77963254 | N128: =100*(1-(1-L128)^12) -> 1.6027595
I129: ='S-Curve'!A128 -> -124 | J129: ='S-Curve'!C128 -> 0.00027312985 | K129: =J129*$E$3 -> 0.00065202897 | L129: =J129*$F$3 -> 0.0013455502 | M129: =100*(1-(1-K129)^12) -> 0.77963491 | N129: =100*(1-(1-L129)^12) -> 1.6027643
I130: ='S-Curve'!A129 -> -123 | J130: ='S-Curve'!C129 -> 0.00027313069 | K130: =J130*$E$3 -> 0.00065203096 | L130: =J130*$F$3 -> 0.0013455543 | M130: =100*(1-(1-K130)^12) -> 0.77963729 | N130: =100*(1-(1-L130)^12) -> 1.6027692
I131: ='S-Curve'!A130 -> -122 | J131: ='S-Curve'!C130 -> 0.00027313169 | K131: =J131*$E$3 -> 0.00065203335 | L131: =J131*$F$3 -> 0.0013455592 | M131: =100*(1-(1-K131)^12) -> 0.77964013 | N131: =100*(1-(1-L131)^12) -> 1.602775
I132: ='S-Curve'!A131 -> -121 | J132: ='S-Curve'!C131 -> 0.00027313252 | K132: =J132*$E$3 -> 0.00065203534 | L132: =J132*$F$3 -> 0.0013455633 | M132: =100*(1-(1-K132)^12) -> 0.77964251 | N132: =100*(1-(1-L132)^12) -> 1.6027799
I133: ='S-Curve'!A132 -> -120 | J133: ='S-Curve'!C132 -> 0.00027313336 | K133: =J133*$E$3 -> 0.00065203733 | L133: =J133*$F$3 -> 0.0013455674 | M133: =100*(1-(1-K133)^12) -> 0.77964488 | N133: =100*(1-(1-L133)^12) -> 1.6027847
I134: ='S-Curve'!A133 -> -119 | J134: ='S-Curve'!C133 -> 0.00027313419 | K134: =J134*$E$3 -> 0.00065203933 | L134: =J134*$F$3 -> 0.0013455716 | M134: =100*(1-(1-K134)^12) -> 0.77964726 | N134: =100*(1-(1-L134)^12) -> 1.6027896
I135: ='S-Curve'!A134 -> -118 | J135: ='S-Curve'!C134 -> 0.00027313503 | K135: =J135*$E$3 -> 0.00065204132 | L135: =J135*$F$3 -> 0.0013455757 | M135: =100*(1-(1-K135)^12) -> 0.77964963 | N135: =100*(1-(1-L135)^12) -> 1.6027945
... I703: ='S-Curve'!A702 -> 450 | J703: ='S-Curve'!C702 -> 0.013356226 | K703: =J703*$E$3 -> 0.031884636 | L703: =J703*$F$3 -> 0.06579827 | M703: =100*(1-(1-K703)^12) -> 32.216288 | N703: =100*(1-(1-L703)^12) -> 55.813663
