Workbook

Sheet Diff
A1: HARP_eligible | B1: dimensionCombination | C1: factorDate | D1: modifyDate | E1: sliceId | F1: wacls | H1: burnout | I1: cpr | K1: currLLPA | L1: currMIP | M1: currPMI | N1: pct_dq | O1: pct_fha | P1: pct_HARPed | Q1: pct_inv | R1: issueDate | S1: origMIP | T1: origPMI | U1: pct_owner | V1: poolListName | W1: refi_elig_pct | X1: incentive | Y1: pct_REFI | Z1: replineMode | AB1: pct_2nd | AC1: pct_tpo | AD1: cltv | AF1: fico | AG1: oltv | AH1: sato | AI1: wac | AJ1: wala | AK1: wam
A2: =ABS(SpecPool!A2-Symphony!A2) -> 0 | B2: =ABS(SpecPool!B2-Symphony!B2) -> #VALUE! | C2: 20120101 | D2: =ABS(SpecPool!D2-Symphony!D2) -> 20079192 | E2: =ABS(SpecPool!E2-Symphony!E2) -> #VALUE! | F2: =ABS(SpecPool!F2-Symphony!F2) -> 4045.8319 | H2: =ABS(SpecPool!H2-Symphony!H2) -> 34.460794 | I2: =ABS(SpecPool!I2-Symphony!I2) -> 0 | K2: =ABS(SpecPool!K2-Symphony!K2) -> 21.928256 | L2: =ABS(SpecPool!L2-Symphony!L2) -> #VALUE! | M2: =ABS(SpecPool!M2-Symphony!M2) -> 15.329188 | N2: =ABS(SpecPool!N2-Symphony!N2) -> 0 | O2: =ABS(SpecPool!O2-Symphony!O2) -> #VALUE! | P2: =ABS(SpecPool!P2-Symphony!P2) -> 12.058991 | Q2: =ABS(SpecPool!Q2-Symphony!Q2) -> 0.17694454 | R2: =ABS(SpecPool!R2-Symphony!R2) -> 0 | ... Z2: =ABS(SpecPool!Z2-Symphony!Z2) -> #VALUE! | AB2: =ABS(SpecPool!AB2-Symphony!AB2) -> 0.40722348 | AC2: =ABS(SpecPool!AC2-Symphony!AC2) -> 13.211787 | AD2: =ABS(SpecPool!AD2-Symphony!AD2) -> 7.9291856 | AF2: =ABS(SpecPool!AF2-Symphony!AF2) -> 5.3403535 | AG2: =ABS(SpecPool!AG2-Symphony!AG2) -> 7.8851917 | AH2: =ABS(SpecPool!AH2-Symphony!AH2) -> 7.6360852 | AI2: =ABS(SpecPool!AI2-Symphony!AI2) -> 0.083246715 | AJ2: =ABS(SpecPool!AJ2-Symphony!AJ2) -> 0.10749752 | AK2: =ABS(SpecPool!AK2-Symphony!AK2) -> 1.2996713
A3: =ABS(SpecPool!A3-Symphony!A3) -> 0 | B3: =ABS(SpecPool!B3-Symphony!B3) -> #VALUE! | C3: 20120201 | D3: =ABS(SpecPool!D3-Symphony!D3) -> 20079261 | E3: =ABS(SpecPool!E3-Symphony!E3) -> #VALUE! | F3: =ABS(SpecPool!F3-Symphony!F3) -> 5940.3272 | H3: =ABS(SpecPool!H3-Symphony!H3) -> 13.042894 | I3: =ABS(SpecPool!I3-Symphony!I3) -> 0.0059785791 | K3: =ABS(SpecPool!K3-Symphony!K3) -> 14.477238 | L3: =ABS(SpecPool!L3-Symphony!L3) -> #VALUE! | M3: =ABS(SpecPool!M3-Symphony!M3) -> 1.9795054 | N3: =ABS(SpecPool!N3-Symphony!N3) -> 0.023531306 | O3: =ABS(SpecPool!O3-Symphony!O3) -> #VALUE! | P3: =ABS(SpecPool!P3-Symphony!P3) -> 14.14452 | Q3: =ABS(SpecPool!Q3-Symphony!Q3) -> 3.959056 | R3: =ABS(SpecPool!R3-Symphony!R3) -> 0 | ... Z3: =ABS(SpecPool!Z3-Symphony!Z3) -> #VALUE! | AB3: =ABS(SpecPool!AB3-Symphony!AB3) -> 0.13194572 | AC3: =ABS(SpecPool!AC3-Symphony!AC3) -> 12.516183 | AD3: =ABS(SpecPool!AD3-Symphony!AD3) -> 0.23474101 | AF3: =ABS(SpecPool!AF3-Symphony!AF3) -> 3.449025 | AG3: =ABS(SpecPool!AG3-Symphony!AG3) -> 0.094968613 | AH3: =ABS(SpecPool!AH3-Symphony!AH3) -> 0.80448397 | AI3: =ABS(SpecPool!AI3-Symphony!AI3) -> 0.0012558937 | AJ3: =ABS(SpecPool!AJ3-Symphony!AJ3) -> 0.26175948 | AK3: =ABS(SpecPool!AK3-Symphony!AK3) -> 1.6796529
A4: =ABS(SpecPool!A4-Symphony!A4) -> 0 | B4: =ABS(SpecPool!B4-Symphony!B4) -> #VALUE! | C4: 20120301 | D4: =ABS(SpecPool!D4-Symphony!D4) -> 20079332 | E4: =ABS(SpecPool!E4-Symphony!E4) -> #VALUE! | F4: =ABS(SpecPool!F4-Symphony!F4) -> 8535.3455 | H4: =ABS(SpecPool!H4-Symphony!H4) -> 11.544019 | I4: =ABS(SpecPool!I4-Symphony!I4) -> 0.00024301325 | K4: =ABS(SpecPool!K4-Symphony!K4) -> 18.786163 | L4: =ABS(SpecPool!L4-Symphony!L4) -> #VALUE! | M4: =ABS(SpecPool!M4-Symphony!M4) -> 6.7847173 | N4: =ABS(SpecPool!N4-Symphony!N4) -> 0.014850237 | O4: =ABS(SpecPool!O4-Symphony!O4) -> #VALUE! | P4: =ABS(SpecPool!P4-Symphony!P4) -> 9.0126151 | Q4: =ABS(SpecPool!Q4-Symphony!Q4) -> 0.69250384 | R4: =ABS(SpecPool!R4-Symphony!R4) -> 0 | ... Z4: =ABS(SpecPool!Z4-Symphony!Z4) -> #VALUE! | AB4: =ABS(SpecPool!AB4-Symphony!AB4) -> 0.19050543 | AC4: =ABS(SpecPool!AC4-Symphony!AC4) -> 6.1194973 | AD4: =ABS(SpecPool!AD4-Symphony!AD4) -> 1.78391 | AF4: =ABS(SpecPool!AF4-Symphony!AF4) -> 3.683403 | AG4: =ABS(SpecPool!AG4-Symphony!AG4) -> 1.7426687 | AH4: =ABS(SpecPool!AH4-Symphony!AH4) -> 2.9329636 | AI4: =ABS(SpecPool!AI4-Symphony!AI4) -> 0.0047837935 | AJ4: =ABS(SpecPool!AJ4-Symphony!AJ4) -> 0.53396724 | AK4: =ABS(SpecPool!AK4-Symphony!AK4) -> 0.12710902
A5: =ABS(SpecPool!A5-Symphony!A5) -> 0 | B5: =ABS(SpecPool!B5-Symphony!B5) -> #VALUE! | C5: 20120401 | D5: =ABS(SpecPool!D5-Symphony!D5) -> 20079401 | E5: =ABS(SpecPool!E5-Symphony!E5) -> #VALUE! | F5: =ABS(SpecPool!F5-Symphony!F5) -> 1015.1099 | H5: =ABS(SpecPool!H5-Symphony!H5) -> 5.7150609 | I5: =ABS(SpecPool!I5-Symphony!I5) -> 0.018669309 | K5: =ABS(SpecPool!K5-Symphony!K5) -> 9.4167777 | L5: =ABS(SpecPool!L5-Symphony!L5) -> #VALUE! | M5: =ABS(SpecPool!M5-Symphony!M5) -> 3.1522315 | N5: =ABS(SpecPool!N5-Symphony!N5) -> 0.026284217 | O5: =ABS(SpecPool!O5-Symphony!O5) -> #VALUE! | P5: =ABS(SpecPool!P5-Symphony!P5) -> 2.6743151 | Q5: =ABS(SpecPool!Q5-Symphony!Q5) -> 0.65389616 | R5: =ABS(SpecPool!R5-Symphony!R5) -> 0 | ... Z5: =ABS(SpecPool!Z5-Symphony!Z5) -> #VALUE! | AB5: =ABS(SpecPool!AB5-Symphony!AB5) -> 0.035686712 | AC5: =ABS(SpecPool!AC5-Symphony!AC5) -> 2.2885726 | AD5: =ABS(SpecPool!AD5-Symphony!AD5) -> 0.86815652 | AF5: =ABS(SpecPool!AF5-Symphony!AF5) -> 1.542692 | AG5: =ABS(SpecPool!AG5-Symphony!AG5) -> 0.70320975 | AH5: =ABS(SpecPool!AH5-Symphony!AH5) -> 1.3819634 | AI5: =ABS(SpecPool!AI5-Symphony!AI5) -> 0.0010547165 | AJ5: =ABS(SpecPool!AJ5-Symphony!AJ5) -> 0.29080742 | AK5: =ABS(SpecPool!AK5-Symphony!AK5) -> 0.4178834
A6: =ABS(SpecPool!A6-Symphony!A6) -> 0 | B6: =ABS(SpecPool!B6-Symphony!B6) -> #VALUE! | C6: 20120501 | D6: =ABS(SpecPool!D6-Symphony!D6) -> 20079471 | E6: =ABS(SpecPool!E6-Symphony!E6) -> #VALUE! | F6: =ABS(SpecPool!F6-Symphony!F6) -> 9057.983 | H6: =ABS(SpecPool!H6-Symphony!H6) -> 10.26823 | I6: =ABS(SpecPool!I6-Symphony!I6) -> 0.0052382274 | K6: =ABS(SpecPool!K6-Symphony!K6) -> 9.5127561 | L6: =ABS(SpecPool!L6-Symphony!L6) -> #VALUE! | M6: =ABS(SpecPool!M6-Symphony!M6) -> 3.3168897 | N6: =ABS(SpecPool!N6-Symphony!N6) -> 0.048553036 | O6: =ABS(SpecPool!O6-Symphony!O6) -> #VALUE! | P6: =ABS(SpecPool!P6-Symphony!P6) -> 2.8717782 | Q6: =ABS(SpecPool!Q6-Symphony!Q6) -> 0.69150677 | R6: =ABS(SpecPool!R6-Symphony!R6) -> 0 | ... Z6: =ABS(SpecPool!Z6-Symphony!Z6) -> #VALUE! | AB6: =ABS(SpecPool!AB6-Symphony!AB6) -> 0.071769382 | AC6: =ABS(SpecPool!AC6-Symphony!AC6) -> 3.4412036 | AD6: =ABS(SpecPool!AD6-Symphony!AD6) -> 1.0549349 | AF6: =ABS(SpecPool!AF6-Symphony!AF6) -> 1.0268734 | AG6: =ABS(SpecPool!AG6-Symphony!AG6) -> 0.62824358 | AH6: =ABS(SpecPool!AH6-Symphony!AH6) -> 0.5737918 | AI6: =ABS(SpecPool!AI6-Symphony!AI6) -> 0.0038663803 | AJ6: =ABS(SpecPool!AJ6-Symphony!AJ6) -> 0.45697006 | AK6: =ABS(SpecPool!AK6-Symphony!AK6) -> 0.018306111
A7: =ABS(SpecPool!A7-Symphony!A7) -> 0 | B7: =ABS(SpecPool!B7-Symphony!B7) -> #VALUE! | C7: 20120601 | D7: =ABS(SpecPool!D7-Symphony!D7) -> 20079540 | E7: =ABS(SpecPool!E7-Symphony!E7) -> #VALUE! | F7: =ABS(SpecPool!F7-Symphony!F7) -> 28499.042 | H7: =ABS(SpecPool!H7-Symphony!H7) -> 39.696386 | I7: =ABS(SpecPool!I7-Symphony!I7) -> 0.0083397002 | K7: =ABS(SpecPool!K7-Symphony!K7) -> 14.3494 | L7: =ABS(SpecPool!L7-Symphony!L7) -> #VALUE! | M7: =ABS(SpecPool!M7-Symphony!M7) -> 3.1452611 | N7: =ABS(SpecPool!N7-Symphony!N7) -> 0.19384077 | O7: =ABS(SpecPool!O7-Symphony!O7) -> #VALUE! | P7: =ABS(SpecPool!P7-Symphony!P7) -> 19.184425 | Q7: =ABS(SpecPool!Q7-Symphony!Q7) -> 3.9340911 | R7: =ABS(SpecPool!R7-Symphony!R7) -> 0 | ... Z7: =ABS(SpecPool!Z7-Symphony!Z7) -> #VALUE! | AB7: =ABS(SpecPool!AB7-Symphony!AB7) -> 1.7555891 | AC7: =ABS(SpecPool!AC7-Symphony!AC7) -> 2.883786 | AD7: =ABS(SpecPool!AD7-Symphony!AD7) -> 2.1486638 | AF7: =ABS(SpecPool!AF7-Symphony!AF7) -> 18.543787 | AG7: =ABS(SpecPool!AG7-Symphony!AG7) -> 0.20170762 | AH7: =ABS(SpecPool!AH7-Symphony!AH7) -> 0.81041991 | AI7: =ABS(SpecPool!AI7-Symphony!AI7) -> 0.030578011 | AJ7: =ABS(SpecPool!AJ7-Symphony!AJ7) -> 0.69996468 | AK7: =ABS(SpecPool!AK7-Symphony!AK7) -> 1.9152063
A8: =ABS(SpecPool!A8-Symphony!A8) -> 0 | B8: =ABS(SpecPool!B8-Symphony!B8) -> #VALUE! | C8: 20120701 | D8: =ABS(SpecPool!D8-Symphony!D8) -> 20079610 | E8: =ABS(SpecPool!E8-Symphony!E8) -> #VALUE! | F8: =ABS(SpecPool!F8-Symphony!F8) -> 1114.4826 | H8: =ABS(SpecPool!H8-Symphony!H8) -> 7.8566369 | I8: =ABS(SpecPool!I8-Symphony!I8) -> 0.033661412 | K8: =ABS(SpecPool!K8-Symphony!K8) -> 8.5899825 | L8: =ABS(SpecPool!L8-Symphony!L8) -> #VALUE! | M8: =ABS(SpecPool!M8-Symphony!M8) -> 2.4215109 | N8: =ABS(SpecPool!N8-Symphony!N8) -> 0.030970596 | O8: =ABS(SpecPool!O8-Symphony!O8) -> #VALUE! | P8: =ABS(SpecPool!P8-Symphony!P8) -> 1.461133 | Q8: =ABS(SpecPool!Q8-Symphony!Q8) -> 0.77498836 | R8: =ABS(SpecPool!R8-Symphony!R8) -> 0 | ... Z8: =ABS(SpecPool!Z8-Symphony!Z8) -> #VALUE! | AB8: =ABS(SpecPool!AB8-Symphony!AB8) -> 0.055263233 | AC8: =ABS(SpecPool!AC8-Symphony!AC8) -> 1.1207359 | AD8: =ABS(SpecPool!AD8-Symphony!AD8) -> 0.64113874 | AF8: =ABS(SpecPool!AF8-Symphony!AF8) -> 1.0855182 | AG8: =ABS(SpecPool!AG8-Symphony!AG8) -> 0.37004765 | AH8: =ABS(SpecPool!AH8-Symphony!AH8) -> 1.5091557 | AI8: =ABS(SpecPool!AI8-Symphony!AI8) -> 0.0034872108 | AJ8: =ABS(SpecPool!AJ8-Symphony!AJ8) -> 0.33409561 | AK8: =ABS(SpecPool!AK8-Symphony!AK8) -> 0.29785289
A9: =ABS(SpecPool!A9-Symphony!A9) -> 0 | B9: =ABS(SpecPool!B9-Symphony!B9) -> #VALUE! | C9: 20120801 | D9: =ABS(SpecPool!D9-Symphony!D9) -> 20079679 | E9: =ABS(SpecPool!E9-Symphony!E9) -> #VALUE! | F9: =ABS(SpecPool!F9-Symphony!F9) -> 2438.8378 | H9: =ABS(SpecPool!H9-Symphony!H9) -> 9.0583032 | I9: =ABS(SpecPool!I9-Symphony!I9) -> 0.028566775 | K9: =ABS(SpecPool!K9-Symphony!K9) -> 7.3526908 | L9: =ABS(SpecPool!L9-Symphony!L9) -> #VALUE! | M9: =ABS(SpecPool!M9-Symphony!M9) -> 1.835256 | N9: =ABS(SpecPool!N9-Symphony!N9) -> 0.039382915 | O9: =ABS(SpecPool!O9-Symphony!O9) -> #VALUE! | P9: =ABS(SpecPool!P9-Symphony!P9) -> 1.4560663 | Q9: =ABS(SpecPool!Q9-Symphony!Q9) -> 0.51673354 | R9: =ABS(SpecPool!R9-Symphony!R9) -> 0 | ... Z9: =ABS(SpecPool!Z9-Symphony!Z9) -> #VALUE! | AB9: =ABS(SpecPool!AB9-Symphony!AB9) -> 0.00050331223 | AC9: =ABS(SpecPool!AC9-Symphony!AC9) -> 1.3692857 | AD9: =ABS(SpecPool!AD9-Symphony!AD9) -> 0.42574511 | AF9: =ABS(SpecPool!AF9-Symphony!AF9) -> 1.0882412 | AG9: =ABS(SpecPool!AG9-Symphony!AG9) -> 0.1623942 | AH9: =ABS(SpecPool!AH9-Symphony!AH9) -> 1.730951 | AI9: =ABS(SpecPool!AI9-Symphony!AI9) -> 0.0074677496 | AJ9: =ABS(SpecPool!AJ9-Symphony!AJ9) -> 0.35012742 | AK9: =ABS(SpecPool!AK9-Symphony!AK9) -> 0.21817207
A10: =ABS(SpecPool!A10-Symphony!A10) -> 0 | B10: =ABS(SpecPool!B10-Symphony!B10) -> #VALUE! | C10: 20120901 | D10: =ABS(SpecPool!D10-Symphony!D10) -> 20079748 | E10: =ABS(SpecPool!E10-Symphony!E10) -> #VALUE! | F10: =ABS(SpecPool!F10-Symphony!F10) -> 947.65901 | H10: =ABS(SpecPool!H10-Symphony!H10) -> 6.0706668 | I10: =ABS(SpecPool!I10-Symphony!I10) -> 0.038521217 | K10: =ABS(SpecPool!K10-Symphony!K10) -> 5.2425241 | L10: =ABS(SpecPool!L10-Symphony!L10) -> #VALUE! | M10: =ABS(SpecPool!M10-Symphony!M10) -> 1.3081273 | N10: =ABS(SpecPool!N10-Symphony!N10) -> 0.016496475 | O10: =ABS(SpecPool!O10-Symphony!O10) -> #VALUE! | P10: =ABS(SpecPool!P10-Symphony!P10) -> 0.98840663 | Q10: =ABS(SpecPool!Q10-Symphony!Q10) -> 0.45823558 | R10: =ABS(SpecPool!R10-Symphony!R10) -> 0 | ... Z10: =ABS(SpecPool!Z10-Symphony!Z10) -> #VALUE! | AB10: =ABS(SpecPool!AB10-Symphony!AB10) -> 0.037668653 | AC10: =ABS(SpecPool!AC10-Symphony!AC10) -> 0.84670867 | AD10: =ABS(SpecPool!AD10-Symphony!AD10) -> 0.32148397 | AF10: =ABS(SpecPool!AF10-Symphony!AF10) -> 0.68111131 | AG10: =ABS(SpecPool!AG10-Symphony!AG10) -> 0.16035865 | AH10: =ABS(SpecPool!AH10-Symphony!AH10) -> 1.325447 | AI10: =ABS(SpecPool!AI10-Symphony!AI10) -> 0.0081461375 | AJ10: =ABS(SpecPool!AJ10-Symphony!AJ10) -> 0.23600375 | AK10: =ABS(SpecPool!AK10-Symphony!AK10) -> 0.032363224
A11: =ABS(SpecPool!A11-Symphony!A11) -> 0 | B11: =ABS(SpecPool!B11-Symphony!B11) -> #VALUE! | C11: 20121001 | D11: =ABS(SpecPool!D11-Symphony!D11) -> 20079818 | E11: =ABS(SpecPool!E11-Symphony!E11) -> #VALUE! | F11: =ABS(SpecPool!F11-Symphony!F11) -> 1645.3893 | H11: =ABS(SpecPool!H11-Symphony!H11) -> 5.7107159 | I11: =ABS(SpecPool!I11-Symphony!I11) -> 0.061334456 | K11: =ABS(SpecPool!K11-Symphony!K11) -> 4.5603251 | L11: =ABS(SpecPool!L11-Symphony!L11) -> #VALUE! | M11: =ABS(SpecPool!M11-Symphony!M11) -> 0.52598838 | N11: =ABS(SpecPool!N11-Symphony!N11) -> 0.0149798 | O11: =ABS(SpecPool!O11-Symphony!O11) -> #VALUE! | P11: =ABS(SpecPool!P11-Symphony!P11) -> 0.34849615 | Q11: =ABS(SpecPool!Q11-Symphony!Q11) -> 0.72142256 | R11: =ABS(SpecPool!R11-Symphony!R11) -> 0 | ... Z11: =ABS(SpecPool!Z11-Symphony!Z11) -> #VALUE! | AB11: =ABS(SpecPool!AB11-Symphony!AB11) -> 0.038863274 | AC11: =ABS(SpecPool!AC11-Symphony!AC11) -> 0.4860765 | AD11: =ABS(SpecPool!AD11-Symphony!AD11) -> 0.14254488 | AF11: =ABS(SpecPool!AF11-Symphony!AF11) -> 0.53431042 | AG11: =ABS(SpecPool!AG11-Symphony!AG11) -> 0.001670275 | AH11: =ABS(SpecPool!AH11-Symphony!AH11) -> 1.3622251 | AI11: =ABS(SpecPool!AI11-Symphony!AI11) -> 0.0014802602 | AJ11: =ABS(SpecPool!AJ11-Symphony!AJ11) -> 0.21290026 | AK11: =ABS(SpecPool!AK11-Symphony!AK11) -> 0.06589219
A12: =ABS(SpecPool!A12-Symphony!A12) -> 0 | B12: =ABS(SpecPool!B12-Symphony!B12) -> #VALUE! | C12: 20121101 | D12: =ABS(SpecPool!D12-Symphony!D12) -> 20079887 | E12: =ABS(SpecPool!E12-Symphony!E12) -> #VALUE! | F12: =ABS(SpecPool!F12-Symphony!F12) -> 2812.3831 | H12: =ABS(SpecPool!H12-Symphony!H12) -> 9.0899596 | I12: =ABS(SpecPool!I12-Symphony!I12) -> 0.085743732 | K12: =ABS(SpecPool!K12-Symphony!K12) -> 5.3664196 | L12: =ABS(SpecPool!L12-Symphony!L12) -> #VALUE! | M12: =ABS(SpecPool!M12-Symphony!M12) -> 0.66715579 | N12: =ABS(SpecPool!N12-Symphony!N12) -> 0.026294774 | O12: =ABS(SpecPool!O12-Symphony!O12) -> #VALUE! | P12: =ABS(SpecPool!P12-Symphony!P12) -> 0.63185126 | Q12: =ABS(SpecPool!Q12-Symphony!Q12) -> 0.75070161 | R12: =ABS(SpecPool!R12-Symphony!R12) -> 0 | ... Z12: =ABS(SpecPool!Z12-Symphony!Z12) -> #VALUE! | AB12: =ABS(SpecPool!AB12-Symphony!AB12) -> 0.057420985 | AC12: =ABS(SpecPool!AC12-Symphony!AC12) -> 0.76952417 | AD12: =ABS(SpecPool!AD12-Symphony!AD12) -> 0.17362845 | AF12: =ABS(SpecPool!AF12-Symphony!AF12) -> 0.7218126 | AG12: =ABS(SpecPool!AG12-Symphony!AG12) -> 0.014776537 | AH12: =ABS(SpecPool!AH12-Symphony!AH12) -> 1.7260546 | AI12: =ABS(SpecPool!AI12-Symphony!AI12) -> 0.00049833265 | AJ12: =ABS(SpecPool!AJ12-Symphony!AJ12) -> 0.29177659 | AK12: =ABS(SpecPool!AK12-Symphony!AK12) -> 0.047765663
A13: =ABS(SpecPool!A13-Symphony!A13) -> 0 | B13: =ABS(SpecPool!B13-Symphony!B13) -> #VALUE! | C13: 20121201 | D13: =ABS(SpecPool!D13-Symphony!D13) -> 20079957 | E13: =ABS(SpecPool!E13-Symphony!E13) -> #VALUE! | F13: =ABS(SpecPool!F13-Symphony!F13) -> 411.73128 | H13: =ABS(SpecPool!H13-Symphony!H13) -> 1.698729 | I13: =ABS(SpecPool!I13-Symphony!I13) -> 0.09449701 | K13: =ABS(SpecPool!K13-Symphony!K13) -> 1.6814507 | L13: =ABS(SpecPool!L13-Symphony!L13) -> #VALUE! | M13: =ABS(SpecPool!M13-Symphony!M13) -> 0.26001425 | N13: =ABS(SpecPool!N13-Symphony!N13) -> 0.0076880771 | O13: =ABS(SpecPool!O13-Symphony!O13) -> #VALUE! | P13: =ABS(SpecPool!P13-Symphony!P13) -> 0.09203845 | Q13: =ABS(SpecPool!Q13-Symphony!Q13) -> 0.24922479 | R13: =ABS(SpecPool!R13-Symphony!R13) -> 0 | ... Z13: =ABS(SpecPool!Z13-Symphony!Z13) -> #VALUE! | AB13: =ABS(SpecPool!AB13-Symphony!AB13) -> 0.029442373 | AC13: =ABS(SpecPool!AC13-Symphony!AC13) -> 0.24812759 | AD13: =ABS(SpecPool!AD13-Symphony!AD13) -> 0.058514931 | AF13: =ABS(SpecPool!AF13-Symphony!AF13) -> 0.1998401 | AG13: =ABS(SpecPool!AG13-Symphony!AG13) -> 0.0034086114 | AH13: =ABS(SpecPool!AH13-Symphony!AH13) -> 0.46869184 | AI13: =ABS(SpecPool!AI13-Symphony!AI13) -> 0.00152868 | AJ13: =ABS(SpecPool!AJ13-Symphony!AJ13) -> 0.091846577 | AK13: =ABS(SpecPool!AK13-Symphony!AK13) -> 0.039485805
... A64: =ABS(SpecPool!A64-Symphony!A64) -> 0 | B64: =ABS(SpecPool!B64-Symphony!B64) -> #VALUE! | C64: 20170301 | D64: =ABS(SpecPool!D64-Symphony!D64) -> 20127506 | E64: =ABS(SpecPool!E64-Symphony!E64) -> #VALUE! | F64: =ABS(SpecPool!F64-Symphony!F64) -> 0.005254182 | H64: =ABS(SpecPool!H64-Symphony!H64) -> 0.0089939723 | I64: =ABS(SpecPool!I64-Symphony!I64) -> 0.00063997631 | K64: =ABS(SpecPool!K64-Symphony!K64) -> 0.0043064618 | L64: =ABS(SpecPool!L64-Symphony!L64) -> #VALUE! | M64: =ABS(SpecPool!M64-Symphony!M64) -> 0.0053526764 | N64: =ABS(SpecPool!N64-Symphony!N64) -> 0.0027734762 | O64: =ABS(SpecPool!O64-Symphony!O64) -> #VALUE! | P64: =ABS(SpecPool!P64-Symphony!P64) -> 0.0042800427 | Q64: =ABS(SpecPool!Q64-Symphony!Q64) -> 0.0070574877 | R64: =ABS(SpecPool!R64-Symphony!R64) -> 0 | ... Z64: =ABS(SpecPool!Z64-Symphony!Z64) -> #VALUE! | AB64: =ABS(SpecPool!AB64-Symphony!AB64) -> 0.00091686741 | AC64: =ABS(SpecPool!AC64-Symphony!AC64) -> 0.0071234526 | AD64: =ABS(SpecPool!AD64-Symphony!AD64) -> 0.0016998625 | AF64: =ABS(SpecPool!AF64-Symphony!AF64) -> 0.0029035083 | AG64: =ABS(SpecPool!AG64-Symphony!AG64) -> 0.0047467637 | AH64: =ABS(SpecPool!AH64-Symphony!AH64) -> 0.00059850457 | AI64: =ABS(SpecPool!AI64-Symphony!AI64) -> 0.0010261041 | AJ64: =ABS(SpecPool!AJ64-Symphony!AJ64) -> 0.001297439 | AK64: =ABS(SpecPool!AK64-Symphony!AK64) -> 0.0081625735

Sheet SpecPool
A1: HARP_eligible | B1: dimensionCombination | C1: factorDate | D1: modifyDate | E1: sliceId | F1: wacls | G1: ols | H1: burnout | I1: cpr | J1: bal | K1: currLLPA | L1: currMIP | M1: currPMI | N1: pct_dq | O1: pct_fha | P1: pct_HARPed | Q1: pct_inv | R1: issueDate | S1: origMIP | T1: origPMI | U1: pct_owner | V1: poolListName | W1: refi_elig_pct | X1: incentive | Y1: pct_REFI | Z1: replineMode | AA1: origbal | AB1: pct_2nd | AC1: pct_tpo | AD1: cltv | AE1: odti | AF1: fico | AG1: oltv | AH1: sato | AI1: wac | AJ1: wala | AK1: wam
A2: 0 | B2: ALGORITHM:TICKER | C2: 20120101 | D2: 20120101 | E2: TICKER:FGLMC | F2: 210431.38 | G2: 210593.65 | H2: 20.21 | I2: 0 | J2: 2135247244 | K2: 101.61 | L2: NA | M2: 34.27 | N2: 0 | O2: NA | P2: 59.07 | Q2: 5.77 | R2: 20120101 | S2: NA | T2: 7.08 | U2: 90.92 | V2: FHL30.400.12(GEN) | W2: 92.55 | X2: 15.95 | Y2: 89.6 | Z2: PL | AA2: 1.454803e+08 | AB2: 3.3 | AC2: 26.99 | AD2: 76.21 | AE2: 32.72 | AF2: 754.39 | AG2: 76.22 | AH2: 27.2 | AI2: 4.46 | AJ2: 0 | AK2: 355.58
A3: 0 | B3: ALGORITHM:TICKER | C3: 20120201 | D3: 20120201 | E3: TICKER:FGLMC | F3: 215095.3 | G3: 215438.53 | H3: 25.92 | I3: 0.97 | J3: 7100080921 | K3: 118.44 | L3: NA | M3: 34.4 | N3: 0 | O3: NA | P3: 44.63 | Q3: 9.72 | R3: 20120101 | S3: NA | T3: 9.25 | U3: 86.79 | V3: FHL30.400.12(GEN) | W3: 91.58 | X3: 18.49 | Y3: 84.78 | Z3: PL | AA3: 2141137085 | AB3: 3.47 | AC3: 40.04 | AD3: 76.39 | AE3: 33.35 | AF3: 750.64 | AG3: 76.28 | AH3: 27.87 | AI3: 4.46 | AJ3: 0.77 | AK3: 356.26
A4: 0 | B4: ALGORITHM:TICKER | C4: 20120301 | D4: 20120301 | E4: TICKER:FGLMC | F4: 205837.34 | G4: 206323.25 | H4: 35.02 | I4: 1.47 | J4: 10751913557 | K4: 139.23 | L4: NA | M4: 42.12 | N4: 0.01 | O4: NA | P4: 53.6 | Q4: 10.4 | R4: 20120101 | S4: NA | T4: 9.87 | U4: 86.28 | V4: FHL30.400.12(GEN) | W4: 87.92 | X4: 15.45 | Y4: 87.31 | Z4: PL | AA4: 7090568994 | AB4: 3.3 | AC4: 34.05 | AD4: 78.04 | AE4: 33.54 | AF4: 746.86 | AG4: 78.03 | AH4: 30.78 | AI4: 4.47 | AJ4: 1.25 | AK4: 355.12
A5: 0 | B5: ALGORITHM:TICKER | C5: 20120401 | D5: 20120401 | E5: TICKER:FGLMC | F5: 204240.81 | G5: 204972.25 | H5: 45.81 | I5: 1.75 | J5: 12420905073 | K5: 140.81 | L5: NA | M5: 40.95 | N5: 0.17 | O5: NA | P5: 56.24 | Q5: 11.04 | R5: 20120101 | S5: NA | T5: 9.96 | U5: 85.66 | V5: FHL30.400.12(GEN) | W5: 88.35 | X5: 9.92 | Y5: 87.92 | Z5: PL | AA5: 10742873770 | AB5: 3.28 | AC5: 31.87 | AD5: 77.67 | AE5: 33.7 | AF5: 745.24 | AG5: 78.73 | AH5: 32.22 | AI5: 4.47 | AJ5: 1.95 | AK5: 354.47
A6: 0 | B6: ALGORITHM:TICKER | C6: 20120501 | D6: 20120501 | E6: TICKER:FGLMC | F6: 194665.12 | G6: 195549.69 | H6: 56.93 | I6: 2.92 | J6: 15204124825 | K6: 142.7 | L6: NA | M6: 40.71 | N6: 0.21 | O6: NA | P6: 59.15 | Q6: 11.72 | R6: 20120101 | S6: NA | T6: 9.74 | U6: 85.05 | V6: FHL30.400.12(GEN) | W6: 88.83 | X6: 13.51 | Y6: 88.07 | Z6: PL | AA6: 12404155574 | AB6: 3.21 | AC6: 28.45 | AD6: 77.53 | AE6: 33.69 | AF6: 744.17 | AG6: 79.37 | AH6: 32.73 | AI6: 4.48 | AJ6: 2.5 | AK6: 353.37
A7: 0 | B7: ALGORITHM:TICKER | C7: 20120601 | D7: 20120601 | E7: TICKER:FGLMC | F7: 222627.48 | G7: 223735.84 | H7: 45.35 | I7: 4.23 | J7: 39843417992 | K7: 148.84 | L7: NA | M7: 33.98 | N7: 0.11 | O7: NA | P7: 40.03 | Q7: 7.79 | R7: 20120101 | S7: NA | T7: 12.82 | U7: 90.73 | V7: FHL30.400.12(GEN) | W7: 93.13 | X7: 23.43 | Y7: 76.86 | Z7: PL | AA7: 15181173582 | AB7: 1.46 | AC7: 25.58 | AD7: 78.42 | AE7: 34.78 | AF7: 725.55 | AG7: 79.6 | AH7: 31.93 | AI7: 4.45 | AJ7: 2.8 | AK7: 354.18
A8: 0 | B8: ALGORITHM:TICKER | C8: 20120701 | D8: 20120701 | E8: TICKER:FGLMC | F8: 188931.72 | G8: 190186.14 | H8: 100.99 | I8: 5.69 | J8: 20038854977 | K8: 151.61 | L8: NA | M8: 42.04 | N8: 0.27 | O8: NA | P8: 61.31 | Q8: 13.23 | R8: 20120101 | S8: NA | T8: 10.46 | U8: 83.6 | V8: FHL30.400.12(GEN) | W8: 88.43 | X8: 36.44 | Y8: 87.06 | Z8: PL | AA8: 18336867012 | AB8: 3.15 | AC8: 26.39 | AD8: 77.6 | AE8: 34.04 | AF8: 740.75 | AG8: 80.57 | AH8: 34.78 | AI8: 4.48 | AJ8: 3.71 | AK8: 351.86
A9: 0 | B9: ALGORITHM:TICKER | C9: 20120801 | D9: 20120801 | E9: TICKER:FGLMC | F9: 185819.55 | G9: 187252.71 | H9: 135.39 | I9: 8.19 | J9: 21550422763 | K9: 155.8 | L9: NA | M9: 42.84 | N9: 0.39 | O9: NA | P9: 63.26 | Q9: 13.63 | R9: 20120101 | S9: NA | T9: 10.5 | U9: 83.18 | V9: FHL30.400.12(GEN) | W9: 87.97 | X9: 47.4 | Y9: 87.51 | Z9: PL | AA9: 20011324622 | AB9: 3.17 | AC9: 24.84 | AD9: 77.69 | AE9: 34.15 | AF9: 739.6 | AG9: 80.88 | AH9: 36.49 | AI9: 4.48 | AJ9: 4.36 | AK9: 350.99
A10: 0 | B10: ALGORITHM:TICKER | C10: 20120901 | D10: 20120901 | E10: TICKER:FGLMC | F10: 184148.6 | G10: 185816.68 | H10: 169.16 | I10: 9.64 | J10: 22264855253 | K10: 157.76 | L10: NA | M10: 42.98 | N10: 0.41 | O10: NA | P10: 64.81 | Q10: 13.99 | R10: 20120101 | S10: NA | T10: 10.47 | U10: 82.83 | V10: FHL30.400.12(GEN) | W10: 87.88 | X10: 43.87 | Y10: 87.92 | Z10: PL | AA10: 21498901798 | AB10: 3.16 | AC10: 23.77 | AD10: 77.72 | AE10: 34.24 | AF10: 738.82 | AG10: 81.24 | AH10: 37.82 | AI10: 4.48 | AJ10: 5.13 | AK10: 349.84
A11: 0 | B11: ALGORITHM:TICKER | C11: 20121001 | D11: 20121001 | E11: TICKER:FGLMC | F11: 181862.16 | G11: 183756 | H11: 210.05 | I11: 9.08 | J11: 22837522962 | K11: 161.36 | L11: NA | M11: 43.23 | N11: 0.42 | O11: NA | P11: 65.64 | Q11: 14.68 | R11: 20120101 | S11: NA | T11: 10.38 | U11: 82.16 | V11: FHL30.400.12(GEN) | W11: 87.48 | X11: 54.14 | Y11: 88.07 | Z11: PL | AA11: 22233918934 | AB11: 3.14 | AC11: 23.07 | AD11: 77.72 | AE11: 34.3 | AF11: 738.15 | AG11: 81.36 | AH11: 39.17 | AI11: 4.49 | AJ11: 5.93 | AK11: 348.79
A12: 0 | B12: ALGORITHM:TICKER | C12: 20121101 | D12: 20121101 | E12: TICKER:FGLMC | F12: 178415.62 | G12: 180491.75 | H12: 254.18 | I12: 10.14 | J12: 23612238117 | K12: 165.58 | L12: NA | M12: 43.56 | N12: 0.64 | O12: NA | P12: 66.77 | Q12: 15.4 | R12: 20120101 | S12: NA | T12: 10.41 | U12: 81.5 | V12: FHL30.400.12(GEN) | W12: 86.86 | X12: 63.49 | Y12: 88.39 | Z12: PL | AA12: 22805611104 | AB12: 3.09 | AC12: 22.14 | AD12: 77.75 | AE12: 34.35 | AF12: 737.34 | AG12: 81.46 | AH12: 40.91 | AI12: 4.49 | AJ12: 6.65 | AK12: 347.71
A13: 0 | B13: ALGORITHM:TICKER | C13: 20121201 | D13: 20121201 | E13: TICKER:FGLMC | F13: 177387.36 | G13: 179724.33 | H13: 306.8 | I13: 10.32 | J13: 23599260473 | K13: 166.43 | L13: NA | M13: 43.43 | N13: 0.56 | O13: NA | P13: 67.33 | Q13: 15.62 | R13: 20120101 | S13: NA | T13: 10.46 | U13: 81.28 | V13: FHL30.400.12(GEN) | W13: 86.88 | X13: 66.57 | Y13: 88.5 | Z13: PL | AA13: 23598408731 | AB13: 3.08 | AC13: 21.73 | AD13: 77.67 | AE13: 34.38 | AF13: 737.01 | AG13: 81.58 | AH13: 41.41 | AI13: 4.49 | AJ13: 7.56 | AK13: 346.66
... A64: 0 | B64: ALGORITHM:TICKER | C64: 20170301 | D64: 20170301 | E64: TICKER:FGLMC | F64: 149839.41 | G64: 167631.23 | H64: 2420.4 | I64: 11.23 | J64: 13083827901 | K64: 50.99 | L64: NA | M64: 0.05 | N64: 1.14 | O64: NA | P64: 68.75 | Q64: 16.6 | R64: 20120101 | S64: NA | T64: 46.79 | U64: 80.29 | V64: FHL30.400.12(GEN) | W64: 99.36 | X64: 79.03 | Y64: 88.53 | Z64: PL | AA64: 13214362984 | AB64: 3.1 | AC64: 18.41 | AD64: 56.2 | AE64: 34.59 | AF64: 734.71 | AG64: 81.55 | AH64: 42.74 | AI64: 4.49 | AJ64: 58.27 | AK64: 290.51

Sheet Symphony
A1: HARP_eligible | B1: dimensionCombination | C1: factorDate | D1: modifyDate | E1: sliceId | F1: wacls | G1: ols | H1: burnout | I1: cpr | J1: bal | K1: currLLPA | L1: currMIP | M1: currPMI | N1: pct_dq | O1: pct_fha | P1: pct_HARPed | Q1: pct_inv | R1: issueDate | S1: origMIP | T1: origPMI | U1: pct_owner | V1: poolListName_ | W1: refi_elig_pct | X1: incentive | Y1: pct_REFI | Z1: replineMode | AA1: origbal | AB1: pct_2nd | AC1: pct_tpo | AD1: cltv | AE1: odti | AF1: fico | AG1: oltv | AH1: sato | AI1: wac | AJ1: wala | AK1: wam
A2: 0 | B2: ALGORITHM:TICKER | C2: 40909 | D2: 40909 | E2: TICKER:FGLMC | F2: 214477.21 | G2: 3157.9158 | H2: 54.670794 | I2: 0 | J2: 1.6300268e+08 | K2: 79.681744 | L2: 118.52507 | M2: 18.940812 | N2: 0 | O2: 0 | P2: 71.128991 | Q2: 5.9469445 | R2: 20120101 | S2: 0 | T2: 3.8455186 | U2: 91.160279 | V2: FHL30.400.12(GEN) | W2: 96.715443 | X2: 35.876864 | Y2: 93.544804 | Z2: PL | AA2: 0 | AB2: 2.8927765 | AC2: 13.778213 | AD2: 68.280814 | AE2: 0 | AF2: 749.04965 | AG2: 68.334808 | AH2: 34.836085 | AI2: 4.5432467 | AJ2: 0.10749752 | AK2: 356.87967
A3: 0 | B3: ALGORITHM:TICKER | C3: 40940 | D3: 40940 | E3: TICKER:FGLMC | F3: 209154.97 | G3: 2704.0501 | H3: 38.962894 | I3: 0.96402142 | J3: 2.1651723e+09 | K3: 103.96276 | L3: 118.84664 | M3: 36.379505 | N3: 0.023531306 | O3: 0 | P3: 58.77452 | Q3: 5.760944 | R3: 20120101 | S3: 0 | T3: 7.2016841 | U3: 90.899751 | V3: FHL30.400.12(GEN) | W3: 92.437247 | X3: 16.670549 | Y3: 89.577872 | Z3: PL | AA3: 0 | AB3: 3.3380543 | AC3: 27.523817 | AD3: 76.155259 | AE3: 0 | AF3: 754.08903 | AG3: 76.185031 | AH3: 27.065516 | AI3: 4.4612559 | AJ3: 1.0317595 | AK3: 354.58035
A4: 0 | B4: ALGORITHM:TICKER | C4: 40969 | D4: 40969 | E4: TICKER:FGLMC | F4: 214372.69 | G4: 2669.339 | H4: 46.564019 | I4: 1.470243 | J4: 7.1010952e+09 | K4: 120.44384 | L4: 118.89943 | M4: 35.335283 | N4: 0.024850237 | O4: 0 | P4: 44.587385 | Q4: 9.7074962 | R4: 20120101 | S4: 0 | T4: 9.2711498 | U4: 86.800738 | V4: FHL30.400.12(GEN) | W4: 91.45833 | X4: 20.380543 | Y4: 84.767525 | Z4: PL | AA4: 0 | AB4: 3.4905054 | AC4: 40.169497 | AD4: 76.25609 | AE4: 0 | AF4: 750.5434 | AG4: 76.287331 | AH4: 27.847036 | AI4: 4.4652162 | AJ4: 1.7839672 | AK4: 355.24711
A5: 0 | B5: ALGORITHM:TICKER | C5: 41000 | D5: 41000 | E5: TICKER:FGLMC | F5: 205255.92 | G5: 3082.5672 | H5: 51.525061 | I5: 1.7686693 | J5: 1.0739811e+10 | K5: 131.39322 | L5: 118.92056 | M5: 37.797768 | N5: 0.19628422 | O5: 0 | P5: 53.565685 | Q5: 10.386104 | R5: 20120101 | S5: 0 | T5: 9.8965923 | U5: 86.29702 | V5: FHL30.400.12(GEN) | W5: 90.018342 | X5: 12.204549 | Y5: 87.322586 | Z5: PL | AA5: 0 | AB5: 3.3156867 | AC5: 34.158573 | AD5: 76.801843 | AE5: 0 | AF5: 746.78269 | AG5: 78.02679 | AH5: 30.838037 | AI5: 4.4710547 | AJ5: 2.2408074 | AK5: 354.05212
A6: 0 | B6: ALGORITHM:TICKER | C6: 41030 | D6: 41030 | E6: TICKER:FGLMC | F6: 203723.1 | G6: 3335.9909 | H6: 67.19823 | I6: 2.9252382 | J6: 1.2385142e+10 | K6: 133.18724 | L6: 135.13046 | M6: 37.39311 | N6: 0.25855304 | O6: 0 | P6: 56.278222 | Q6: 11.028493 | R6: 20120101 | S6: 0 | T6: 9.9855035 | U6: 85.688318 | V6: FHL30.400.12(GEN) | W6: 90.658331 | X6: 16.67081 | Y6: 87.931677 | Z6: PL | AA6: 0 | AB6: 3.2817694 | AC6: 31.891204 | AD6: 76.475065 | AE6: 0 | AF6: 745.19687 | AG6: 78.741756 | AH6: 32.156208 | AI6: 4.4761336 | AJ6: 2.9569701 | AK6: 353.35169
A7: 0 | B7: ALGORITHM:TICKER | C7: 41061 | D7: 41061 | E7: TICKER:FGLMC | F7: 194128.44 | G7: 3263.7671 | H7: 85.046386 | I7: 4.2216603 | J7: 1.5137165e+10 | K7: 134.4906 | L7: 135.09681 | M7: 37.125261 | N7: 0.30384077 | O7: 0 | P7: 59.214425 | Q7: 11.724091 | R7: 20120101 | S7: 0 | T7: 9.7520604 | U7: 85.05873 | V7: FHL30.400.12(GEN) | W7: 91.252782 | X7: 26.76941 | Y7: 88.09537 | Z7: PL | AA7: 0 | AB7: 3.2155891 | AC7: 28.463786 | AD7: 76.271336 | AE7: 0 | AF7: 744.09379 | AG7: 79.398292 | AH7: 32.74042 | AI7: 4.480578 | AJ7: 3.4999647 | AK7: 352.26479
A8: 0 | B8: ALGORITHM:TICKER | C8: 41091 | D8: 41091 | E8: TICKER:FGLMC | F8: 190046.2 | G8: 3182.604 | H8: 108.84664 | I8: 5.6563386 | J8: 1.8290047e+10 | K8: 143.02002 | L8: 135.2364 | M8: 39.618489 | N8: 0.3009706 | O8: 0 | P8: 59.848867 | Q8: 12.455012 | R8: 20120101 | S8: 0 | T8: 10.335394 | U8: 84.33812 | V8: FHL30.400.12(GEN) | W8: 89.974276 | X8: 38.457251 | Y8: 86.966268 | Z8: PL | AA8: 0 | AB8: 3.2052632 | AC8: 27.510736 | AD8: 76.958861 | AE8: 0 | AF8: 741.83552 | AG8: 80.199952 | AH8: 33.270844 | AI8: 4.4834872 | AJ8: 4.0440956 | AK8: 351.56215
A9: 0 | B9: ALGORITHM:TICKER | C9: 41122 | D9: 41122 | E9: TICKER:FGLMC | F9: 188258.39 | G9: 3354.5023 | H9: 144.4483 | I9: 8.1614332 | J9: 1.991209e+10 | K9: 148.44731 | L9: 135.2578 | M9: 41.004744 | N9: 0.42938291 | O9: 0 | P9: 61.803934 | Q9: 13.113266 | R9: 20120101 | S9: 0 | T9: 10.477578 | U9: 83.715464 | V9: FHL30.400.12(GEN) | W9: 89.336471 | X9: 49.235802 | Y9: 87.311326 | Z9: PL | AA9: 0 | AB9: 3.1694967 | AC9: 26.209286 | AD9: 77.264255 | AE9: 0 | AF9: 740.68824 | AG9: 80.717606 | AH9: 34.759049 | AI9: 4.4874677 | AJ9: 4.7101274 | AK9: 350.77183
A10: 0 | B10: ALGORITHM:TICKER | C10: 41153 | D10: 41153 | E10: TICKER:FGLMC | F10: 185096.26 | G10: 3490.9508 | H10: 175.23067 | I10: 9.6785212 | J10: 2.1381394e+10 | K10: 152.51748 | L10: 135.27008 | M10: 41.671873 | N10: 0.42649647 | O10: 0 | P10: 63.821593 | Q10: 13.531764 | R10: 20120101 | S10: 0 | T10: 10.51917 | U10: 83.268935 | V10: FHL30.400.12(GEN) | W10: 88.889349 | X10: 45.232314 | Y10: 87.734139 | Z10: PL | AA10: 0 | AB10: 3.1976687 | AC10: 24.616709 | AD10: 77.398516 | AE10: 0 | AF10: 739.50111 | AG10: 81.079641 | AH10: 36.494553 | AI10: 4.4881461 | AJ10: 5.3660037 | AK10: 349.87236
A11: 0 | B11: ALGORITHM:TICKER | C11: 41183 | D11: 41183 | E11: TICKER:FGLMC | F11: 183507.55 | G11: 3641.9489 | H11: 215.76072 | I11: 9.0186655 | J11: 2.2118899e+10 | K11: 156.79967 | L11: 135.29066 | M11: 42.704012 | N11: 0.4349798 | O11: 0 | P11: 65.291504 | Q11: 13.958577 | R11: 20120101 | S11: 0 | T11: 10.459242 | U11: 82.861174 | V11: FHL30.400.12(GEN) | W11: 88.133219 | X11: 54.901134 | Y11: 88.127555 | Z11: PL | AA11: 0 | AB11: 3.1788633 | AC11: 23.556077 | AD11: 77.577455 | AE11: 0 | AF11: 738.68431 | AG11: 81.35833 | AH11: 37.807775 | AI11: 4.4885197 | AJ11: 6.1429003 | AK11: 348.72411
A12: 0 | B12: ALGORITHM:TICKER | C12: 41214 | D12: 41214 | E12: TICKER:FGLMC | F12: 181228 | G12: 3704.7088 | H12: 263.26996 | I12: 10.054256 | J12: 2.266528e+10 | K12: 160.21358 | L12: 135.29537 | M12: 42.892844 | N12: 0.66629477 | O12: 0 | P12: 66.138149 | Q12: 14.649298 | R12: 20120101 | S12: 0 | T12: 10.372193 | U12: 82.201295 | V12: FHL30.400.12(GEN) | W12: 87.692658 | X12: 64.33434 | Y12: 88.269854 | Z12: PL | AA12: 0 | AB12: 3.147421 | AC12: 22.909524 | AD12: 77.576372 | AE12: 0 | AF12: 738.06181 | AG12: 81.474777 | AH12: 39.183945 | AI12: 4.4904983 | AJ12: 6.9417766 | AK12: 347.66223
A13: 0 | B13: ALGORITHM:TICKER | C13: 41244 | D13: 41244 | E13: TICKER:FGLMC | F13: 177799.09 | G13: 3755.2835 | H13: 308.49873 | I13: 10.225503 | J13: 2.3429475e+10 | K13: 164.74855 | L13: 135.30417 | M13: 43.169986 | N13: 0.56768808 | O13: 0 | P13: 67.237962 | Q13: 15.370775 | R13: 20120101 | S13: 0 | T13: 10.401772 | U13: 81.518221 | V13: FHL30.400.12(GEN) | W13: 87.174566 | X13: 66.805261 | Y13: 88.59385 | Z13: PL | AA13: 0 | AB13: 3.1094424 | AC13: 21.978128 | AD13: 77.611485 | AE13: 0 | AF13: 737.20984 | AG13: 81.576591 | AH13: 40.941308 | AI13: 4.4915287 | AJ13: 7.6518466 | AK13: 346.62051
... A64: 0 | B64: ALGORITHM:TICKER | C64: 42795 | D64: 42795 | E64: TICKER:FGLMC | F64: 149839.42 | G64: 5822.8483 | H64: 2420.409 | I64: 11.23064 | J64: 1.3083828e+10 | K64: 50.994306 | L64: 94.611371 | M64: 0.055352676 | N64: 1.1427735 | O64: 0 | P64: 68.75428 | Q64: 16.607057 | R64: 20120101 | S64: 0 | T64: 46.798736 | U64: 80.290561 | V64: FHL30.400.12(GEN) | W64: 99.361547 | X64: 79.032961 | Y64: 88.539446 | Z64: PL | AA64: 0 | AB64: 3.1009169 | AC64: 18.417123 | AD64: 56.2017 | AE64: 0 | AF64: 734.7129 | AG64: 81.554747 | AH64: 42.740599 | AI64: 4.4910261 | AJ64: 58.271297 | AK64: 290.51816

Sheet One Month
A1: HARP_eligible | B1: dimensionCombination | C1: factorDate | D1: modifyDate | E1: sliceId | F1: wacls | G1: ols | H1: burnout | I1: cpr | J1: bal | K1: currLLPA | L1: currMIP | M1: currPMI | N1: pct_dq | O1: pct_fha | P1: pct_HARPed | Q1: pct_inv | R1: issueDate | S1: origMIP | T1: origPMI | U1: pct_owner | V1: poolListName | W1: refi_elig_pct | X1: incentive | Y1: pct_REFI | Z1: replineMode | AA1: origbal | AB1: pct_2nd | AC1: pct_tpo | AD1: cltv | AE1: odti | AF1: fico | AG1: oltv | AH1: sato | AI1: wac | AJ1: wala | AK1: wam
A2: 0 | B2: ALGORITHM:TICKER | C2: 20170301 | D2: 20170301 | E2: TICKER:FGLMC | F2: 149839.41 | G2: 167631.23 | H2: 2420.4 | I2: 11.23 | J2: 13083827901 | K2: 50.99 | L2: NA | M2: 0.05 | N2: 1.14 | O2: NA | P2: 68.75 | Q2: 16.6 | R2: 20120101 | S2: NA | T2: 46.79 | U2: 80.29 | V2: FHL30.400.12(GEN) | W2: 99.36 | X2: 79.03 | Y2: 88.53 | Z2: PL | AA2: 13214362984 | AB2: 3.1 | AC2: 18.41 | AD2: 56.2 | AE2: 34.59 | AF2: 734.71 | AG2: 81.55 | AH2: 42.74 | AI2: 4.49 | AJ2: 58.27 | AK2: 290.51
A3: HARP_eligible | B3: dimensionCombination | C3: factorDate | D3: modifyDate | E3: sliceId | F3: wacls | G3: ols | H3: burnout | I3: cpr | J3: bal | K3: currLLPA | L3: currMIP | M3: currPMI | N3: pct_dq | O3: pct_fha | P3: pct_HARPed | Q3: pct_inv | R3: issueDate | S3: origMIP | T3: origPMI | U3: pct_owner | V3: poolListName_ | W3: refi_elig_pct | X3: incentive | Y3: pct_REFI | Z3: replineMode | AA3: origbal | AB3: pct_2nd | AC3: pct_tpo | AD3: cltv | AE3: odti | AF3: fico | AG3: oltv | AH3: sato | AI3: wac | AJ3: wala | AK3: wam
A4: 0 | B4: ALGORITHM:TICKER | C4: 42795 | D4: 42795 | E4: TICKER:FGLMC | F4: 178860.64 | G4: 221808.23 | H4: 2420.409 | I4: 0 | J4: 1.3214357e+10 | K4: 50.994306 | L4: 94.611371 | M4: 0.055352676 | N4: 1.1427735 | O4: 0 | P4: 68.75428 | Q4: 16.607057 | R4: 20120101 | S4: 0 | T4: 46.798736 | U4: 80.290561 | V4: FHL30.400.12(GEN) | W4: 99.361547 | X4: 79.032961 | Y4: 88.539446 | Z4: PL | AA4: 0 | AB4: 3.1009169 | AC4: 18.417123 | AD4: 56.2017 | AE4: 0 | AF4: 734.7129 | AG4: 81.554747 | AH4: 42.740599 | AI4: 4.4910261 | AJ4: 58.271297 | AK4: 290.51816
A6: =A2-A4 -> 0 | B6: =B2-B4 -> #VALUE! | C6: =C2-C4 -> 20127506 | D6: =D2-D4 -> 20127506 | E6: =E2-E4 -> #VALUE! | F6: =F2-F4 -> -29021.226 | G6: =G2-G4 -> -54176.995 | H6: =H2-H4 -> -0.0089939723 | ... AK6: =AK2-AK4 -> -0.0081625735

Sheet Sheet5
A1: Factor | B1: Model CPR | C1: CPR
A2: 40909 | B2: 0 | D2: =B2-C2 -> 0 | E2: =D2^2 -> 0
A3: 40940 | B3: 0.3 | C3: 1 | D3: =B3-C3 -> -0.7 | E3: =D3^2 -> 0.49
A4: 40969 | B4: 1.7 | C4: 1.5 | D4: =B4-C4 -> 0.2 | E4: =D4^2 -> 0.04
A5: 41000 | B5: 4.3 | C5: 1.8 | D5: =B5-C5 -> 2.5 | E5: =D5^2 -> 6.25
A6: 41030 | B6: 4.3 | C6: 2.9 | D6: =B6-C6 -> 1.4 | E6: =D6^2 -> 1.96
A7: 41061 | B7: 6.5 | C7: 4.2 | D7: =B7-C7 -> 2.3 | E7: =D7^2 -> 5.29
A8: 41091 | B8: 9 | C8: 5.7 | D8: =B8-C8 -> 3.3 | E8: =D8^2 -> 10.89
A9: 41122 | B9: 11.7 | C9: 8.2 | D9: =B9-C9 -> 3.5 | E9: =D9^2 -> 12.25
A10: 41153 | B10: 14.6 | C10: 9.7 | D10: =B10-C10 -> 4.9 | E10: =D10^2 -> 24.01
A11: 41183 | B11: 13.8 | C11: 9 | D11: =B11-C11 -> 4.8 | E11: =D11^2 -> 23.04
A12: 41214 | B12: 16.6 | C12: 10.1 | D12: =B12-C12 -> 6.5 | E12: =D12^2 -> 42.25
A13: 41244 | B13: 19 | C13: 10.2 | D13: =B13-C13 -> 8.8 | E13: =D13^2 -> 77.44
A14: 41275 | B14: 19.3 | C14: 11.5 | D14: =B14-C14 -> 7.8 | E14: =D14^2 -> 60.84
... A64: 42795 | B64: 8.2 | C64: 11.2 | D64: =B64-C64 -> -3 | E64: =D64^2 -> 9
E65: =AVERAGE(E2:E64) -> 11.726667 | F65: =E65^0.5 -> 3.4244221
