Workbook

Sheet Plot Result
B1: Conv-FHA | C1: Conv Refi | D1: Ratio
A2: 201301 | B2: =VLOOKUP(A2,'Conv-FHA'!A:D,4,0) -> 2.9948076e+09 | C2: ='Conv Refi'!F4 -> 1.6407926e+10 | D2: =B2/C2 -> 0.18252201
A3: 201302 | B3: =VLOOKUP(A3,'Conv-FHA'!A:D,4,0) -> 2.8007968e+09 | C3: ='Conv Refi'!F5 -> 1.6268801e+10 | D3: =B3/C3 -> 0.17215754
A4: 201303 | B4: =VLOOKUP(A4,'Conv-FHA'!A:D,4,0) -> 4.5860964e+09 | C4: ='Conv Refi'!F6 -> 1.5855887e+10 | D4: =B4/C4 -> 0.28923619
A5: 201304 | B5: =VLOOKUP(A5,'Conv-FHA'!A:D,4,0) -> 2.2710996e+09 | C5: ='Conv Refi'!F7 -> 1.6167002e+10 | D5: =B5/C5 -> 0.14047748
A6: 201305 | B6: =VLOOKUP(A6,'Conv-FHA'!A:D,4,0) -> 3.3680868e+09 | C6: ='Conv Refi'!F8 -> 1.431503e+10 | D6: =B6/C6 -> 0.23528325
A7: 201306 | B7: =VLOOKUP(A7,'Conv-FHA'!A:D,4,0) -> 1.7179953e+09 | C7: ='Conv Refi'!F9 -> 1.2484069e+10 | D7: =B7/C7 -> 0.13761502
A8: 201307 | B8: =VLOOKUP(A8,'Conv-FHA'!A:D,4,0) -> 1.8250472e+09 | C8: ='Conv Refi'!F10 -> 8.4521407e+09 | D8: =B8/C8 -> 0.21592721
A9: 201308 | B9: =VLOOKUP(A9,'Conv-FHA'!A:D,4,0) -> 1.6931856e+09 | C9: ='Conv Refi'!F11 -> 4.9400676e+09 | D9: =B9/C9 -> 0.34274543
A10: 201309 | B10: =VLOOKUP(A10,'Conv-FHA'!A:D,4,0) -> 1.4438044e+09 | C10: ='Conv Refi'!F12 -> 4.1758546e+09 | D10: =B10/C10 -> 0.34575064
A11: 201310 | B11: =VLOOKUP(A11,'Conv-FHA'!A:D,4,0) -> 1.7919361e+09 | C11: ='Conv Refi'!F13 -> 3.2845775e+09 | D11: =B11/C11 -> 0.54556061
A12: 201311 | B12: =VLOOKUP(A12,'Conv-FHA'!A:D,4,0) -> 1.4724636e+09 | C12: ='Conv Refi'!F14 -> 3.577005e+09 | D12: =B12/C12 -> 0.41164708
A13: 201312 | B13: =VLOOKUP(A13,'Conv-FHA'!A:D,4,0) -> 1.3155278e+09 | C13: ='Conv Refi'!F15 -> 1.8302908e+09 | D13: =B13/C13 -> 0.71875347
... A17: 201404 | B17: =VLOOKUP(A17,'Conv-FHA'!A:D,4,0) -> 1.7174545e+09 | C17: ='Conv Refi'!F19 -> 3.4132654e+09 | D17: =B17/C17 -> 0.50317051
A18: 201405 | B18: =VLOOKUP(A18,'Conv-FHA'!A:D,4,0) -> 1.6331827e+09 | C18: ='Conv Refi'!F20+'Conv Refi'!O8 -> 5.2574223e+09 | D18: =B18/C18 -> 0.31064323
A19: 201406 | B19: =VLOOKUP(A19,'Conv-FHA'!A:D,4,0) -> 1.5473821e+09 | C19: ='Conv Refi'!F21+'Conv Refi'!O9 -> 5.9839966e+09 | D19: =B19/C19 -> 0.25858673
A20: 201407 | B20: =VLOOKUP(A20,'Conv-FHA'!A:D,4,0) -> 1.6238757e+09 | C20: ='Conv Refi'!F22+'Conv Refi'!O10 -> 5.1372221e+09 | D20: =B20/C20 -> 0.31609995
A21: 201408 | B21: =VLOOKUP(A21,'Conv-FHA'!A:D,4,0) -> 1.6378917e+09 | C21: ='Conv Refi'!F23+'Conv Refi'!O11 -> 4.9755098e+09 | D21: =B21/C21 -> 0.32919073
A22: 201409 | B22: =VLOOKUP(A22,'Conv-FHA'!A:D,4,0) -> 1.6570612e+09 | C22: ='Conv Refi'!F24+'Conv Refi'!O12 -> 5.5532511e+09 | D22: =B22/C22 -> 0.29839479
A23: 201410 | B23: =VLOOKUP(A23,'Conv-FHA'!A:D,4,0) -> 1.8471401e+09 | C23: ='Conv Refi'!F25+'Conv Refi'!O13 -> 6.7219966e+09 | D23: =B23/C23 -> 0.27479039
A24: 201411 | B24: =VLOOKUP(A24,'Conv-FHA'!A:D,4,0) -> 1.5313106e+09 | C24: ='Conv Refi'!F26+'Conv Refi'!O14 -> 9.0429098e+09 | D24: =B24/C24 -> 0.16933826
A25: 201412 | B25: =VLOOKUP(A25,'Conv-FHA'!A:D,4,0) -> 1.5944379e+09 | C25: ='Conv Refi'!F27+'Conv Refi'!O15 -> 7.322636e+09 | D25: =B25/C25 -> 0.21774097
A26: 201501 | B26: =VLOOKUP(A26,'Conv-FHA'!A:D,4,0) -> 2.6053697e+09 | C26: ='Conv Refi'!F28+'Conv Refi'!O16 -> 1.5502211e+10 | D26: =B26/C26 -> 0.16806439
A27: 201502 | B27: =VLOOKUP(A27,'Conv-FHA'!A:D,4,0) -> 2.9206378e+09 | C27: ='Conv Refi'!F29+'Conv Refi'!O17 -> 2.0547734e+10 | D27: =B27/C27 -> 0.14213917
A28: 201503 | B28: =VLOOKUP(A28,'Conv-FHA'!A:D,4,0) -> 3.7260849e+09 | C28: ='Conv Refi'!F30+'Conv Refi'!O18 -> 1.4424389e+10 | D28: =B28/C28 -> 0.25831839
A29: 201504 | B29: =VLOOKUP(A29,'Conv-FHA'!A:D,4,0) -> 3.8170979e+09 | C29: ='Conv Refi'!F31+'Conv Refi'!O19 -> 1.3658405e+10 | D29: =B29/C29 -> 0.27946879
... A36: 201511 | B36: =VLOOKUP(A36,'Conv-FHA'!A:D,4,0) -> 3.3111185e+09 | C36: ='Conv Refi'!F38+'Conv Refi'!O26 -> 8.2506401e+09 | D36: =B36/C36 -> 0.40131656
A37: 201512 | B37: =VLOOKUP(A37,'Conv-FHA'!A:D,4,0) -> 0 | C37: ='Conv Refi'!F39+'Conv Refi'!O27 -> 3.8294595e+09
A38: 201601 | B38: =VLOOKUP(A38,'Conv-FHA'!A:D,4,0) -> 0 | C38: ='Conv Refi'!F40+'Conv Refi'!O28 -> 5.7345216e+09
A39: 201602 | B39: =VLOOKUP(A39,'Conv-FHA'!A:D,4,0) -> 0 | C39: ='Conv Refi'!F41+'Conv Refi'!O29 -> 0
A40: 201603 | B40: =VLOOKUP(A40,'Conv-FHA'!A:D,4,0) -> 0 | C40: ='Conv Refi'!F42+'Conv Refi'!O30 -> 0

Sheet Conv-FHA
B1: Conventionla-to-FHA Refinance Applications | C1: FHA Avg Loan Size | D1: Conventionla-to-FHA Refinance Applications Volumes | L1: Avg Loan Size | M1: Asof | N1: FHA
A2: 201301 | B2: 16039 | C2: =VLOOKUP(A2,M:N,2,0) -> 186720.34 | D2: =B2*C2 -> 2.9948076e+09 | M2: 201301 | N2: 186720.34
A3: 201302 | B3: 15393 | C3: =VLOOKUP(A3,M:N,2,0) -> 181952.62 | D3: =B3*C3 -> 2.8007968e+09 | M3: 201302 | N3: 181952.62
A4: 201303 | B4: 25683 | C4: =VLOOKUP(A4,M:N,2,0) -> 178565.45 | D4: =B4*C4 -> 4.5860964e+09 | M4: 201303 | N4: 178565.45
A5: 201304 | B5: 12675 | C5: =VLOOKUP(A5,M:N,2,0) -> 179179.46 | D5: =B5*C5 -> 2.2710996e+09 | M5: 201304 | N5: 179179.46
A6: 201305 | B6: 18957 | C6: =VLOOKUP(A6,M:N,2,0) -> 177669.82 | D6: =B6*C6 -> 3.3680868e+09 | M6: 201305 | N6: 177669.82
A7: 201306 | B7: 9929 | C7: =VLOOKUP(A7,M:N,2,0) -> 173028.03 | D7: =B7*C7 -> 1.7179953e+09 | M7: 201306 | N7: 173028.03
A8: 201307 | B8: 11085 | C8: =VLOOKUP(A8,M:N,2,0) -> 164641.15 | D8: =B8*C8 -> 1.8250472e+09 | M8: 201307 | N8: 164641.15
A9: 201308 | B9: 10916 | C9: =VLOOKUP(A9,M:N,2,0) -> 155110.45 | D9: =B9*C9 -> 1.6931856e+09 | M9: 201308 | N9: 155110.45
A10: 201309 | B10: 9743 | C10: =VLOOKUP(A10,M:N,2,0) -> 148188.9 | D10: =B10*C10 -> 1.4438044e+09 | M10: 201309 | N10: 148188.9
A11: 201310 | B11: 12131 | C11: =VLOOKUP(A11,M:N,2,0) -> 147715.45 | D11: =B11*C11 -> 1.7919361e+09 | M11: 201310 | N11: 147715.45
A12: 201311 | B12: 9664 | C12: =VLOOKUP(A12,M:N,2,0) -> 152365.86 | D12: =B12*C12 -> 1.4724636e+09 | M12: 201311 | N12: 152365.86
A13: 201312 | B13: 8534 | C13: =VLOOKUP(A13,M:N,2,0) -> 154151.38 | D13: =B13*C13 -> 1.3155278e+09 | M13: 201312 | N13: 154151.38
... A36: 201511 | B36: 17283 | C36: =VLOOKUP(A36,M:N,2,0) -> 191582.39 | D36: =B36*C36 -> 3.3111185e+09 | M36: 201511 | N36: 191582.39
A37: 201512 | C37: =VLOOKUP(A37,M:N,2,0) -> 189592.34 | M37: 201512 | N37: 189592.34
A38: 201601 | C38: =VLOOKUP(A38,M:N,2,0) -> 191398.83 | M38: 201601 | N38: 191398.83
A39: 201602 | C39: =VLOOKUP(A39,M:N,2,0) -> 186987.56 | M39: 201602 | N39: 186987.56
A40: 201603 | C40: =VLOOKUP(A40,M:N,2,0) -> 186529.85 | M40: 201603 | N40: 186529.85

Sheet Conv Refi
A1: groupByColumn | B1: PREPAY_CPR1 | C1: Balance | D1: REFI_CPR1 | E1: SMM | F1: RefiBalance | G1: FHL | J1: groupByColumn | K1: PREPAY_CPR1 | L1: Balance | M1: REFI_CPR1 | N1: SMM | O1: RefiBalance | Q1: FNM
A2: 41275 | B2: 0.29587615 | C2: 8.8032717e+11 | D2: 0.23587615 | E2: 0.02216935 | F2: 1.9516281e+10 | J2: 41640 | K2: 0.034050296 | L2: 5.0591725e+11 | M2: -0.025949704 | N2: -0.0021371742 | O2: -1.0812333e+09
A3: 41306 | B3: 0.2847227 | C3: 881614744452 | D3: 0.2247227 | E3: 0.020987833 | F3: 1.8503183e+10 | J3: 41671 | K3: 0.028911082 | L3: 5.2251844e+11 | M3: -0.031088918 | N3: -0.0025545444 | O3: -1.3347966e+09
A4: 41334 | B4: 0.26150841 | C4: 8.8319906e+11 | D4: 0.20150841 | E4: 0.018577835 | F4: 1.6407926e+10 | J4: 41699 | K4: 0.030436751 | L4: 5.3928809e+11 | M4: -0.029563249 | N4: -0.0024308399 | O4: -1.310923e+09
A5: 41365 | B5: 0.25799793 | C5: 8.929581e+11 | D5: 0.19799793 | E5: 0.018218997 | F5: 1.6268801e+10 | J5: 41730 | K5: 0.04514262 | L5: 5.53172e+11 | M5: -0.01485738 | N5: -0.0012297631 | O5: -6.8027049e+08
A6: 41395 | B6: 0.2521197 | C6: 8.9981148e+11 | D6: 0.1921197 | E6: 0.017621344 | F6: 1.5855887e+10 | J6: 41760 | K6: 0.049171053 | L6: 5.6900928e+11 | M6: -0.010828947 | N6: -0.00089796406 | O6: -5.1094989e+08
A7: 41426 | B7: 0.25512149 | C7: 9.018723e+11 | D7: 0.19512149 | E7: 0.017926043 | F7: 1.6167002e+10 | J7: 41791 | K7: 0.055745707 | L7: 5.8455223e+11 | M7: -0.0042542926 | N7: -0.00035383498 | O7: -2.0683502e+08
A8: 41456 | B8: 0.23354935 | C8: 9.0836625e+11 | D8: 0.17354935 | E8: 0.015759095 | F8: 1.431503e+10 | J8: 41821 | K8: 0.07435545 | L8: 6.0295907e+11 | M8: 0.01435545 | N8: 0.0012042315 | O8: 7.261023e+08
A9: 41487 | B9: 0.212354 | C9: 9.1258374e+11 | D9: 0.152354 | E9: 0.013679916 | F9: 1.2484069e+10 | J9: 41852 | K9: 0.08061539 | L9: 6.2380162e+11 | M9: 0.02061539 | N9: 0.0017343986 | O9: 1.0819207e+09
A10: 41518 | B10: 0.16508056 | C10: 9.1779991e+11 | D10: 0.10508056 | E10: 0.0092091322 | F10: 8.4521407e+09 | J10: 41883 | K10: 0.073655215 | L10: 6.4276868e+11 | M10: 0.013655215 | N10: 0.0011451193 | O10: 7.3604681e+08
A11: 41548 | B11: 0.12255398 | C11: 9.2018729e+11 | D11: 0.062553978 | E11: 0.0053685458 | F11: 4.9400676e+09 | J11: 41913 | K11: 0.075446897 | L11: 6.6604848e+11 | M11: 0.015446897 | N11: 0.0012964458 | O11: 8.6349578e+08
A12: 41579 | B12: 0.11294731 | C12: 9.2322462e+11 | D12: 0.05294731 | E12: 0.0045231188 | F12: 4.1758546e+09 | J12: 41944 | K12: 0.077578718 | L12: 6.8749399e+11 | M12: 0.017578718 | N12: 0.00147683 | O12: 1.0153117e+09
A13: 41609 | B13: 0.10164496 | C13: 9.2824755e+11 | D13: 0.041644957 | E13: 0.0035384715 | F13: 3.2845775e+09 | J13: 41974 | K13: 0.096607148 | L13: 7.0585636e+11 | M13: 0.036607148 | N13: 0.0031030094 | O13: 2.1902789e+09
... A28: 42064 | B28: 0.15939692 | C28: 1.0126283e+12 | D28: 0.099396917 | E28: 0.008686275 | F28: 8.7959678e+09 | J28: 42430 | K28: 0.085370265 | L28: 1.0006814e+12 | M28: 0.025370265 | N28: 0.0021391786 | O28: 2.1406363e+09
A29: 42095 | B29: 0.19611856 | C29: 1.0146393e+12 | D29: 0.13611856 | E29: 0.012119275 | F29: 1.2296692e+10
A30: 42125 | B30: 0.1625139 | C30: 1.0185962e+12 | D30: 0.1025139 | E30: 0.0089726402 | F30: 9.1394972e+09
A31: 42156 | B31: 0.15788894 | C31: 1.0258225e+12 | D31: 0.097888935 | E31: 0.0085480587 | F31: 8.7687905e+09
A32: 42186 | B32: 0.15878793 | C32: 1.0358143e+12 | D32: 0.098787931 | E32: 0.008630432 | F32: 8.9395247e+09
A33: 42217 | B33: 0.13940894 | C33: 1.0443932e+12 | D33: 0.079408937 | E33: 0.0068712306 | F33: 7.1762667e+09
A34: 42248 | B34: 0.12303716 | C34: 1.0500614e+12 | D34: 0.063037159 | E34: 0.0054112773 | F34: 5.6821736e+09
A35: 42278 | B35: 0.1193929 | C35: 1.0588863e+12 | D35: 0.059392902 | E35: 0.0050894847 | F35: 5.3891855e+09
A36: 42309 | B36: 0.11985948 | C36: 1.066668e+12 | D36: 0.059859479 | E36: 0.0051306202 | F36: 5.4726684e+09
A37: 42339 | B37: 0.1048073 | C37: 1.0710572e+12 | D37: 0.044807295 | E37: 0.0038128935 | F37: 4.0838269e+09
A38: 42370 | B38: 0.11558816 | C38: 1076520927838 | D38: 0.05558816 | E38: 0.0047547383 | F38: 5.1185753e+09
A39: 42401 | B39: 0.091442451 | C39: 1.0806406e+12 | D39: 0.031442451 | E39: 0.0026587407 | F39: 2.8731431e+09
A40: 42430 | B40: 0.098994595 | C40: 1.0860558e+12 | D40: 0.038994595 | E40: 0.0033091165 | F40: 3.5938852e+09
