Workbook

Sheet Plot Result
B1: FHA-FHA | C1: FHA Refi | D1: Ratio
A2: 201301 | B2: =VLOOKUP(A2,'FHA-FHA'!A:H,6,0) -> 1.1947263e+10
A3: 201302 | B3: =VLOOKUP(A3,'FHA-FHA'!A:H,6,0) -> 1.0197203e+10
A4: 201303 | B4: =VLOOKUP(A4,'FHA-FHA'!A:H,6,0) -> 1.4644097e+10
A5: 201304 | B5: =VLOOKUP(A5,'FHA-FHA'!A:H,6,0) -> 7.6386726e+09
A6: 201305 | B6: =VLOOKUP(A6,'FHA-FHA'!A:H,6,0) -> 1.1086565e+10
A7: 201306 | B7: =VLOOKUP(A7,'FHA-FHA'!A:H,6,0) -> 4.5381359e+09
A8: 201307 | B8: =VLOOKUP(A8,'FHA-FHA'!A:H,6,0) -> 4.6387054e+09
A9: 201308 | B9: =VLOOKUP(A9,'FHA-FHA'!A:H,6,0) -> 3.4558861e+09
A10: 201309 | B10: =VLOOKUP(A10,'FHA-FHA'!A:H,6,0) -> 2.2585797e+09
A11: 201310 | B11: =VLOOKUP(A11,'FHA-FHA'!A:H,6,0) -> 2.8286217e+09
A12: 201311 | B12: =VLOOKUP(A12,'FHA-FHA'!A:H,6,0) -> 2.424279e+09 | C12: ='FHA Refi'!F4 -> 4.9109881e+09 | D12: =1-B12/C12 -> 0.50635616
A13: 201312 | B13: =VLOOKUP(A13,'FHA-FHA'!A:H,6,0) -> 2.0956574e+09 | C13: ='FHA Refi'!F5 -> 3.7482002e+09 | D13: =1-B13/C13 -> 0.44088967
A14: 201401 | B14: =VLOOKUP(A14,'FHA-FHA'!A:H,6,0) -> 2.4366979e+09 | C14: ='FHA Refi'!F6 -> 3.8599031e+09 | D14: =1-B14/C14 -> 0.36871527
A15: 201402 | B15: =VLOOKUP(A15,'FHA-FHA'!A:H,6,0) -> 2.4312699e+09 | C15: ='FHA Refi'!F7 -> 4.4580966e+09 | D15: =1-B15/C15 -> 0.45463947
A16: 201403 | B16: =VLOOKUP(A16,'FHA-FHA'!A:H,6,0) -> 2.6332754e+09 | C16: ='FHA Refi'!F8 -> 6.2926261e+09 | D16: =1-B16/C16 -> 0.58152998
A17: 201404 | B17: =VLOOKUP(A17,'FHA-FHA'!A:H,6,0) -> 2.5046554e+09 | C17: ='FHA Refi'!F9 -> 6.7169603e+09 | D17: =1-B17/C17 -> 0.62711474
A18: 201405 | B18: =VLOOKUP(A18,'FHA-FHA'!A:H,6,0) -> 2.2906945e+09 | C18: ='FHA Refi'!F10 -> 7.2977955e+09 | D18: =1-B18/C18 -> 0.68611144
A19: 201406 | B19: =VLOOKUP(A19,'FHA-FHA'!A:H,6,0) -> 2.5378634e+09 | C19: ='FHA Refi'!F11 -> 7.189513e+09 | D19: =1-B19/C19 -> 0.64700483
A20: 201407 | B20: =VLOOKUP(A20,'FHA-FHA'!A:H,6,0) -> 2.5053661e+09 | C20: ='FHA Refi'!F12 -> 6.535049e+09 | D20: =1-B20/C20 -> 0.61662628
A21: 201408 | B21: =VLOOKUP(A21,'FHA-FHA'!A:H,6,0) -> 2.3454383e+09 | C21: ='FHA Refi'!F13 -> 6.8965645e+09 | D21: =1-B21/C21 -> 0.65991208
A22: 201409 | B22: =VLOOKUP(A22,'FHA-FHA'!A:H,6,0) -> 2.2898652e+09 | C22: ='FHA Refi'!F14 -> 6.9471705e+09 | D22: =1-B22/C22 -> 0.6703888
A23: 201410 | B23: =VLOOKUP(A23,'FHA-FHA'!A:H,6,0) -> 2.6803447e+09 | C23: ='FHA Refi'!F15 -> 6.4667124e+09 | D23: =1-B23/C23 -> 0.58551663
... A36: 201511 | B36: =VLOOKUP(A36,'FHA-FHA'!A:H,6,0) -> 5.1116162e+09 | C36: ='FHA Refi'!F28 -> 8.5184753e+09 | D36: =1-B36/C36 -> 0.39993766
A37: 201512 | B37: =VLOOKUP(A37,'FHA-FHA'!A:H,6,0) -> 0 | C37: ='FHA Refi'!F29 -> 6.6878002e+09
A38: 201601 | B38: =VLOOKUP(A38,'FHA-FHA'!A:H,6,0) -> 0 | C38: ='FHA Refi'!F30 -> 7.0317659e+09
A39: 201602 | B39: =VLOOKUP(A39,'FHA-FHA'!A:H,6,0) -> 0 | C39: ='FHA Refi'!F31 -> 0
A40: 201603 | B40: =VLOOKUP(A40,'FHA-FHA'!A:H,6,0) -> 0 | C40: ='FHA Refi'!F32 -> 0

Sheet FHA-FHA
B1: FHA Non-Streamline Refinance | C1: FHA Streamline Standard MIP | D1: FHA Streamline Low MIP | E1: FHA Avg Loan Size | F1: FHA-to-FHA Refinance Applications Volumes | N1: Avg Loan Size | O1: Asof | P1: FHA
A2: 201301 | B2: 5044 | C2: 28274 | D2: 30639 | E2: =VLOOKUP(A2,O:P,2,0) -> 186801.49 | F2: =SUM(B2:D2)*E2 -> 1.1947263e+10 | O2: 201301 | P2: 186801.49
A3: 201302 | B3: 4646 | C3: 22521 | D3: 28867 | E3: =VLOOKUP(A3,O:P,2,0) -> 181982.42 | F3: =SUM(B3:D3)*E3 -> 1.0197203e+10 | O3: 201302 | P3: 181982.42
A4: 201303 | B4: 7274 | C4: 38948 | D4: 35793 | E4: =VLOOKUP(A4,O:P,2,0) -> 178553.89 | F4: =SUM(B4:D4)*E4 -> 1.4644097e+10 | O4: 201303 | P4: 178553.89
A5: 201304 | B5: 3468 | C5: 14106 | D5: 25027 | E5: =VLOOKUP(A5,O:P,2,0) -> 179307.36 | F5: =SUM(B5:D5)*E5 -> 7.6386726e+09 | O5: 201304 | P5: 179307.36
A6: 201305 | B6: 5219 | C6: 22913 | D6: 34164 | E6: =VLOOKUP(A6,O:P,2,0) -> 177965.93 | F6: =SUM(B6:D6)*E6 -> 1.1086565e+10 | O6: 201305 | P6: 177965.93
A7: 201306 | B7: 2279 | C7: 4798 | D7: 19107 | E7: =VLOOKUP(A7,O:P,2,0) -> 173317.13 | F7: =SUM(B7:D7)*E7 -> 4.5381359e+09 | O7: 201306 | P7: 173317.13
A8: 201307 | B8: 2229 | C8: 3478 | D8: 22410 | E8: =VLOOKUP(A8,O:P,2,0) -> 164978.68 | F8: =SUM(B8:D8)*E8 -> 4.6387054e+09 | O8: 201307 | P8: 164978.68
A9: 201308 | B9: 2286 | C9: 3227 | D9: 16691 | E9: =VLOOKUP(A9,O:P,2,0) -> 155642.5 | F9: =SUM(B9:D9)*E9 -> 3.4558861e+09 | O9: 201308 | P9: 155642.5
A10: 201309 | B10: 2083 | C10: 1767 | D10: 11311 | E10: =VLOOKUP(A10,O:P,2,0) -> 148973 | F10: =SUM(B10:D10)*E10 -> 2.2585797e+09 | O10: 201309 | P10: 148973
A11: 201310 | B11: 2664 | C11: 2260 | D11: 14129 | E11: =VLOOKUP(A11,O:P,2,0) -> 148460.7 | F11: =SUM(B11:D11)*E11 -> 2.8286217e+09 | O11: 201310 | P11: 148460.7
A12: 201311 | B12: 2340 | C12: 2696 | D12: 10833 | E12: =VLOOKUP(A12,O:P,2,0) -> 152768.23 | F12: =SUM(B12:D12)*E12 -> 2.424279e+09 | O12: 201311 | P12: 152768.23
A13: 201312 | B13: 2168 | C13: 2156 | D13: 9250 | E13: =VLOOKUP(A13,O:P,2,0) -> 154387.61 | F13: =SUM(B13:D13)*E13 -> 2.0956574e+09 | O13: 201312 | P13: 154387.61
... A36: 201511 | B36: 5148 | C36: 17148 | D36: 4447 | E36: =VLOOKUP(A36,O:P,2,0) -> 191138.47 | F36: =SUM(B36:D36)*E36 -> 5.1116162e+09 | O36: 201511 | P36: 191138.47
A37: 201512 | E37: =VLOOKUP(A37,O:P,2,0) -> 189041.07 | O37: 201512 | P37: 189041.07
A38: 201601 | E38: =VLOOKUP(A38,O:P,2,0) -> 190382.58 | O38: 201601 | P38: 190382.58
A39: 201602 | E39: =VLOOKUP(A39,O:P,2,0) -> 186258.37 | O39: 201602 | P39: 186258.37
A40: 201603 | E40: =VLOOKUP(A40,O:P,2,0) -> 185913.01 | O40: 201603 | P40: 185913.01

Sheet FHA Refi
A1: groupByColumn | B1: PREPAY_CPR1 | C1: Balance | D1: REFI_CPR1 | E1: SMM | F1: RefiBalance | G1: GNM
A2: 41579 | B2: 1 | C2: 5270697.2 | D2: 0.94 | E2: 0.20899492 | F2: 1101548.9
A3: 41609 | B3: 0.13630124 | C3: 7.5768061e+11 | D3: 0.076301237 | E3: 0.0065922811 | F3: 4.9948436e+09
A4: 41640 | B4: 0.1339836 | C4: 7.6916774e+11 | D4: 0.0739836 | E4: 0.0063848077 | F4: 4.9109881e+09
A5: 41671 | B5: 0.11620439 | C5: 7.7943451e+11 | D5: 0.056204392 | E5: 0.0048088713 | F5: 3.7482002e+09
A6: 41699 | B6: 0.11714765 | C6: 7.890567e+11 | D6: 0.057147647 | E6: 0.0048917943 | F6: 3.8599031e+09
A7: 41730 | B7: 0.12511098 | C7: 7.9681284e+11 | D7: 0.065110977 | E7: 0.0055949105 | F7: 4.4580966e+09
A8: 41760 | B8: 0.15022871 | C8: 8.0168987e+11 | D8: 0.090228705 | E8: 0.0078492024 | F8: 6.2926261e+09
A9: 41791 | B9: 0.15582655 | C9: 8.0352471e+11 | D9: 0.095826548 | E9: 0.0083593699 | F9: 6.7169603e+09
A10: 41821 | B10: 0.16365062 | C10: 8.0396095e+11 | D10: 0.10365062 | E10: 0.0090773009 | F10: 7.2977955e+09
A11: 41852 | B11: 0.16750511 | C11: 7.6215797e+11 | D11: 0.10750511 | E11: 0.0094331008 | F11: 7.189513e+09
A12: 41883 | B12: 0.16096795 | C12: 7.4005452e+11 | D12: 0.10096795 | E12: 0.0088304967 | F12: 6.535049e+09
A13: 41913 | B13: 0.16091727 | C13: 7.8140596e+11 | D13: 0.10091727 | E13: 0.0088258407 | F13: 6.8965645e+09
... A30: 42430 | B30: 0.16353758 | C30: 7.7554351e+11 | D30: 0.10353758 | E30: 0.0090668877 | F30: 7.0317659e+09
