Workbook
Name DateToChangeLag: [1]Report!$U$12

Sheet GNM
H1: Plot Data
A2: GNM FHA | B2: Asof | C2: FHA | D2: FHL+FNM | E2: FHA % | I2: FHA %
B3: 201301 | C3: 10454472000 | D3: =VLOOKUP(CurrentMtgRatesDataTable934[[#This Row],[Asof]],'FNM FHL'!B:C,2,0)+VLOOKUP(CurrentMtgRatesDataTable934[[#This Row],[Asof]],'FNM FHL'!G:H,2,0) -> 8.1782208e+09 | E3: =CurrentMtgRatesDataTable934[[#This Row],[FHA]]/(CurrentMtgRatesDataTable934[[#This Row],[FHA]]+CurrentMtgRatesDataTable934[[#This Row],[FHL+FNM]]) -> 0.56108219 | H3: =CurrentMtgRatesDataTable934[[#This Row],[Asof]] -> 201301 | I3: =CurrentMtgRatesDataTable934[[#This Row],[FHA %]] -> 0.56108219
B4: 201302 | C4: 10339094000 | D4: =VLOOKUP(CurrentMtgRatesDataTable934[[#This Row],[Asof]],'FNM FHL'!B:C,2,0)+VLOOKUP(CurrentMtgRatesDataTable934[[#This Row],[Asof]],'FNM FHL'!G:H,2,0) -> 8.6543305e+09 | E4: =CurrentMtgRatesDataTable934[[#This Row],[FHA]]/(CurrentMtgRatesDataTable934[[#This Row],[FHA]]+CurrentMtgRatesDataTable934[[#This Row],[FHL+FNM]]) -> 0.54435123 | H4: =CurrentMtgRatesDataTable934[[#This Row],[Asof]] -> 201302 | I4: =CurrentMtgRatesDataTable934[[#This Row],[FHA %]] -> 0.54435123
B5: 201303 | C5: 9095945401 | D5: =VLOOKUP(CurrentMtgRatesDataTable934[[#This Row],[Asof]],'FNM FHL'!B:C,2,0)+VLOOKUP(CurrentMtgRatesDataTable934[[#This Row],[Asof]],'FNM FHL'!G:H,2,0) -> 7.4691975e+09 | E5: =CurrentMtgRatesDataTable934[[#This Row],[FHA]]/(CurrentMtgRatesDataTable934[[#This Row],[FHA]]+CurrentMtgRatesDataTable934[[#This Row],[FHL+FNM]]) -> 0.54910154 | H5: =CurrentMtgRatesDataTable934[[#This Row],[Asof]] -> 201303 | I5: =CurrentMtgRatesDataTable934[[#This Row],[FHA %]] -> 0.54910154
B6: 201304 | C6: 9144782000 | D6: =VLOOKUP(CurrentMtgRatesDataTable934[[#This Row],[Asof]],'FNM FHL'!B:C,2,0)+VLOOKUP(CurrentMtgRatesDataTable934[[#This Row],[Asof]],'FNM FHL'!G:H,2,0) -> 7.4834625e+09 | E6: =CurrentMtgRatesDataTable934[[#This Row],[FHA]]/(CurrentMtgRatesDataTable934[[#This Row],[FHA]]+CurrentMtgRatesDataTable934[[#This Row],[FHL+FNM]]) -> 0.54995475 | H6: =CurrentMtgRatesDataTable934[[#This Row],[Asof]] -> 201304 | I6: =CurrentMtgRatesDataTable934[[#This Row],[FHA %]] -> 0.54995475
B7: 201305 | C7: 9333706425 | D7: =VLOOKUP(CurrentMtgRatesDataTable934[[#This Row],[Asof]],'FNM FHL'!B:C,2,0)+VLOOKUP(CurrentMtgRatesDataTable934[[#This Row],[Asof]],'FNM FHL'!G:H,2,0) -> 7.1827391e+09 | E7: =CurrentMtgRatesDataTable934[[#This Row],[FHA]]/(CurrentMtgRatesDataTable934[[#This Row],[FHA]]+CurrentMtgRatesDataTable934[[#This Row],[FHL+FNM]]) -> 0.56511593 | H7: =CurrentMtgRatesDataTable934[[#This Row],[Asof]] -> 201305 | I7: =CurrentMtgRatesDataTable934[[#This Row],[FHA %]] -> 0.56511593
B8: 201306 | C8: 7456124024 | D8: =VLOOKUP(CurrentMtgRatesDataTable934[[#This Row],[Asof]],'FNM FHL'!B:C,2,0)+VLOOKUP(CurrentMtgRatesDataTable934[[#This Row],[Asof]],'FNM FHL'!G:H,2,0) -> 7.1060455e+09 | E8: =CurrentMtgRatesDataTable934[[#This Row],[FHA]]/(CurrentMtgRatesDataTable934[[#This Row],[FHA]]+CurrentMtgRatesDataTable934[[#This Row],[FHL+FNM]]) -> 0.51202013 | H8: =CurrentMtgRatesDataTable934[[#This Row],[Asof]] -> 201306 | I8: =CurrentMtgRatesDataTable934[[#This Row],[FHA %]] -> 0.51202013
B9: 201307 | C9: 5340629755 | D9: =VLOOKUP(CurrentMtgRatesDataTable934[[#This Row],[Asof]],'FNM FHL'!B:C,2,0)+VLOOKUP(CurrentMtgRatesDataTable934[[#This Row],[Asof]],'FNM FHL'!G:H,2,0) -> 6.1097526e+09 | E9: =CurrentMtgRatesDataTable934[[#This Row],[FHA]]/(CurrentMtgRatesDataTable934[[#This Row],[FHA]]+CurrentMtgRatesDataTable934[[#This Row],[FHL+FNM]]) -> 0.46641497 | H9: =CurrentMtgRatesDataTable934[[#This Row],[Asof]] -> 201307 | I9: =CurrentMtgRatesDataTable934[[#This Row],[FHA %]] -> 0.46641497
B10: 201308 | C10: 4366669252 | D10: =VLOOKUP(CurrentMtgRatesDataTable934[[#This Row],[Asof]],'FNM FHL'!B:C,2,0)+VLOOKUP(CurrentMtgRatesDataTable934[[#This Row],[Asof]],'FNM FHL'!G:H,2,0) -> 4.9124825e+09 | E10: =CurrentMtgRatesDataTable934[[#This Row],[FHA]]/(CurrentMtgRatesDataTable934[[#This Row],[FHA]]+CurrentMtgRatesDataTable934[[#This Row],[FHL+FNM]]) -> 0.47058927 | H10: =CurrentMtgRatesDataTable934[[#This Row],[Asof]] -> 201308 | I10: =CurrentMtgRatesDataTable934[[#This Row],[FHA %]] -> 0.47058927
B11: 201309 | C11: 3269639789 | D11: =VLOOKUP(CurrentMtgRatesDataTable934[[#This Row],[Asof]],'FNM FHL'!B:C,2,0)+VLOOKUP(CurrentMtgRatesDataTable934[[#This Row],[Asof]],'FNM FHL'!G:H,2,0) -> 3.6162545e+09 | E11: =CurrentMtgRatesDataTable934[[#This Row],[FHA]]/(CurrentMtgRatesDataTable934[[#This Row],[FHA]]+CurrentMtgRatesDataTable934[[#This Row],[FHL+FNM]]) -> 0.47483154 | H11: =CurrentMtgRatesDataTable934[[#This Row],[Asof]] -> 201309 | I11: =CurrentMtgRatesDataTable934[[#This Row],[FHA %]] -> 0.47483154
B12: 201310 | C12: 2537899121 | D12: =VLOOKUP(CurrentMtgRatesDataTable934[[#This Row],[Asof]],'FNM FHL'!B:C,2,0)+VLOOKUP(CurrentMtgRatesDataTable934[[#This Row],[Asof]],'FNM FHL'!G:H,2,0) -> 2.58187e+09 | E12: =CurrentMtgRatesDataTable934[[#This Row],[FHA]]/(CurrentMtgRatesDataTable934[[#This Row],[FHA]]+CurrentMtgRatesDataTable934[[#This Row],[FHL+FNM]]) -> 0.49570578 | H12: =CurrentMtgRatesDataTable934[[#This Row],[Asof]] -> 201310 | I12: =CurrentMtgRatesDataTable934[[#This Row],[FHA %]] -> 0.49570578
B13: 201311 | C13: 2307580910 | D13: =VLOOKUP(CurrentMtgRatesDataTable934[[#This Row],[Asof]],'FNM FHL'!B:C,2,0)+VLOOKUP(CurrentMtgRatesDataTable934[[#This Row],[Asof]],'FNM FHL'!G:H,2,0) -> 2.464808e+09 | E13: =CurrentMtgRatesDataTable934[[#This Row],[FHA]]/(CurrentMtgRatesDataTable934[[#This Row],[FHA]]+CurrentMtgRatesDataTable934[[#This Row],[FHL+FNM]]) -> 0.48352742 | H13: =CurrentMtgRatesDataTable934[[#This Row],[Asof]] -> 201311 | I13: =CurrentMtgRatesDataTable934[[#This Row],[FHA %]] -> 0.48352742
B14: 201312 | C14: 2117115000 | D14: =VLOOKUP(CurrentMtgRatesDataTable934[[#This Row],[Asof]],'FNM FHL'!B:C,2,0)+VLOOKUP(CurrentMtgRatesDataTable934[[#This Row],[Asof]],'FNM FHL'!G:H,2,0) -> 2.4404077e+09 | E14: =CurrentMtgRatesDataTable934[[#This Row],[FHA]]/(CurrentMtgRatesDataTable934[[#This Row],[FHA]]+CurrentMtgRatesDataTable934[[#This Row],[FHL+FNM]]) -> 0.46453197 | H14: =CurrentMtgRatesDataTable934[[#This Row],[Asof]] -> 201312 | I14: =CurrentMtgRatesDataTable934[[#This Row],[FHA %]] -> 0.46453197
... B40: 201602 | C40: 4044728000 | D40: =VLOOKUP(CurrentMtgRatesDataTable934[[#This Row],[Asof]],'FNM FHL'!B:C,2,0)+VLOOKUP(CurrentMtgRatesDataTable934[[#This Row],[Asof]],'FNM FHL'!G:H,2,0) -> 1.6446269e+09 | E40: =CurrentMtgRatesDataTable934[[#This Row],[FHA]]/(CurrentMtgRatesDataTable934[[#This Row],[FHA]]+CurrentMtgRatesDataTable934[[#This Row],[FHL+FNM]]) -> 0.71092911 | H40: =CurrentMtgRatesDataTable934[[#This Row],[Asof]] -> 201602 | I40: =CurrentMtgRatesDataTable934[[#This Row],[FHA %]] -> 0.71092911
B41: 201603 | C41: 3414802000 | D41: =VLOOKUP(CurrentMtgRatesDataTable934[[#This Row],[Asof]],'FNM FHL'!B:C,2,0)+VLOOKUP(CurrentMtgRatesDataTable934[[#This Row],[Asof]],'FNM FHL'!G:H,2,0) -> 903623669 | E41: =CurrentMtgRatesDataTable934[[#This Row],[FHA]]/(CurrentMtgRatesDataTable934[[#This Row],[FHA]]+CurrentMtgRatesDataTable934[[#This Row],[FHL+FNM]]) -> 0.7907516

Sheet FNM FHL
A2: FHL | B2: Asof | C2: Balance | F2: FNM | G2: Asof | H2: Balance
B3: 201301 | C3: 2713946673 | G3: 201301 | H3: 5.4642741e+09
B4: 201302 | C4: 3019401856 | G4: 201302 | H4: 5.6349286e+09
B5: 201303 | C5: 2738157234 | G5: 201303 | H5: 4.7310402e+09
B6: 201304 | C6: 2456192124 | G6: 201304 | H6: 5.0272704e+09
B7: 201305 | C7: 2412357591 | G7: 201305 | H7: 4.7703815e+09
B8: 201306 | C8: 2466431399 | G8: 201306 | H8: 4.6396141e+09
B9: 201307 | C9: 1922475854 | G9: 201307 | H9: 4.1872767e+09
B10: 201308 | C10: 1587127211 | G10: 201308 | H10: 3.3253553e+09
B11: 201309 | C11: 1155574664 | G11: 201309 | H11: 2.4606799e+09
B12: 201310 | C12: 775893134 | G12: 201310 | H12: 1.8059768e+09
B13: 201311 | C13: 745613800 | G13: 201311 | H13: 1.7191942e+09
B14: 201312 | C14: 815123439 | G14: 201312 | H14: 1.6252842e+09
... B41: 201603 | C41: 263241848 | G41: 201603 | H41: 640381821
G42: 201604 | H42: 28184199
